clip_id,split,prefix,T,binary,labels
v=qr7e5aqvNmQ__#00-06-10_00-07-19_label_B6-0-0,train,/home/aarf101/xd_official/i3d-features/RGB/v=qr7e5aqvNmQ__#00-06-10_00-07-19_label_B6-0-0,103,1,car_accident
v=ZQqg2i6BXEQ__#1_label_A,train,/home/aarf101/xd_official/i3d-features/RGB/v=ZQqg2i6BXEQ__#1_label_A,295,0,
Tropa.de.Elite.2.2010__#00-40-41_00-41-40_label_A,train,/home/aarf101/xd_official/i3d-features/RGB/Tropa.de.Elite.2.2010__#00-40-41_00-41-40_label_A,88,0,
Shoplifters.2018__#00-42-52_00-45-31_label_A,train,/home/aarf101/xd_official/i3d-features/RGB/Shoplifters.2018__#00-42-52_00-45-31_label_A,238,0,
Saving.Private.Ryan.1998__#02-34-36_02-34-57_label_B2-0-0,train,/home/aarf101/xd_official/i3d-features/RGB/Saving.Private.Ryan.1998__#02-34-36_02-34-57_label_B2-0-0,31,1,shooting
Law.Abiding.Citizen.2009__#01-27-40_01-27-59_label_G-0-0,train,/home/aarf101/xd_official/i3d-features/RGB/Law.Abiding.Citizen.2009__#01-27-40_01-27-59_label_G-0-0,28,1,explosion
v=KynxN8-XmDo__#1_label_A,train,/home/aarf101/xd_official/i3d-features/RGB/v=KynxN8-XmDo__#1_label_A,30,0,
v=v6ypmlg1Cr4__#1_label_A,train,/home/aarf101/xd_official/i3d-features/RGB/v=v6ypmlg1Cr4__#1_label_A,108,0,
Your.Name.2016__#00-36-52_00-41-00_label_A,train,/home/aarf101/xd_official/i3d-features/RGB/Your.Name.2016__#00-36-52_00-41-00_label_A,372,0,
v=nSGwiA89DYw__#00-01-00_00-02-45_label_B6-0-0,train,/home/aarf101/xd_official/i3d-features/RGB/v=nSGwiA89DYw__#00-01-00_00-02-45_label_B6-0-0,157,1,car_accident
v=D9BOTXFCpQA__#1_label_A,train,/home/aarf101/xd_official/i3d-features/RGB/v=D9BOTXFCpQA__#1_label_A,348,0,
Casino.Royale.2006__#01-26-36_01-31-36_label_A,train,/home/aarf101/xd_official/i3d-features/RGB/Casino.Royale.2006__#01-26-36_01-31-36_label_A,450,0,
v=JnCMUGnWVIg__#1_label_A,train,/home/aarf101/xd_official/i3d-features/RGB/v=JnCMUGnWVIg__#1_label_A,1807,0,
Taken.2.UNRATED.EXTENDED.2012__#00-03-15_00-03-45_label_B2-B5-0,train,/home/aarf101/xd_official/i3d-features/RGB/Taken.2.UNRATED.EXTENDED.2012__#00-03-15_00-03-45_label_B2-B5-0,45,1,shooting|abuse
v=n7WBshF9ihw__#1_label_G-0-0,train,/home/aarf101/xd_official/i3d-features/RGB/v=n7WBshF9ihw__#1_label_G-0-0,282,1,explosion
The.Bourne.Legacy.2012__#01-30-54_01-32-04_label_A,train,/home/aarf101/xd_official/i3d-features/RGB/The.Bourne.Legacy.2012__#01-30-54_01-32-04_label_A,105,0,
Fast.Furious.2009__#01-35-00_01-35-48_label_B2-B6-B1,train,/home/aarf101/xd_official/i3d-features/RGB/Fast.Furious.2009__#01-35-00_01-35-48_label_B2-B6-B1,72,1,shooting|car_accident|fighting
v=rzuRQ3F4bFE__#1_label_A,train,/home/aarf101/xd_official/i3d-features/RGB/v=rzuRQ3F4bFE__#1_label_A,303,0,
v=v7eS4xxD0ag__#1_label_B4-0-0,train,/home/aarf101/xd_official/i3d-features/RGB/v=v7eS4xxD0ag__#1_label_B4-0-0,92,1,riot
v=ZnFlL84K7HE__#00-00-00_00-09-22_label_B4-0-0,train,/home/aarf101/xd_official/i3d-features/RGB/v=ZnFlL84K7HE__#00-00-00_00-09-22_label_B4-0-0,843,1,riot
v=5fyaGMyzh-4__#1_label_B1-0-0,train,/home/aarf101/xd_official/i3d-features/RGB/v=5fyaGMyzh-4__#1_label_B1-0-0,326,1,fighting
v=K5UBRXOHTuM__#1_label_A,train,/home/aarf101/xd_official/i3d-features/RGB/v=K5UBRXOHTuM__#1_label_A,123,0,
A.Beautiful.Mind.2001__#01-46-20_01-48-10_label_A,train,/home/aarf101/xd_official/i3d-features/RGB/A.Beautiful.Mind.2001__#01-46-20_01-48-10_label_A,165,0,
The.Bourne.Legacy.2012__#0-00-43_0-01-40_label_A,train,/home/aarf101/xd_official/i3d-features/RGB/The.Bourne.Legacy.2012__#0-00-43_0-01-40_label_A,85,0,
v=Dn_SDu22WpM__#00-04-10_00-06-09_label_B6-0-0,train,/home/aarf101/xd_official/i3d-features/RGB/v=Dn_SDu22WpM__#00-04-10_00-06-09_label_B6-0-0,178,1,car_accident
v=dyZhs9pnL4M__#1_label_A,train,/home/aarf101/xd_official/i3d-features/RGB/v=dyZhs9pnL4M__#1_label_A,307,0,
v=w8WdogrgkAU__#1_label_A,train,/home/aarf101/xd_official/i3d-features/RGB/v=w8WdogrgkAU__#1_label_A,32,0,
Skyfall.2012__#00-07-24_00-07-46_label_B2-0-0,train,/home/aarf101/xd_official/i3d-features/RGB/Skyfall.2012__#00-07-24_00-07-46_label_B2-0-0,33,1,shooting
Kill.Bill.Vol.1.2003__#01-05-33_01-06-42_label_A,train,/home/aarf101/xd_official/i3d-features/RGB/Kill.Bill.Vol.1.2003__#01-05-33_01-06-42_label_A,103,0,
Deadpool.2016__#0-12-18_0-12-28_label_G-0-0,train,/home/aarf101/xd_official/i3d-features/RGB/Deadpool.2016__#0-12-18_0-12-28_label_G-0-0,15,1,explosion
Bullet.in.the.Head.1990__#00-45-00_00-46-20_label_B2-B1-0,train,/home/aarf101/xd_official/i3d-features/RGB/Bullet.in.the.Head.1990__#00-45-00_00-46-20_label_B2-B1-0,120,1,shooting|fighting
Shoot.Em.Up.2007__#01-03-21_01-04-29_label_A,train,/home/aarf101/xd_official/i3d-features/RGB/Shoot.Em.Up.2007__#01-03-21_01-04-29_label_A,102,0,
v=JmyqqQt19oE__#1_label_B4-0-0,train,/home/aarf101/xd_official/i3d-features/RGB/v=JmyqqQt19oE__#1_label_B4-0-0,11,1,riot
Taken.3.2014__#01-33-31_01-34-30_label_B2-0-0,train,/home/aarf101/xd_official/i3d-features/RGB/Taken.3.2014__#01-33-31_01-34-30_label_B2-0-0,88,1,shooting
v=gGlqujwrhbI__#00-15-00_00-18-00_label_A,train,/home/aarf101/xd_official/i3d-features/RGB/v=gGlqujwrhbI__#00-15-00_00-18-00_label_A,270,0,
Before.Sunrise.1995__#00-08-55_00-10-50_label_A,train,/home/aarf101/xd_official/i3d-features/RGB/Before.Sunrise.1995__#00-08-55_00-10-50_label_A,172,0,
One.Day.2011__#01-38-56_01-41-14_label_A,train,/home/aarf101/xd_official/i3d-features/RGB/One.Day.2011__#01-38-56_01-41-14_label_A,207,0,
Brick.Mansions.2014__#00-04-52_00-05-38_label_B1-0-0,train,/home/aarf101/xd_official/i3d-features/RGB/Brick.Mansions.2014__#00-04-52_00-05-38_label_B1-0-0,68,1,fighting
v=uBXprlsmd18__#00-08-35_00-10-25_label_B6-0-0,train,/home/aarf101/xd_official/i3d-features/RGB/v=uBXprlsmd18__#00-08-35_00-10-25_label_B6-0-0,165,1,car_accident
v=yoRRwQne5O0__#1_label_A,train,/home/aarf101/xd_official/i3d-features/RGB/v=yoRRwQne5O0__#1_label_A,68,0,
v=2CZ8fejXB7Y__#1_label_A,train,/home/aarf101/xd_official/i3d-features/RGB/v=2CZ8fejXB7Y__#1_label_A,255,0,
v=ll9dxM3KArA__#00-04-10_00-05-12_label_B6-0-0,train,/home/aarf101/xd_official/i3d-features/RGB/v=ll9dxM3KArA__#00-04-10_00-05-12_label_B6-0-0,93,1,car_accident
v=VRn8Tc02TbU__#00-27-00_00-30-00_label_A,train,/home/aarf101/xd_official/i3d-features/RGB/v=VRn8Tc02TbU__#00-27-00_00-30-00_label_A,270,0,
v=jH-mhZLuGRk__#1_label_G-0-0,train,/home/aarf101/xd_official/i3d-features/RGB/v=jH-mhZLuGRk__#1_label_G-0-0,103,1,explosion
Bad.Boys.1995__#00-42-10_00-45-45_label_A,train,/home/aarf101/xd_official/i3d-features/RGB/Bad.Boys.1995__#00-42-10_00-45-45_label_A,322,0,
v=hNVz9YbUeLA__#00-00-50_00-03-30_label_B1-0-0,train,/home/aarf101/xd_official/i3d-features/RGB/v=hNVz9YbUeLA__#00-00-50_00-03-30_label_B1-0-0,239,1,fighting
Ip.Man.2008__#00-19-02_00-20-14_label_B1-0-0,train,/home/aarf101/xd_official/i3d-features/RGB/Ip.Man.2008__#00-19-02_00-20-14_label_B1-0-0,108,1,fighting
v=tiSOop4VlSg__#1_label_A,train,/home/aarf101/xd_official/i3d-features/RGB/v=tiSOop4VlSg__#1_label_A,278,0,
v=usAvzbDq6-c__#00-15-00_00-18-00_label_A,train,/home/aarf101/xd_official/i3d-features/RGB/v=usAvzbDq6-c__#00-15-00_00-18-00_label_A,270,0,
v=17opHdt3xc8__#1_label_G-B2-0,train,/home/aarf101/xd_official/i3d-features/RGB/v=17opHdt3xc8__#1_label_G-B2-0,42,1,explosion|shooting
v=tAIy_2Fnz-Q__#1_label_A,train,/home/aarf101/xd_official/i3d-features/RGB/v=tAIy_2Fnz-Q__#1_label_A,299,0,
Brick.Mansions.2014__#00-47-11_00-48-52_label_B1-0-0,train,/home/aarf101/xd_official/i3d-features/RGB/Brick.Mansions.2014__#00-47-11_00-48-52_label_B1-0-0,151,1,fighting
Good.Will.Hunting.1997__#01-52-20_01-58-00_label_A,train,/home/aarf101/xd_official/i3d-features/RGB/Good.Will.Hunting.1997__#01-52-20_01-58-00_label_A,510,0,
Yellow.Sea.2010__#00-45-37_00-46-43_label_A,train,/home/aarf101/xd_official/i3d-features/RGB/Yellow.Sea.2010__#00-45-37_00-46-43_label_A,99,0,
Ip.Man.3.2015__#01-13-45_01-15-18_label_B1-0-0,train,/home/aarf101/xd_official/i3d-features/RGB/Ip.Man.3.2015__#01-13-45_01-15-18_label_B1-0-0,139,1,fighting
Braveheart.1995__#02-14-41_02-16-20_label_B1-0-0,train,/home/aarf101/xd_official/i3d-features/RGB/Braveheart.1995__#02-14-41_02-16-20_label_B1-0-0,148,1,fighting
Ip.Man.3.2015__#01-07-45_01-11-30_label_B1-0-0,train,/home/aarf101/xd_official/i3d-features/RGB/Ip.Man.3.2015__#01-07-45_01-11-30_label_B1-0-0,337,1,fighting
Kingsman.The.Golden.Circle.2017__#01-32-27_01-33-37_label_B2-G-0,train,/home/aarf101/xd_official/i3d-features/RGB/Kingsman.The.Golden.Circle.2017__#01-32-27_01-33-37_label_B2-G-0,105,1,shooting|explosion
v=0qCqt8jLPaE__#1_label_A,train,/home/aarf101/xd_official/i3d-features/RGB/v=0qCqt8jLPaE__#1_label_A,263,0,
v=_4iymcn--Cw__#1_label_G-0-0,train,/home/aarf101/xd_official/i3d-features/RGB/v=_4iymcn--Cw__#1_label_G-0-0,45,1,explosion
Ip.Man.2008__#01-34-52_01-39-12_label_B1-0-0,train,/home/aarf101/xd_official/i3d-features/RGB/Ip.Man.2008__#01-34-52_01-39-12_label_B1-0-0,390,1,fighting
Spectre.2015__#01-29-49_01-30-48_label_A,train,/home/aarf101/xd_official/i3d-features/RGB/Spectre.2015__#01-29-49_01-30-48_label_A,88,0,
v=nLAapCIlr-o__#00-13-00_00-14-09_label_B6-0-0,train,/home/aarf101/xd_official/i3d-features/RGB/v=nLAapCIlr-o__#00-13-00_00-14-09_label_B6-0-0,103,1,car_accident
Saving.Private.Ryan.1998__#02-13-16_02-13-45_label_B2-0-0,train,/home/aarf101/xd_official/i3d-features/RGB/Saving.Private.Ryan.1998__#02-13-16_02-13-45_label_B2-0-0,43,1,shooting
v=9eME1y6V-T4__#01-48-00_01-54-00_label_A,train,/home/aarf101/xd_official/i3d-features/RGB/v=9eME1y6V-T4__#01-48-00_01-54-00_label_A,540,0,
v=zzP5qr-ZxHY__#1_label_A,train,/home/aarf101/xd_official/i3d-features/RGB/v=zzP5qr-ZxHY__#1_label_A,551,0,
v=gR7Ca17_80o__#1_label_A,train,/home/aarf101/xd_official/i3d-features/RGB/v=gR7Ca17_80o__#1_label_A,347,0,
Yellow.Sea.2010__#01-16-45_01-17-43_label_B1-0-0,train,/home/aarf101/xd_official/i3d-features/RGB/Yellow.Sea.2010__#01-16-45_01-17-43_label_B1-0-0,87,1,fighting
Skyfall.2012__#02-04-00_02-05-10_label_G-0-0,train,/home/aarf101/xd_official/i3d-features/RGB/Skyfall.2012__#02-04-00_02-05-10_label_G-0-0,105,1,explosion
v=wvB4FN_lIHk__#1_label_A,train,/home/aarf101/xd_official/i3d-features/RGB/v=wvB4FN_lIHk__#1_label_A,256,0,
v=yYhonx-3HN8__#1_label_A,train,/home/aarf101/xd_official/i3d-features/RGB/v=yYhonx-3HN8__#1_label_A,853,0,
v=oHAl85RbS5w__#00-04-27_00-07-22_label_B4-0-0,train,/home/aarf101/xd_official/i3d-features/RGB/v=oHAl85RbS5w__#00-04-27_00-07-22_label_B4-0-0,262,1,riot
Still.Walking.2008__#01-39-05_01-46-40_label_A,train,/home/aarf101/xd_official/i3d-features/RGB/Still.Walking.2008__#01-39-05_01-46-40_label_A,682,0,
v=vqW0LEcTAYg__#1_label_G-0-0,train,/home/aarf101/xd_official/i3d-features/RGB/v=vqW0LEcTAYg__#1_label_G-0-0,182,1,explosion
v=6zgfkDulVxk__#1_label_A,train,/home/aarf101/xd_official/i3d-features/RGB/v=6zgfkDulVxk__#1_label_A,72,0,
v=fCnIw0aIYp4__#00-01-00_00-02-45_label_B6-0-0,train,/home/aarf101/xd_official/i3d-features/RGB/v=fCnIw0aIYp4__#00-01-00_00-02-45_label_B6-0-0,157,1,car_accident
v=tP19WuyY3IY__#00-09-00_00-10-09_label_B6-0-0,train,/home/aarf101/xd_official/i3d-features/RGB/v=tP19WuyY3IY__#00-09-00_00-10-09_label_B6-0-0,103,1,car_accident
The.Secret.Life.of.Walter.Mitty.2013__#00-33-52_00-36-00_label_A,train,/home/aarf101/xd_official/i3d-features/RGB/The.Secret.Life.of.Walter.Mitty.2013__#00-33-52_00-36-00_label_A,192,0,
Hot.Fuzz.2007__#01-33-10_01-38-50_label_B2-0-0,train,/home/aarf101/xd_official/i3d-features/RGB/Hot.Fuzz.2007__#01-33-10_01-38-50_label_B2-0-0,509,1,shooting
Yellow.Sea.2010__#01-11-03_01-11-56_label_B1-0-0,train,/home/aarf101/xd_official/i3d-features/RGB/Yellow.Sea.2010__#01-11-03_01-11-56_label_B1-0-0,79,1,fighting
Love.Actually.2003__#00-49-48_00-51-12_label_A,train,/home/aarf101/xd_official/i3d-features/RGB/Love.Actually.2003__#00-49-48_00-51-12_label_A,126,0,
The.Secret.Life.of.Walter.Mitty.2013__#01-36-20_01-40-08_label_A,train,/home/aarf101/xd_official/i3d-features/RGB/The.Secret.Life.of.Walter.Mitty.2013__#01-36-20_01-40-08_label_A,342,0,
Taken.Extended.Cut.2008__#01-21-11_01-21-35_label_B1-0-0,train,/home/aarf101/xd_official/i3d-features/RGB/Taken.Extended.Cut.2008__#01-21-11_01-21-35_label_B1-0-0,36,1,fighting
v=eNG0K73LqVM__#1_label_G-0-0,train,/home/aarf101/xd_official/i3d-features/RGB/v=eNG0K73LqVM__#1_label_G-0-0,177,1,explosion
IP.Man.2.2010__#01-16-59_01-17-19_label_A,train,/home/aarf101/xd_official/i3d-features/RGB/IP.Man.2.2010__#01-16-59_01-17-19_label_A,29,0,
v=q2SP66Jb6Cw__#00-24-00_00-30-00_label_A,train,/home/aarf101/xd_official/i3d-features/RGB/v=q2SP66Jb6Cw__#00-24-00_00-30-00_label_A,540,0,
v=_7WGxbsaeGs__#1_label_A,train,/home/aarf101/xd_official/i3d-features/RGB/v=_7WGxbsaeGs__#1_label_A,188,0,
v=9LiI6poe3QE__#1_label_A,train,/home/aarf101/xd_official/i3d-features/RGB/v=9LiI6poe3QE__#1_label_A,322,0,
v=bQCYElYTDYI__#1_label_A,train,/home/aarf101/xd_official/i3d-features/RGB/v=bQCYElYTDYI__#1_label_A,313,0,
v=Ryq_TqDsnSI__#1_label_A,train,/home/aarf101/xd_official/i3d-features/RGB/v=Ryq_TqDsnSI__#1_label_A,302,0,
v=C1ZCZ-PBGzI__#00-03-12_00-04-15_label_B6-0-0,train,/home/aarf101/xd_official/i3d-features/RGB/v=C1ZCZ-PBGzI__#00-03-12_00-04-15_label_B6-0-0,94,1,car_accident
v=EOAfl8yMiN8__#00-01-00_00-02-45_label_B6-0-0,train,/home/aarf101/xd_official/i3d-features/RGB/v=EOAfl8yMiN8__#00-01-00_00-02-45_label_B6-0-0,157,1,car_accident
v=5Tnl7_8RqlA__#00-01-00_00-02-45_label_B6-0-0,train,/home/aarf101/xd_official/i3d-features/RGB/v=5Tnl7_8RqlA__#00-01-00_00-02-45_label_B6-0-0,157,1,car_accident
v=KZLyc_Bc_N8__#1_label_A,train,/home/aarf101/xd_official/i3d-features/RGB/v=KZLyc_Bc_N8__#1_label_A,1515,0,
v=d42_ffkgAhw__#1_label_B4-0-0,train,/home/aarf101/xd_official/i3d-features/RGB/v=d42_ffkgAhw__#1_label_B4-0-0,287,1,riot
Brick.Mansions.2014__#00-58-05_00-58-57_label_B2-B1-0,train,/home/aarf101/xd_official/i3d-features/RGB/Brick.Mansions.2014__#00-58-05_00-58-57_label_B2-B1-0,77,1,shooting|fighting
v=r7VpkgBE270__#1_label_A,train,/home/aarf101/xd_official/i3d-features/RGB/v=r7VpkgBE270__#1_label_A,171,0,
Black.Hawk.Down.2001__#01-23-28_01-24-47_label_B4-0-0,train,/home/aarf101/xd_official/i3d-features/RGB/Black.Hawk.Down.2001__#01-23-28_01-24-47_label_B4-0-0,118,1,riot
v=kVl-6-A9ZO4__#00-01-00_00-02-45_label_B6-0-0,train,/home/aarf101/xd_official/i3d-features/RGB/v=kVl-6-A9ZO4__#00-01-00_00-02-45_label_B6-0-0,157,1,car_accident
v=CaoDCPDrQ18__#1_label_B4-0-0,train,/home/aarf101/xd_official/i3d-features/RGB/v=CaoDCPDrQ18__#1_label_B4-0-0,72,1,riot
v=fjlUZHwh858__#1_label_B4-0-0,train,/home/aarf101/xd_official/i3d-features/RGB/v=fjlUZHwh858__#1_label_B4-0-0,84,1,riot
v=fkps18H3SXY__#00-24-00_00-30-00_label_A,train,/home/aarf101/xd_official/i3d-features/RGB/v=fkps18H3SXY__#00-24-00_00-30-00_label_A,540,0,
v=iegHZ_UWWsA__#00-00-00_00-08-58_label_B4-0-0,train,/home/aarf101/xd_official/i3d-features/RGB/v=iegHZ_UWWsA__#00-00-00_00-08-58_label_B4-0-0,807,1,riot
Rush.Hour.1998.BluRay__#01-13-13_01-16-00_label_A,train,/home/aarf101/xd_official/i3d-features/RGB/Rush.Hour.1998.BluRay__#01-13-13_01-16-00_label_A,250,0,
v=enYITYwvPAQ__#00-03-00_00-06-00_label_A,train,/home/aarf101/xd_official/i3d-features/RGB/v=enYITYwvPAQ__#00-03-00_00-06-00_label_A,270,0,
Operation.Red.Sea.2018__#02-14-39_02-15-09_label_A,train,/home/aarf101/xd_official/i3d-features/RGB/Operation.Red.Sea.2018__#02-14-39_02-15-09_label_A,44,0,
v=9_wk5nlx3pg__#1_label_B4-0-0,train,/home/aarf101/xd_official/i3d-features/RGB/v=9_wk5nlx3pg__#1_label_B4-0-0,196,1,riot
The.Attorney.2013__#01-09-30_01-16-59_label_A,train,/home/aarf101/xd_official/i3d-features/RGB/The.Attorney.2013__#01-09-30_01-16-59_label_A,673,0,
v=pz_gOHgMgvA__#1_label_B1-0-0,train,/home/aarf101/xd_official/i3d-features/RGB/v=pz_gOHgMgvA__#1_label_B1-0-0,287,1,fighting
v=j0BG_GBOFTw__#1_label_G-0-0,train,/home/aarf101/xd_official/i3d-features/RGB/v=j0BG_GBOFTw__#1_label_G-0-0,85,1,explosion
The.Attorney.2013__#00-49-48_00-51-12_label_A,train,/home/aarf101/xd_official/i3d-features/RGB/The.Attorney.2013__#00-49-48_00-51-12_label_A,126,0,
v=GqMh_HBNWZE__#00-08-35_00-10-25_label_B6-0-0,train,/home/aarf101/xd_official/i3d-features/RGB/v=GqMh_HBNWZE__#00-08-35_00-10-25_label_B6-0-0,165,1,car_accident
v=i-7xMY-jkK4__#1_label_A,train,/home/aarf101/xd_official/i3d-features/RGB/v=i-7xMY-jkK4__#1_label_A,776,0,
Fast.Furious.2009__#00-13-50_00-14-04_label_B2-0-0,train,/home/aarf101/xd_official/i3d-features/RGB/Fast.Furious.2009__#00-13-50_00-14-04_label_B2-0-0,21,1,shooting
v=bY3PQdcFWh0__#1_label_A,train,/home/aarf101/xd_official/i3d-features/RGB/v=bY3PQdcFWh0__#1_label_A,123,0,
v=laEaWPqfT1k__#1_label_A,train,/home/aarf101/xd_official/i3d-features/RGB/v=laEaWPqfT1k__#1_label_A,603,0,
v=7PXpgxmogSc__#1_label_B4-0-0,train,/home/aarf101/xd_official/i3d-features/RGB/v=7PXpgxmogSc__#1_label_B4-0-0,123,1,riot
v=8tqeeBGjnPg__#00-01-52_00-03-10_label_B6-0-0,train,/home/aarf101/xd_official/i3d-features/RGB/v=8tqeeBGjnPg__#00-01-52_00-03-10_label_B6-0-0,117,1,car_accident
v=BBNhYOmEgy0__#1_label_G-0-0,train,/home/aarf101/xd_official/i3d-features/RGB/v=BBNhYOmEgy0__#1_label_G-0-0,345,1,explosion
Love.Actually.2003__#00-17-30_00-19-10_label_A,train,/home/aarf101/xd_official/i3d-features/RGB/Love.Actually.2003__#00-17-30_00-19-10_label_A,150,0,
v=AF9p0YA0hyA__#00-00-00_00-00-45_label_B4-0-0,train,/home/aarf101/xd_official/i3d-features/RGB/v=AF9p0YA0hyA__#00-00-00_00-00-45_label_B4-0-0,67,1,riot
Mission.Impossible.III.2006__#00-04-22_00-07-45_label_A,train,/home/aarf101/xd_official/i3d-features/RGB/Mission.Impossible.III.2006__#00-04-22_00-07-45_label_A,304,0,
v=dJRcXU8y4tw__#1_label_A,train,/home/aarf101/xd_official/i3d-features/RGB/v=dJRcXU8y4tw__#1_label_A,295,0,
Shoot.Em.Up.2007__#01-13-15_01-13-50_label_B1-0-0,train,/home/aarf101/xd_official/i3d-features/RGB/Shoot.Em.Up.2007__#01-13-15_01-13-50_label_B1-0-0,52,1,fighting
v=8J7jDfSBH0U__#1_label_A,train,/home/aarf101/xd_official/i3d-features/RGB/v=8J7jDfSBH0U__#1_label_A,256,0,
v=wXjRmA91RGo__#1_label_B1-0-0,train,/home/aarf101/xd_official/i3d-features/RGB/v=wXjRmA91RGo__#1_label_B1-0-0,333,1,fighting
About.Time.2013__#00-42-52_00-45-31_label_A,train,/home/aarf101/xd_official/i3d-features/RGB/About.Time.2013__#00-42-52_00-45-31_label_A,238,0,
Bad.Boys.II.2003__#01-27-09_01-28-25_label_B2-B6-0,train,/home/aarf101/xd_official/i3d-features/RGB/Bad.Boys.II.2003__#01-27-09_01-28-25_label_B2-B6-0,114,1,shooting|car_accident
Operation.Red.Sea.2018__#01-31-46_01-32-01_label_B2-0-0,train,/home/aarf101/xd_official/i3d-features/RGB/Operation.Red.Sea.2018__#01-31-46_01-32-01_label_B2-0-0,22,1,shooting
Skyfall.2012__#00-09-55_00-12-10_label_B1-B2-0,train,/home/aarf101/xd_official/i3d-features/RGB/Skyfall.2012__#00-09-55_00-12-10_label_B1-B2-0,202,1,fighting|shooting
Mission.Impossible.Fallout.2018__#01-02-09_01-02-49_label_B2-0-0,train,/home/aarf101/xd_official/i3d-features/RGB/Mission.Impossible.Fallout.2018__#01-02-09_01-02-49_label_B2-0-0,60,1,shooting
v=-88mOGutFXE__#1_label_A,train,/home/aarf101/xd_official/i3d-features/RGB/v=-88mOGutFXE__#1_label_A,99,0,
Tropa.de.Elite.2.2010__#01-35-00_01-36-11_label_B1-0-0,train,/home/aarf101/xd_official/i3d-features/RGB/Tropa.de.Elite.2.2010__#01-35-00_01-36-11_label_B1-0-0,106,1,fighting
v=9eME1y6V-T4__#00-12-00_00-18-00_label_A,train,/home/aarf101/xd_official/i3d-features/RGB/v=9eME1y6V-T4__#00-12-00_00-18-00_label_A,540,0,
v=yZ2wlTAN49g__#00-09-00_00-12-00_label_A,train,/home/aarf101/xd_official/i3d-features/RGB/v=yZ2wlTAN49g__#00-09-00_00-12-00_label_A,270,0,
Jason.Bourne.2016__#0-57-28_0-58-55_label_A,train,/home/aarf101/xd_official/i3d-features/RGB/Jason.Bourne.2016__#0-57-28_0-58-55_label_A,130,0,
v=ILNDWCLVnpw__#1_label_A,train,/home/aarf101/xd_official/i3d-features/RGB/v=ILNDWCLVnpw__#1_label_A,565,0,
Taken.2.UNRATED.EXTENDED.2012__#01-17-50_01-18-16_label_B2-0-0,train,/home/aarf101/xd_official/i3d-features/RGB/Taken.2.UNRATED.EXTENDED.2012__#01-17-50_01-18-16_label_B2-0-0,39,1,shooting
v=DRGMajXo_PI__#00-04-04_00-04-16_label_G-0-0,train,/home/aarf101/xd_official/i3d-features/RGB/v=DRGMajXo_PI__#00-04-04_00-04-16_label_G-0-0,18,1,explosion
About.Time.2013__#00-45-40_00-47-30_label_A,train,/home/aarf101/xd_official/i3d-features/RGB/About.Time.2013__#00-45-40_00-47-30_label_A,165,0,
v=GRX7iW4Jqcs__#1_label_A,train,/home/aarf101/xd_official/i3d-features/RGB/v=GRX7iW4Jqcs__#1_label_A,2428,0,
v=p2ggHwtb-Zg__#00-18-00_00-21-00_label_A,train,/home/aarf101/xd_official/i3d-features/RGB/v=p2ggHwtb-Zg__#00-18-00_00-21-00_label_A,270,0,
The.Attorney.2013__#00-56-40_01-01-02_label_A,train,/home/aarf101/xd_official/i3d-features/RGB/The.Attorney.2013__#00-56-40_01-01-02_label_A,393,0,
v=2ncA53czMOg__#00-03-55_00-05-41_label_B4-0-0,train,/home/aarf101/xd_official/i3d-features/RGB/v=2ncA53czMOg__#00-03-55_00-05-41_label_B4-0-0,159,1,riot
Fast.Furious.6.2013__#00-41-00_00-41-40_label_B1-0-0,train,/home/aarf101/xd_official/i3d-features/RGB/Fast.Furious.6.2013__#00-41-00_00-41-40_label_B1-0-0,60,1,fighting
City.of.God.2002__#00-55-06_00-56-12_label_A,train,/home/aarf101/xd_official/i3d-features/RGB/City.of.God.2002__#00-55-06_00-56-12_label_A,99,0,
Fury.2014__#01-17-16_01-18-40_label_A,train,/home/aarf101/xd_official/i3d-features/RGB/Fury.2014__#01-17-16_01-18-40_label_A,125,0,
v=5Rh7DIBWKBk__#00-04-00_00-05-47_label_B6-0-0,train,/home/aarf101/xd_official/i3d-features/RGB/v=5Rh7DIBWKBk__#00-04-00_00-05-47_label_B6-0-0,160,1,car_accident
v=NXRLOf-zp2s__#1_label_A,train,/home/aarf101/xd_official/i3d-features/RGB/v=NXRLOf-zp2s__#1_label_A,1034,0,
Still.Walking.2008__#00-33-52_00-38-31_label_A,train,/home/aarf101/xd_official/i3d-features/RGB/Still.Walking.2008__#00-33-52_00-38-31_label_A,418,0,
v=5gCHS7CsjsE__#1_label_B4-0-0,train,/home/aarf101/xd_official/i3d-features/RGB/v=5gCHS7CsjsE__#1_label_B4-0-0,6409,1,riot
v=nIU1Uky7--A__#1_label_B6-0-0,train,/home/aarf101/xd_official/i3d-features/RGB/v=nIU1Uky7--A__#1_label_B6-0-0,981,1,car_accident
v=F-FNZyVzoJA__#1_label_A,train,/home/aarf101/xd_official/i3d-features/RGB/v=F-FNZyVzoJA__#1_label_A,30,0,
v=DD3jfKr8e-k__#00-04-27_00-07-08_label_B4-0-0,train,/home/aarf101/xd_official/i3d-features/RGB/v=DD3jfKr8e-k__#00-04-27_00-07-08_label_B4-0-0,241,1,riot
Jason.Bourne.2016__#0-02-40_0-04-00_label_B1-0-0,train,/home/aarf101/xd_official/i3d-features/RGB/Jason.Bourne.2016__#0-02-40_0-04-00_label_B1-0-0,120,1,fighting
v=-hBdgexQk6k__#1_label_G-0-0,train,/home/aarf101/xd_official/i3d-features/RGB/v=-hBdgexQk6k__#1_label_G-0-0,58,1,explosion
v=Ia9ATKNeUbY__#00-03-12_00-04-15_label_B6-0-0,train,/home/aarf101/xd_official/i3d-features/RGB/v=Ia9ATKNeUbY__#00-03-12_00-04-15_label_B6-0-0,94,1,car_accident
v=gqZcOX9Ay_o__#1_label_A,train,/home/aarf101/xd_official/i3d-features/RGB/v=gqZcOX9Ay_o__#1_label_A,290,0,
God.Bless.America.2011__#00-20-55_00-22-32_label_A,train,/home/aarf101/xd_official/i3d-features/RGB/God.Bless.America.2011__#00-20-55_00-22-32_label_A,145,0,
v=ZyWlEWx6WsY__#1_label_A,train,/home/aarf101/xd_official/i3d-features/RGB/v=ZyWlEWx6WsY__#1_label_A,878,0,
v=JvHGTMhzmnw__#1_label_A,train,/home/aarf101/xd_official/i3d-features/RGB/v=JvHGTMhzmnw__#1_label_A,183,0,
v=zEplj_Ap7H0__#1_label_B1-0-0,train,/home/aarf101/xd_official/i3d-features/RGB/v=zEplj_Ap7H0__#1_label_B1-0-0,103,1,fighting
v=G5ygIuxmfmE__#1_label_B1-0-0,train,/home/aarf101/xd_official/i3d-features/RGB/v=G5ygIuxmfmE__#1_label_B1-0-0,89,1,fighting
Gladiator.2000__#01-13-12_01-15-48_label_A,train,/home/aarf101/xd_official/i3d-features/RGB/Gladiator.2000__#01-13-12_01-15-48_label_A,234,0,
v=uBXprlsmd18__#00-13-00_00-14-09_label_B6-0-0,train,/home/aarf101/xd_official/i3d-features/RGB/v=uBXprlsmd18__#00-13-00_00-14-09_label_B6-0-0,103,1,car_accident
v=5BBoVfKOyeM__#00-03-02_00-03-52_label_B6-0-0,train,/home/aarf101/xd_official/i3d-features/RGB/v=5BBoVfKOyeM__#00-03-02_00-03-52_label_B6-0-0,75,1,car_accident
Ip.Man.2008__#00-24-28_00-25-21_label_A,train,/home/aarf101/xd_official/i3d-features/RGB/Ip.Man.2008__#00-24-28_00-25-21_label_A,79,0,
Taken.3.2014__#00-47-50_00-48-22_label_B2-0-0,train,/home/aarf101/xd_official/i3d-features/RGB/Taken.3.2014__#00-47-50_00-48-22_label_B2-0-0,48,1,shooting
v=usAvzbDq6-c__#00-00-00_00-03-00_label_A,train,/home/aarf101/xd_official/i3d-features/RGB/v=usAvzbDq6-c__#00-00-00_00-03-00_label_A,270,0,
Be.with.You.2018__#00-03-00_00-04-05_label_A,train,/home/aarf101/xd_official/i3d-features/RGB/Be.with.You.2018__#00-03-00_00-04-05_label_A,97,0,
Mindhunters.2004__#01-27-20_01-28-30_label_B1-0-0,train,/home/aarf101/xd_official/i3d-features/RGB/Mindhunters.2004__#01-27-20_01-28-30_label_B1-0-0,105,1,fighting
Rush.Hour.3.2007.BluRay__#00-25-05_00-25-25_label_G-0-0,train,/home/aarf101/xd_official/i3d-features/RGB/Rush.Hour.3.2007.BluRay__#00-25-05_00-25-25_label_G-0-0,30,1,explosion
v=jAvOGTD7_pU__#00-09-00_00-12-00_label_A,train,/home/aarf101/xd_official/i3d-features/RGB/v=jAvOGTD7_pU__#00-09-00_00-12-00_label_A,270,0,
Mission.Impossible.II.2000__#01-56-14_01-58-10_label_A,train,/home/aarf101/xd_official/i3d-features/RGB/Mission.Impossible.II.2000__#01-56-14_01-58-10_label_A,174,0,
A.Beautiful.Mind.2001__#00-01-45_00-02-50_label_A,train,/home/aarf101/xd_official/i3d-features/RGB/A.Beautiful.Mind.2001__#00-01-45_00-02-50_label_A,97,0,
v=wYGOmRmZbPs__#1_label_A,train,/home/aarf101/xd_official/i3d-features/RGB/v=wYGOmRmZbPs__#1_label_A,251,0,
v=vhACO_m5pH0__#00-05-20_00-06-40_label_B6-0-0,train,/home/aarf101/xd_official/i3d-features/RGB/v=vhACO_m5pH0__#00-05-20_00-06-40_label_B6-0-0,120,1,car_accident
Love.Actually.2003__#00-43-52_00-45-31_label_A,train,/home/aarf101/xd_official/i3d-features/RGB/Love.Actually.2003__#00-43-52_00-45-31_label_A,148,0,
v=k7R_Qo-BiAw__#00-04-10_00-06-09_label_B6-0-0,train,/home/aarf101/xd_official/i3d-features/RGB/v=k7R_Qo-BiAw__#00-04-10_00-06-09_label_B6-0-0,178,1,car_accident
v=r2ihCkSMsf8__#1_label_B4-0-0,train,/home/aarf101/xd_official/i3d-features/RGB/v=r2ihCkSMsf8__#1_label_B4-0-0,120,1,riot
v=Kj5E1_syxU4__#1_label_A,train,/home/aarf101/xd_official/i3d-features/RGB/v=Kj5E1_syxU4__#1_label_A,221,0,
Sin.City.2005__#01-56-49_01-57-35_label_A,train,/home/aarf101/xd_official/i3d-features/RGB/Sin.City.2005__#01-56-49_01-57-35_label_A,68,0,
v=Y43UkfAe_bc__#00-02-27_00-04-28_label_B4-0-0,train,/home/aarf101/xd_official/i3d-features/RGB/v=Y43UkfAe_bc__#00-02-27_00-04-28_label_B4-0-0,181,1,riot
v=siMuLFQ7DSY__#1_label_A,train,/home/aarf101/xd_official/i3d-features/RGB/v=siMuLFQ7DSY__#1_label_A,178,0,
v=fX6ufOe4oD0__#1_label_A,train,/home/aarf101/xd_official/i3d-features/RGB/v=fX6ufOe4oD0__#1_label_A,197,0,
v=FfrXebzAwOg__#00-01-00_00-02-45_label_B6-0-0,train,/home/aarf101/xd_official/i3d-features/RGB/v=FfrXebzAwOg__#00-01-00_00-02-45_label_B6-0-0,157,1,car_accident
v=ZHo1JkQSoeg__#1_label_B4-0-0,train,/home/aarf101/xd_official/i3d-features/RGB/v=ZHo1JkQSoeg__#1_label_B4-0-0,112,1,riot
v=jYENhkzdpO8__#00-01-32_00-03-27_label_B6-0-0,train,/home/aarf101/xd_official/i3d-features/RGB/v=jYENhkzdpO8__#00-01-32_00-03-27_label_B6-0-0,172,1,car_accident
Your.Name.2016__#00-01-45_00-02-44_label_A,train,/home/aarf101/xd_official/i3d-features/RGB/Your.Name.2016__#00-01-45_00-02-44_label_A,88,0,
v=fkps18H3SXY__#01-24-00_01-30-00_label_A,train,/home/aarf101/xd_official/i3d-features/RGB/v=fkps18H3SXY__#01-24-00_01-30-00_label_A,540,0,
Tropa.de.Elite.2.2010__#00-49-00_00-50-20_label_A,train,/home/aarf101/xd_official/i3d-features/RGB/Tropa.de.Elite.2.2010__#00-49-00_00-50-20_label_A,120,0,
Mission.Impossible.V.Rogue.Nation.2015__#02-01-35_02-04-40_label_A,train,/home/aarf101/xd_official/i3d-features/RGB/Mission.Impossible.V.Rogue.Nation.2015__#02-01-35_02-04-40_label_A,277,0,
v=hjSknAf3QdI__#1_label_A,train,/home/aarf101/xd_official/i3d-features/RGB/v=hjSknAf3QdI__#1_label_A,2616,0,
v=NM2Ay_VvOEE__#1_label_A,train,/home/aarf101/xd_official/i3d-features/RGB/v=NM2Ay_VvOEE__#1_label_A,1732,0,
Love.Death.and.Robots.S01E02__#00-00-59_00-01-37_label_A,train,/home/aarf101/xd_official/i3d-features/RGB/Love.Death.and.Robots.S01E02__#00-00-59_00-01-37_label_A,56,0,
v=lRdi-WZHxUs__#1_label_B4-0-0,train,/home/aarf101/xd_official/i3d-features/RGB/v=lRdi-WZHxUs__#1_label_B4-0-0,79,1,riot
Hear.Me.2009__#01-30-25_01-33-56_label_A,train,/home/aarf101/xd_official/i3d-features/RGB/Hear.Me.2009__#01-30-25_01-33-56_label_A,316,0,
Fast.Furious.2009__#01-15-20_01-17-50_label_A,train,/home/aarf101/xd_official/i3d-features/RGB/Fast.Furious.2009__#01-15-20_01-17-50_label_A,225,0,
The.Pursuit.of.Happyness.2006__#00-11-00_00-15-08_label_A,train,/home/aarf101/xd_official/i3d-features/RGB/The.Pursuit.of.Happyness.2006__#00-11-00_00-15-08_label_A,372,0,
v=tQHR4Qrj6fM__#1_label_A,train,/home/aarf101/xd_official/i3d-features/RGB/v=tQHR4Qrj6fM__#1_label_A,45,0,
Yellow.Sea.2010__#01-20-00_01-20-50_label_B1-0-0,train,/home/aarf101/xd_official/i3d-features/RGB/Yellow.Sea.2010__#01-20-00_01-20-50_label_B1-0-0,74,1,fighting
v=qmsQ-obL1Z4__#00-21-52_00-25-35_label_B6-0-0,train,/home/aarf101/xd_official/i3d-features/RGB/v=qmsQ-obL1Z4__#00-21-52_00-25-35_label_B6-0-0,334,1,car_accident
Jason.Bourne.2016__#0-30-38_0-31-45_label_B4-0-0,train,/home/aarf101/xd_official/i3d-features/RGB/Jason.Bourne.2016__#0-30-38_0-31-45_label_B4-0-0,100,1,riot
v=OkKRRBtGrow__#1_label_A,train,/home/aarf101/xd_official/i3d-features/RGB/v=OkKRRBtGrow__#1_label_A,1759,0,
Deadpool.2.2018__#0-04-03_0-04-45_label_B1-B2-0,train,/home/aarf101/xd_official/i3d-features/RGB/Deadpool.2.2018__#0-04-03_0-04-45_label_B1-B2-0,63,1,fighting|shooting
Taken.3.2014__#00-45-20_00-46-00_label_B6-0-0,train,/home/aarf101/xd_official/i3d-features/RGB/Taken.3.2014__#00-45-20_00-46-00_label_B6-0-0,60,1,car_accident
Death.Proof.2007__#00-13-52_00-16-22_label_A,train,/home/aarf101/xd_official/i3d-features/RGB/Death.Proof.2007__#00-13-52_00-16-22_label_A,225,0,
v=idykp_5eT-4__#1_label_A,train,/home/aarf101/xd_official/i3d-features/RGB/v=idykp_5eT-4__#1_label_A,178,0,
v=pFamvR9CpYw__#00-45-20_00-55-20_label_B4-0-0,train,/home/aarf101/xd_official/i3d-features/RGB/v=pFamvR9CpYw__#00-45-20_00-55-20_label_B4-0-0,900,1,riot
Shoplifters.2018__#01-01-18_01-03-10_label_A,train,/home/aarf101/xd_official/i3d-features/RGB/Shoplifters.2018__#01-01-18_01-03-10_label_A,168,0,
v=DRGMajXo_PI__#00-00-00_00-01-15_label_G-0-0,train,/home/aarf101/xd_official/i3d-features/RGB/v=DRGMajXo_PI__#00-00-00_00-01-15_label_G-0-0,112,1,explosion
v=nLAapCIlr-o__#00-03-00_00-04-09_label_B6-0-0,train,/home/aarf101/xd_official/i3d-features/RGB/v=nLAapCIlr-o__#00-03-00_00-04-09_label_B6-0-0,103,1,car_accident
Kill.Bill.Vol.2.2004__#01-41-55_01-42-37_label_B2-0-0,train,/home/aarf101/xd_official/i3d-features/RGB/Kill.Bill.Vol.2.2004__#01-41-55_01-42-37_label_B2-0-0,63,1,shooting
Deadpool.2016__#01-01-44_01-01-54_label_B1-0-0,train,/home/aarf101/xd_official/i3d-features/RGB/Deadpool.2016__#01-01-44_01-01-54_label_B1-0-0,15,1,fighting
v=eXjd7GkHKfU__#00-00-00_00-01-58_label_B4-0-0,train,/home/aarf101/xd_official/i3d-features/RGB/v=eXjd7GkHKfU__#00-00-00_00-01-58_label_B4-0-0,177,1,riot
v=ZC0rczrqn5s__#00-04-57_00-08-06_label_B4-0-0,train,/home/aarf101/xd_official/i3d-features/RGB/v=ZC0rczrqn5s__#00-04-57_00-08-06_label_B4-0-0,283,1,riot
v=LZAehXzjG0w__#1_label_B1-0-0,train,/home/aarf101/xd_official/i3d-features/RGB/v=LZAehXzjG0w__#1_label_B1-0-0,141,1,fighting
v=eAgqJnO3kr8__#00-18-00_00-24-00_label_A,train,/home/aarf101/xd_official/i3d-features/RGB/v=eAgqJnO3kr8__#00-18-00_00-24-00_label_A,540,0,
v=dHfQYGGUS4U__#1_label_G-0-0,train,/home/aarf101/xd_official/i3d-features/RGB/v=dHfQYGGUS4U__#1_label_G-0-0,1739,1,explosion
v=u5SF4SlqNDQ__#00-09-20_00-10-28_label_G-0-0,train,/home/aarf101/xd_official/i3d-features/RGB/v=u5SF4SlqNDQ__#00-09-20_00-10-28_label_G-0-0,102,1,explosion
Mission.Impossible.Fallout.2018__#02-10-20_02-11-24_label_B1-0-0,train,/home/aarf101/xd_official/i3d-features/RGB/Mission.Impossible.Fallout.2018__#02-10-20_02-11-24_label_B1-0-0,96,1,fighting
v=vhACO_m5pH0__#00-07-55_00-08-40_label_B6-0-0,train,/home/aarf101/xd_official/i3d-features/RGB/v=vhACO_m5pH0__#00-07-55_00-08-40_label_B6-0-0,67,1,car_accident
v=CFfc4UWzVB8__#00-00-30_00-03-39_label_B4-0-0,train,/home/aarf101/xd_official/i3d-features/RGB/v=CFfc4UWzVB8__#00-00-30_00-03-39_label_B4-0-0,283,1,riot
The.Pursuit.of.Happyness.2006__#01-21-00_01-26-08_label_A,train,/home/aarf101/xd_official/i3d-features/RGB/The.Pursuit.of.Happyness.2006__#01-21-00_01-26-08_label_A,462,0,
v=FRj2K0ulD8Q__#00-02-06_00-04-16_label_B4-0-0,train,/home/aarf101/xd_official/i3d-features/RGB/v=FRj2K0ulD8Q__#00-02-06_00-04-16_label_B4-0-0,195,1,riot
wangted.2008__#0-49-52_0-50-47_label_B1-B5-0,train,/home/aarf101/xd_official/i3d-features/RGB/wangted.2008__#0-49-52_0-50-47_label_B1-B5-0,82,1,fighting|abuse
v=enYITYwvPAQ__#00-15-00_00-18-00_label_A,train,/home/aarf101/xd_official/i3d-features/RGB/v=enYITYwvPAQ__#00-15-00_00-18-00_label_A,270,0,
Bad.Boys.II.2003__#00-56-45_00-58-40_label_A,train,/home/aarf101/xd_official/i3d-features/RGB/Bad.Boys.II.2003__#00-56-45_00-58-40_label_A,172,0,
Salt.2010__#00-51-40_00-52-10_label_G-0-0,train,/home/aarf101/xd_official/i3d-features/RGB/Salt.2010__#00-51-40_00-52-10_label_G-0-0,45,1,explosion
GoldenEye.1995__#00-35-26_00-35-44_label_B2-0-0,train,/home/aarf101/xd_official/i3d-features/RGB/GoldenEye.1995__#00-35-26_00-35-44_label_B2-0-0,27,1,shooting
Deadpool.2016__#0-17-08_0-17-52_label_A,train,/home/aarf101/xd_official/i3d-features/RGB/Deadpool.2016__#0-17-08_0-17-52_label_A,66,0,
The.Attorney.2013__#00-16-18_00-17-27_label_A,train,/home/aarf101/xd_official/i3d-features/RGB/The.Attorney.2013__#00-16-18_00-17-27_label_A,103,0,
Saving.Private.Ryan.1998__#00-05-56_00-09-23_label_B2-G-0,train,/home/aarf101/xd_official/i3d-features/RGB/Saving.Private.Ryan.1998__#00-05-56_00-09-23_label_B2-G-0,310,1,shooting|explosion
v=uZFNy8vXEVM__#1_label_G-0-0,train,/home/aarf101/xd_official/i3d-features/RGB/v=uZFNy8vXEVM__#1_label_G-0-0,105,1,explosion
v=-22tna7KHzI__#1_label_G-0-0,train,/home/aarf101/xd_official/i3d-features/RGB/v=-22tna7KHzI__#1_label_G-0-0,56,1,explosion
v=BXR3d22BhHs__#00-12-00_00-13-50_label_B4-0-0,train,/home/aarf101/xd_official/i3d-features/RGB/v=BXR3d22BhHs__#00-12-00_00-13-50_label_B4-0-0,165,1,riot
Bad.Boys.II.2003__#00-27-29_00-30-13_label_B6-B2-0,train,/home/aarf101/xd_official/i3d-features/RGB/Bad.Boys.II.2003__#00-27-29_00-30-13_label_B6-B2-0,246,1,car_accident|shooting
v=kstMovRph7o__#1_label_B4-0-0,train,/home/aarf101/xd_official/i3d-features/RGB/v=kstMovRph7o__#1_label_B4-0-0,175,1,riot
GoldenEye.1995__#00-52-42_00-52-59_label_G-0-0,train,/home/aarf101/xd_official/i3d-features/RGB/GoldenEye.1995__#00-52-42_00-52-59_label_G-0-0,25,1,explosion
v=gGlqujwrhbI__#00-00-00_00-03-00_label_A,train,/home/aarf101/xd_official/i3d-features/RGB/v=gGlqujwrhbI__#00-00-00_00-03-00_label_A,270,0,
v=EFwhDzC7Ec4__#1_label_A,train,/home/aarf101/xd_official/i3d-features/RGB/v=EFwhDzC7Ec4__#1_label_A,327,0,
v=CDcRpCHfRgs__#1_label_B4-0-0,train,/home/aarf101/xd_official/i3d-features/RGB/v=CDcRpCHfRgs__#1_label_B4-0-0,161,1,riot
Taken.Extended.Cut.2008__#01-19-26_01-19-39_label_B1-0-0,train,/home/aarf101/xd_official/i3d-features/RGB/Taken.Extended.Cut.2008__#01-19-26_01-19-39_label_B1-0-0,19,1,fighting
v=8VPI7etQP1U__#1_label_A,train,/home/aarf101/xd_official/i3d-features/RGB/v=8VPI7etQP1U__#1_label_A,269,0,
Fury.2014__#00-57-48_00-58-12_label_B2-G-0,train,/home/aarf101/xd_official/i3d-features/RGB/Fury.2014__#00-57-48_00-58-12_label_B2-G-0,36,1,shooting|explosion
About.Time.2013__#01-47-40_01-49-53_label_A,train,/home/aarf101/xd_official/i3d-features/RGB/About.Time.2013__#01-47-40_01-49-53_label_A,199,0,
v=8teJmzR7Z18__#1_label_A,train,/home/aarf101/xd_official/i3d-features/RGB/v=8teJmzR7Z18__#1_label_A,21,0,
v=MyM5G7fo7Gg__#00-12-00_00-15-00_label_A,train,/home/aarf101/xd_official/i3d-features/RGB/v=MyM5G7fo7Gg__#00-12-00_00-15-00_label_A,270,0,
v=akwfA0V0jG8__#1_label_B1-0-0,train,/home/aarf101/xd_official/i3d-features/RGB/v=akwfA0V0jG8__#1_label_B1-0-0,86,1,fighting
Still.Walking.2008__#00-40-52_00-42-31_label_A,train,/home/aarf101/xd_official/i3d-features/RGB/Still.Walking.2008__#00-40-52_00-42-31_label_A,148,0,
Black.Hawk.Down.2001__#00-44-05_00-44-40_label_B2-0-0,train,/home/aarf101/xd_official/i3d-features/RGB/Black.Hawk.Down.2001__#00-44-05_00-44-40_label_B2-0-0,52,1,shooting
v=ZU97p2miRO0__#1_label_A,train,/home/aarf101/xd_official/i3d-features/RGB/v=ZU97p2miRO0__#1_label_A,332,0,
v=xTJcASRxbfI__#1_label_A,train,/home/aarf101/xd_official/i3d-features/RGB/v=xTJcASRxbfI__#1_label_A,2013,0,
Braveheart.1995__#01-06-20_01-09-20_label_A,train,/home/aarf101/xd_official/i3d-features/RGB/Braveheart.1995__#01-06-20_01-09-20_label_A,270,0,
Good.Will.Hunting.1997__#00-05-52_00-08-22_label_A,train,/home/aarf101/xd_official/i3d-features/RGB/Good.Will.Hunting.1997__#00-05-52_00-08-22_label_A,225,0,
Spectre.2015__#01-57-09_01-57-40_label_G-0-0,train,/home/aarf101/xd_official/i3d-features/RGB/Spectre.2015__#01-57-09_01-57-40_label_G-0-0,46,1,explosion
Still.Walking.2008__#00-42-52_00-45-31_label_A,train,/home/aarf101/xd_official/i3d-features/RGB/Still.Walking.2008__#00-42-52_00-45-31_label_A,238,0,
Mission.Impossible.II.2000__#01-16-58_01-17-24_label_G-0-0,train,/home/aarf101/xd_official/i3d-features/RGB/Mission.Impossible.II.2000__#01-16-58_01-17-24_label_G-0-0,39,1,explosion
v=Yr41_8QOTF8__#00-12-00_00-15-00_label_A,train,/home/aarf101/xd_official/i3d-features/RGB/v=Yr41_8QOTF8__#00-12-00_00-15-00_label_A,270,0,
Shoplifters.2018__#01-30-25_01-33-56_label_A,train,/home/aarf101/xd_official/i3d-features/RGB/Shoplifters.2018__#01-30-25_01-33-56_label_A,316,0,
v=Wc55h6-lhJ0__#1_label_A,train,/home/aarf101/xd_official/i3d-features/RGB/v=Wc55h6-lhJ0__#1_label_A,1478,0,
Love.Actually.2003__#00-56-40_01-02-02_label_A,train,/home/aarf101/xd_official/i3d-features/RGB/Love.Actually.2003__#00-56-40_01-02-02_label_A,483,0,
Still.Walking.2008__#01-47-40_01-49-53_label_A,train,/home/aarf101/xd_official/i3d-features/RGB/Still.Walking.2008__#01-47-40_01-49-53_label_A,199,0,
The.Intouchables.2011__#00-56-40_00-58-00_label_A,train,/home/aarf101/xd_official/i3d-features/RGB/The.Intouchables.2011__#00-56-40_00-58-00_label_A,120,0,
v=e3LsF4GrfD8__#1_label_B4-0-0,train,/home/aarf101/xd_official/i3d-features/RGB/v=e3LsF4GrfD8__#1_label_B4-0-0,304,1,riot
v=vFPQ_NiDBIU__#00-54-00_01-00-00_label_A,train,/home/aarf101/xd_official/i3d-features/RGB/v=vFPQ_NiDBIU__#00-54-00_01-00-00_label_A,539,0,
The.World.Is.Not.Enough.1999__#00-56-40_00-56-51_label_G-0-0,train,/home/aarf101/xd_official/i3d-features/RGB/The.World.Is.Not.Enough.1999__#00-56-40_00-56-51_label_G-0-0,16,1,explosion
v=aJBgFvbod2I__#1_label_A,train,/home/aarf101/xd_official/i3d-features/RGB/v=aJBgFvbod2I__#1_label_A,290,0,
v=ad1blksyhyM__#1_label_B1-0-0,train,/home/aarf101/xd_official/i3d-features/RGB/v=ad1blksyhyM__#1_label_B1-0-0,165,1,fighting
Still.Walking.2008__#00-02-45_00-04-15_label_A,train,/home/aarf101/xd_official/i3d-features/RGB/Still.Walking.2008__#00-02-45_00-04-15_label_A,135,0,
v=PDmtsYaAOr8__#1_label_B1-0-0,train,/home/aarf101/xd_official/i3d-features/RGB/v=PDmtsYaAOr8__#1_label_B1-0-0,82,1,fighting
v=gGlqujwrhbI__#00-18-00_00-19-18_label_A,train,/home/aarf101/xd_official/i3d-features/RGB/v=gGlqujwrhbI__#00-18-00_00-19-18_label_A,117,0,
v=idBwMN0E9Qg__#00-05-30_00-10-39_label_B4-0-0,train,/home/aarf101/xd_official/i3d-features/RGB/v=idBwMN0E9Qg__#00-05-30_00-10-39_label_B4-0-0,463,1,riot
Deadpool.2016__#01-00-11_01-00-24_label_B1-0-0,train,/home/aarf101/xd_official/i3d-features/RGB/Deadpool.2016__#01-00-11_01-00-24_label_B1-0-0,19,1,fighting
v=MhBbF4A_gBI__#1_label_G-0-0,train,/home/aarf101/xd_official/i3d-features/RGB/v=MhBbF4A_gBI__#1_label_G-0-0,563,1,explosion
Desperado.1995__#00-12-36_00-14-51_label_A,train,/home/aarf101/xd_official/i3d-features/RGB/Desperado.1995__#00-12-36_00-14-51_label_A,202,0,
Fast.Furious.2009__#00-26-32_00-29-20_label_A,train,/home/aarf101/xd_official/i3d-features/RGB/Fast.Furious.2009__#00-26-32_00-29-20_label_A,251,0,
v=nC2izmw0I9c__#1_label_A,train,/home/aarf101/xd_official/i3d-features/RGB/v=nC2izmw0I9c__#1_label_A,275,0,
v=Yr41_8QOTF8__#00-30-00_00-33-00_label_A,train,/home/aarf101/xd_official/i3d-features/RGB/v=Yr41_8QOTF8__#00-30-00_00-33-00_label_A,269,0,
v=IZCzbslH8jo__#1_label_A,train,/home/aarf101/xd_official/i3d-features/RGB/v=IZCzbslH8jo__#1_label_A,244,0,
v=takORXhqS_o__#1_label_B4-0-0,train,/home/aarf101/xd_official/i3d-features/RGB/v=takORXhqS_o__#1_label_B4-0-0,140,1,riot
Mission.Impossible.V.Rogue.Nation.2015__#00-29-46_00-31-00_label_A,train,/home/aarf101/xd_official/i3d-features/RGB/Mission.Impossible.V.Rogue.Nation.2015__#00-29-46_00-31-00_label_A,111,0,
The.Attorney.2013__#00-23-50_00-24-31_label_A,train,/home/aarf101/xd_official/i3d-features/RGB/The.Attorney.2013__#00-23-50_00-24-31_label_A,61,0,
Taken.Extended.Cut.2008__#01-22-28_01-22-40_label_B1-B2-0,train,/home/aarf101/xd_official/i3d-features/RGB/Taken.Extended.Cut.2008__#01-22-28_01-22-40_label_B1-B2-0,18,1,fighting|shooting
v=jD45WBoP1hM__#1_label_B1-0-0,train,/home/aarf101/xd_official/i3d-features/RGB/v=jD45WBoP1hM__#1_label_B1-0-0,89,1,fighting
v=X4I8FhpGJwo__#00-06-30_00-07-20_label_B6-0-0,train,/home/aarf101/xd_official/i3d-features/RGB/v=X4I8FhpGJwo__#00-06-30_00-07-20_label_B6-0-0,75,1,car_accident
v=0Ym0O9Phueo__#1_label_B4-0-0,train,/home/aarf101/xd_official/i3d-features/RGB/v=0Ym0O9Phueo__#1_label_B4-0-0,193,1,riot
Skyfall.2012__#01-38-10_01-38-43_label_B6-0-0,train,/home/aarf101/xd_official/i3d-features/RGB/Skyfall.2012__#01-38-10_01-38-43_label_B6-0-0,49,1,car_accident
Flipped.2010__#00-37-40_00-40-31_label_A,train,/home/aarf101/xd_official/i3d-features/RGB/Flipped.2010__#00-37-40_00-40-31_label_A,256,0,
Mission.Impossible.Ghost.Protocol.2011__#01-56-38_01-56-52_label_B6-0-0,train,/home/aarf101/xd_official/i3d-features/RGB/Mission.Impossible.Ghost.Protocol.2011__#01-56-38_01-56-52_label_B6-0-0,21,1,car_accident
v=88yP_20Lgqg__#1_label_B4-0-0,train,/home/aarf101/xd_official/i3d-features/RGB/v=88yP_20Lgqg__#1_label_B4-0-0,137,1,riot
Law.Abiding.Citizen.2009__#01-14-42_01-15-38_label_G-0-0,train,/home/aarf101/xd_official/i3d-features/RGB/Law.Abiding.Citizen.2009__#01-14-42_01-15-38_label_G-0-0,84,1,explosion
Operation.Red.Sea.2018__#01-00-55_01-01-00_label_G-0-0,train,/home/aarf101/xd_official/i3d-features/RGB/Operation.Red.Sea.2018__#01-00-55_01-01-00_label_G-0-0,7,1,explosion
v=hxyhulJYz5I__#00-00-00_00-01-51_label_B6-0-0,train,/home/aarf101/xd_official/i3d-features/RGB/v=hxyhulJYz5I__#00-00-00_00-01-51_label_B6-0-0,166,1,car_accident
v=BzwNU2xmT64__#00-10-30_00-10-51_label_B6-0-0,train,/home/aarf101/xd_official/i3d-features/RGB/v=BzwNU2xmT64__#00-10-30_00-10-51_label_B6-0-0,31,1,car_accident
Bad.Boys.1995__#00-34-10_00-35-15_label_A,train,/home/aarf101/xd_official/i3d-features/RGB/Bad.Boys.1995__#00-34-10_00-35-15_label_A,97,0,
v=Otx9o1gfMRs__#1_label_B4-0-0,train,/home/aarf101/xd_official/i3d-features/RGB/v=Otx9o1gfMRs__#1_label_B4-0-0,116,1,riot
NewAdd.xidianuniversity__#1_label_A,train,/home/aarf101/xd_official/i3d-features/RGB/NewAdd.xidianuniversity__#1_label_A,722,0,
v=jcfySB0HdEU__#1_label_A,train,/home/aarf101/xd_official/i3d-features/RGB/v=jcfySB0HdEU__#1_label_A,85,0,
v=jkECLk6biwQ__#1_label_A,train,/home/aarf101/xd_official/i3d-features/RGB/v=jkECLk6biwQ__#1_label_A,185,0,
v=ekH2zovSEIE__#1_label_B1-0-0,train,/home/aarf101/xd_official/i3d-features/RGB/v=ekH2zovSEIE__#1_label_B1-0-0,159,1,fighting
v=RyWrcAW6-r8__#1_label_A,train,/home/aarf101/xd_official/i3d-features/RGB/v=RyWrcAW6-r8__#1_label_A,2911,0,
A.Beautiful.Mind.2001__#01-50-50_01-52-00_label_A,train,/home/aarf101/xd_official/i3d-features/RGB/A.Beautiful.Mind.2001__#01-50-50_01-52-00_label_A,105,0,
v=98eCg7EiSgg__#1_label_A,train,/home/aarf101/xd_official/i3d-features/RGB/v=98eCg7EiSgg__#1_label_A,51,0,
Fast.Furious.6.2013__#01-05-40_01-07-59_label_A,train,/home/aarf101/xd_official/i3d-features/RGB/Fast.Furious.6.2013__#01-05-40_01-07-59_label_A,208,0,
Love.Me.If.You.Dare.2003__#00-17-30_00-19-10_label_A,train,/home/aarf101/xd_official/i3d-features/RGB/Love.Me.If.You.Dare.2003__#00-17-30_00-19-10_label_A,150,0,
v=zpBlI-nmf_A__#1_label_B1-0-0,train,/home/aarf101/xd_official/i3d-features/RGB/v=zpBlI-nmf_A__#1_label_B1-0-0,217,1,fighting
v=gRQJy3KK1J4__#1_label_A,train,/home/aarf101/xd_official/i3d-features/RGB/v=gRQJy3KK1J4__#1_label_A,293,0,
v=rVZxrx_qxgA__#00-06-32_00-09-55_label_B4-0-0,train,/home/aarf101/xd_official/i3d-features/RGB/v=rVZxrx_qxgA__#00-06-32_00-09-55_label_B4-0-0,304,1,riot
v=yrzZKplTKcE__#1_label_B4-0-0,train,/home/aarf101/xd_official/i3d-features/RGB/v=yrzZKplTKcE__#1_label_B4-0-0,146,1,riot
Operation.Red.Sea.2018__#0-30-40_0-31-30_label_B2-0-0,train,/home/aarf101/xd_official/i3d-features/RGB/Operation.Red.Sea.2018__#0-30-40_0-31-30_label_B2-0-0,74,1,shooting
v=vFPQ_NiDBIU__#03-06-00_03-13-06_label_A,train,/home/aarf101/xd_official/i3d-features/RGB/v=vFPQ_NiDBIU__#03-06-00_03-13-06_label_A,638,0,
v=pUk0o1gjgO4__#1_label_A,train,/home/aarf101/xd_official/i3d-features/RGB/v=pUk0o1gjgO4__#1_label_A,196,0,
v=OqrOkekz2aQ__#1_label_A,train,/home/aarf101/xd_official/i3d-features/RGB/v=OqrOkekz2aQ__#1_label_A,221,0,
Casino.Royale.2006__#00-49-40_00-50-05_label_B6-G-0,train,/home/aarf101/xd_official/i3d-features/RGB/Casino.Royale.2006__#00-49-40_00-50-05_label_B6-G-0,37,1,car_accident|explosion
v=y7JEq-kf-2I__#00-03-40_00-04-40_label_A,train,/home/aarf101/xd_official/i3d-features/RGB/v=y7JEq-kf-2I__#00-03-40_00-04-40_label_A,89,0,
v=9Qmks0QVI40__#00-01-58_00-04-40_label_B4-0-0,train,/home/aarf101/xd_official/i3d-features/RGB/v=9Qmks0QVI40__#00-01-58_00-04-40_label_B4-0-0,243,1,riot
v=dSECAvBTanQ__#1_label_B4-0-0,train,/home/aarf101/xd_official/i3d-features/RGB/v=dSECAvBTanQ__#1_label_B4-0-0,246,1,riot
Skyfall.2012__#00-44-00_00-44-20_label_B2-0-0,train,/home/aarf101/xd_official/i3d-features/RGB/Skyfall.2012__#00-44-00_00-44-20_label_B2-0-0,30,1,shooting
Desperado.1995__#00-31-12_00-37-04_label_B1-B2-0,train,/home/aarf101/xd_official/i3d-features/RGB/Desperado.1995__#00-31-12_00-37-04_label_B1-B2-0,528,1,fighting|shooting
Tropa.de.Elite.2007__#00-30-43_00-34-31_label_A,train,/home/aarf101/xd_official/i3d-features/RGB/Tropa.de.Elite.2007__#00-30-43_00-34-31_label_A,342,0,
v=qegvGtGmOg8__#1_label_A,train,/home/aarf101/xd_official/i3d-features/RGB/v=qegvGtGmOg8__#1_label_A,129,0,
Fast.Five.2011__#00-07-53_00-08-53_label_A,train,/home/aarf101/xd_official/i3d-features/RGB/Fast.Five.2011__#00-07-53_00-08-53_label_A,90,0,
v=qr7e5aqvNmQ__#00-01-00_00-02-45_label_B6-0-0,train,/home/aarf101/xd_official/i3d-features/RGB/v=qr7e5aqvNmQ__#00-01-00_00-02-45_label_B6-0-0,157,1,car_accident
v=6aQoC1M-jEY__#1_label_B4-0-0,train,/home/aarf101/xd_official/i3d-features/RGB/v=6aQoC1M-jEY__#1_label_B4-0-0,203,1,riot
Jason.Bourne.2016__#01-31-13_01-31-32_label_B1-0-0,train,/home/aarf101/xd_official/i3d-features/RGB/Jason.Bourne.2016__#01-31-13_01-31-32_label_B1-0-0,28,1,fighting
Rush.Hour.3.2007.BluRay__#00-42-02_00-47-43_label_A,train,/home/aarf101/xd_official/i3d-features/RGB/Rush.Hour.3.2007.BluRay__#00-42-02_00-47-43_label_A,511,0,
v=IyoOPo4NVUI__#1_label_G-0-0,train,/home/aarf101/xd_official/i3d-features/RGB/v=IyoOPo4NVUI__#1_label_G-0-0,27,1,explosion
v=uWBjiJ1hMW4__#1_label_A,train,/home/aarf101/xd_official/i3d-features/RGB/v=uWBjiJ1hMW4__#1_label_A,325,0,
Rush.Hour.1998.BluRay__#01-06-07_01-08-37_label_A,train,/home/aarf101/xd_official/i3d-features/RGB/Rush.Hour.1998.BluRay__#01-06-07_01-08-37_label_A,225,0,
Before.Sunrise.1995__#00-32-07_00-36-45_label_A,train,/home/aarf101/xd_official/i3d-features/RGB/Before.Sunrise.1995__#00-32-07_00-36-45_label_A,417,0,
Jason.Bourne.2016__#0-08-00_0-08-11_label_B1-0-0,train,/home/aarf101/xd_official/i3d-features/RGB/Jason.Bourne.2016__#0-08-00_0-08-11_label_B1-0-0,16,1,fighting
Ip.Man.3.2015__#00-12-16_00-12-43_label_B1-0-0,train,/home/aarf101/xd_official/i3d-features/RGB/Ip.Man.3.2015__#00-12-16_00-12-43_label_B1-0-0,40,1,fighting
A.Beautiful.Mind.2001__#01-21-22_01-25-40_label_A,train,/home/aarf101/xd_official/i3d-features/RGB/A.Beautiful.Mind.2001__#01-21-22_01-25-40_label_A,386,0,
City.of.God.2002__#00-38-48_00-39-30_label_B2-0-0,train,/home/aarf101/xd_official/i3d-features/RGB/City.of.God.2002__#00-38-48_00-39-30_label_B2-0-0,63,1,shooting
About.Time.2013__#01-09-30_01-16-59_label_A,train,/home/aarf101/xd_official/i3d-features/RGB/About.Time.2013__#01-09-30_01-16-59_label_A,673,0,
v=1fsEpf2O3AA__#1_label_G-0-0,train,/home/aarf101/xd_official/i3d-features/RGB/v=1fsEpf2O3AA__#1_label_G-0-0,316,1,explosion
v=k0dMU2R-f-c__#1_label_G-0-0,train,/home/aarf101/xd_official/i3d-features/RGB/v=k0dMU2R-f-c__#1_label_G-0-0,254,1,explosion
v=F95hDZ9j0Ls__#1_label_A,train,/home/aarf101/xd_official/i3d-features/RGB/v=F95hDZ9j0Ls__#1_label_A,96,0,
Fast.Furious.2009__#00-29-26_00-30-14_label_B1-0-0,train,/home/aarf101/xd_official/i3d-features/RGB/Fast.Furious.2009__#00-29-26_00-30-14_label_B1-0-0,71,1,fighting
v=Ha-Zx9ft2XI__#1_label_A,train,/home/aarf101/xd_official/i3d-features/RGB/v=Ha-Zx9ft2XI__#1_label_A,181,0,
v=o52kCVZpH2E__#1_label_B1-0-0,train,/home/aarf101/xd_official/i3d-features/RGB/v=o52kCVZpH2E__#1_label_B1-0-0,309,1,fighting
NewAdd.NBA-2017.12.25_CLE@GSW__#00-44-20_01-08-34_label_A,train,/home/aarf101/xd_official/i3d-features/RGB/NewAdd.NBA-2017.12.25_CLE@GSW__#00-44-20_01-08-34_label_A,2181,0,
v=2Rr21qkZEDQ__#00-13-00_00-14-09_label_B6-0-0,train,/home/aarf101/xd_official/i3d-features/RGB/v=2Rr21qkZEDQ__#00-13-00_00-14-09_label_B6-0-0,103,1,car_accident
Bullet.in.the.Head.1990__#00-06-13_00-07-41_label_A,train,/home/aarf101/xd_official/i3d-features/RGB/Bullet.in.the.Head.1990__#00-06-13_00-07-41_label_A,132,0,
v=X6j-llEOC3c__#1_label_B1-0-0,train,/home/aarf101/xd_official/i3d-features/RGB/v=X6j-llEOC3c__#1_label_B1-0-0,49,1,fighting
The.Pursuit.of.Happyness.2006__#00-42-52_00-45-31_label_A,train,/home/aarf101/xd_official/i3d-features/RGB/The.Pursuit.of.Happyness.2006__#00-42-52_00-45-31_label_A,238,0,
Tropa.de.Elite.2.2010__#01-26-50_01-28-08_label_B5-0-0,train,/home/aarf101/xd_official/i3d-features/RGB/Tropa.de.Elite.2.2010__#01-26-50_01-28-08_label_B5-0-0,117,1,abuse
v=6fDDTbiBSZc__#1_label_G-0-0,train,/home/aarf101/xd_official/i3d-features/RGB/v=6fDDTbiBSZc__#1_label_G-0-0,137,1,explosion
Quantum.Of.Solace.2008__#01-31-16_01-32-50_label_B1-G-0,train,/home/aarf101/xd_official/i3d-features/RGB/Quantum.Of.Solace.2008__#01-31-16_01-32-50_label_B1-G-0,141,1,fighting|explosion
Mission.Impossible.Ghost.Protocol.2011__#01-15-36_01-16-32_label_B1-B2-0,train,/home/aarf101/xd_official/i3d-features/RGB/Mission.Impossible.Ghost.Protocol.2011__#01-15-36_01-16-32_label_B1-B2-0,84,1,fighting|shooting
v=YigOHqXuFT0__#1_label_A,train,/home/aarf101/xd_official/i3d-features/RGB/v=YigOHqXuFT0__#1_label_A,139,0,
v=X1arMZmYhsk__#00-11-00_00-12-45_label_B6-0-0,train,/home/aarf101/xd_official/i3d-features/RGB/v=X1arMZmYhsk__#00-11-00_00-12-45_label_B6-0-0,157,1,car_accident
Mission.Impossible.III.2006__#00-28-52_00-30-14_label_A,train,/home/aarf101/xd_official/i3d-features/RGB/Mission.Impossible.III.2006__#00-28-52_00-30-14_label_A,123,0,
Ip.Man.2008__#01-21-10_01-24-22_label_B1-0-0,train,/home/aarf101/xd_official/i3d-features/RGB/Ip.Man.2008__#01-21-10_01-24-22_label_B1-0-0,288,1,fighting
GoldenEye.1995__#01-25-54_01-26-53_label_A,train,/home/aarf101/xd_official/i3d-features/RGB/GoldenEye.1995__#01-25-54_01-26-53_label_A,88,0,
v=XjFM_RswttU__#00-03-57_00-06-06_label_B4-0-0,train,/home/aarf101/xd_official/i3d-features/RGB/v=XjFM_RswttU__#00-03-57_00-06-06_label_B4-0-0,193,1,riot
Love.Death.and.Robots.S01E15__#0-02-51_0-03-05_label_G-0-0,train,/home/aarf101/xd_official/i3d-features/RGB/Love.Death.and.Robots.S01E15__#0-02-51_0-03-05_label_G-0-0,20,1,explosion
v=Dt2dDJpaQNU__#1_label_A,train,/home/aarf101/xd_official/i3d-features/RGB/v=Dt2dDJpaQNU__#1_label_A,337,0,
NewAdd.Dream.Team.8__#1_label_A,train,/home/aarf101/xd_official/i3d-features/RGB/NewAdd.Dream.Team.8__#1_label_A,8543,0,
Tropa.de.Elite.2.2010__#01-40-30_01-42-00_label_B2-0-0,train,/home/aarf101/xd_official/i3d-features/RGB/Tropa.de.Elite.2.2010__#01-40-30_01-42-00_label_B2-0-0,135,1,shooting
v=stK3YPz6WTc__#1_label_B4-0-0,train,/home/aarf101/xd_official/i3d-features/RGB/v=stK3YPz6WTc__#1_label_B4-0-0,408,1,riot
v=q2gFNklxvts__#1_label_A,train,/home/aarf101/xd_official/i3d-features/RGB/v=q2gFNklxvts__#1_label_A,294,0,
GoldenEye.1995__#00-45-43_00-48-10_label_A,train,/home/aarf101/xd_official/i3d-features/RGB/GoldenEye.1995__#00-45-43_00-48-10_label_A,220,0,
v=hdPTRcsFN5w__#00-06-00_00-09-00_label_A,train,/home/aarf101/xd_official/i3d-features/RGB/v=hdPTRcsFN5w__#00-06-00_00-09-00_label_A,270,0,
Quantum.Of.Solace.2008__#01-25-15_01-26-05_label_A,train,/home/aarf101/xd_official/i3d-features/RGB/Quantum.Of.Solace.2008__#01-25-15_01-26-05_label_A,75,0,
v=nLAapCIlr-o__#00-19-10_00-21-09_label_B6-0-0,train,/home/aarf101/xd_official/i3d-features/RGB/v=nLAapCIlr-o__#00-19-10_00-21-09_label_B6-0-0,178,1,car_accident
v=VHMi-j7W2gM__#1_label_B1-0-0,train,/home/aarf101/xd_official/i3d-features/RGB/v=VHMi-j7W2gM__#1_label_B1-0-0,206,1,fighting
v=jAvuEyDy5JE__#1_label_A,train,/home/aarf101/xd_official/i3d-features/RGB/v=jAvuEyDy5JE__#1_label_A,248,0,
Fury.2014__#00-27-12_00-28-42_label_A,train,/home/aarf101/xd_official/i3d-features/RGB/Fury.2014__#00-27-12_00-28-42_label_A,134,0,
GoldenEye.1995__#01-57-47_01-58-28_label_B2-0-0,train,/home/aarf101/xd_official/i3d-features/RGB/GoldenEye.1995__#01-57-47_01-58-28_label_B2-0-0,61,1,shooting
Rush.Hour.3.2007.BluRay__#00-08-51_00-09-10_label_B2-B6-0,train,/home/aarf101/xd_official/i3d-features/RGB/Rush.Hour.3.2007.BluRay__#00-08-51_00-09-10_label_B2-B6-0,28,1,shooting|car_accident
Election.2005__#01-05-37_01-07-06_label_A,train,/home/aarf101/xd_official/i3d-features/RGB/Election.2005__#01-05-37_01-07-06_label_A,133,0,
v=y7JEq-kf-2I__#00-02-30_00-03-40_label_A,train,/home/aarf101/xd_official/i3d-features/RGB/v=y7JEq-kf-2I__#00-02-30_00-03-40_label_A,104,0,
v=1eyrO-nbaB0__#1_label_B4-0-0,train,/home/aarf101/xd_official/i3d-features/RGB/v=1eyrO-nbaB0__#1_label_B4-0-0,123,1,riot
Mission.Impossible.II.2000__#01-39-13_01-39-37_label_B2-0-0,train,/home/aarf101/xd_official/i3d-features/RGB/Mission.Impossible.II.2000__#01-39-13_01-39-37_label_B2-0-0,36,1,shooting
v=H2AYOJ2K8MU__#1_label_A,train,/home/aarf101/xd_official/i3d-features/RGB/v=H2AYOJ2K8MU__#1_label_A,351,0,
Before.Sunset.2004__#01-07-30_01-09-51_label_A,train,/home/aarf101/xd_official/i3d-features/RGB/Before.Sunset.2004__#01-07-30_01-09-51_label_A,211,0,
v=uBXprlsmd18__#00-10-30_00-10-51_label_B6-0-0,train,/home/aarf101/xd_official/i3d-features/RGB/v=uBXprlsmd18__#00-10-30_00-10-51_label_B6-0-0,31,1,car_accident
v=6x4wLMqYIKM__#1_label_G-0-0,train,/home/aarf101/xd_official/i3d-features/RGB/v=6x4wLMqYIKM__#1_label_G-0-0,148,1,explosion
Before.Sunrise.1995__#01-21-22_01-25-40_label_A,train,/home/aarf101/xd_official/i3d-features/RGB/Before.Sunrise.1995__#01-21-22_01-25-40_label_A,386,0,
v=BJ_TUBVQEiM__#1_label_A,train,/home/aarf101/xd_official/i3d-features/RGB/v=BJ_TUBVQEiM__#1_label_A,64,0,
v=Vqx7u6rt5cY__#1_label_A,train,/home/aarf101/xd_official/i3d-features/RGB/v=Vqx7u6rt5cY__#1_label_A,340,0,
Before.Sunrise.1995__#01-28-31_01-31-00_label_A,train,/home/aarf101/xd_official/i3d-features/RGB/Before.Sunrise.1995__#01-28-31_01-31-00_label_A,223,0,
GoldenEye.1995__#00-08-07_00-09-04_label_B2-0-0,train,/home/aarf101/xd_official/i3d-features/RGB/GoldenEye.1995__#00-08-07_00-09-04_label_B2-0-0,85,1,shooting
v=AKS4ZC3ZdE8__#1_label_A,train,/home/aarf101/xd_official/i3d-features/RGB/v=AKS4ZC3ZdE8__#1_label_A,24,0,
v=9eME1y6V-T4__#00-00-00_00-06-00_label_A,train,/home/aarf101/xd_official/i3d-features/RGB/v=9eME1y6V-T4__#00-00-00_00-06-00_label_A,540,0,
City.of.God.2002__#01-27-26_01-28-48_label_A,train,/home/aarf101/xd_official/i3d-features/RGB/City.of.God.2002__#01-27-26_01-28-48_label_A,123,0,
Tropa.de.Elite.2.2010__#01-14-45_01-15-40_label_A,train,/home/aarf101/xd_official/i3d-features/RGB/Tropa.de.Elite.2.2010__#01-14-45_01-15-40_label_A,82,0,
v=oLFGaFmYoRw__#1_label_B6-0-0,train,/home/aarf101/xd_official/i3d-features/RGB/v=oLFGaFmYoRw__#1_label_B6-0-0,90,1,car_accident
Mission.Impossible.V.Rogue.Nation.2015__#01-21-50_01-24-39_label_A,train,/home/aarf101/xd_official/i3d-features/RGB/Mission.Impossible.V.Rogue.Nation.2015__#01-21-50_01-24-39_label_A,253,0,
Good.Will.Hunting.1997__#01-46-20_01-48-10_label_A,train,/home/aarf101/xd_official/i3d-features/RGB/Good.Will.Hunting.1997__#01-46-20_01-48-10_label_A,165,0,
v=PRKcPZt61SQ__#1_label_B4-0-0,train,/home/aarf101/xd_official/i3d-features/RGB/v=PRKcPZt61SQ__#1_label_B4-0-0,202,1,riot
v=wPkBaI6vOv0__#00-08-53_00-09-44_label_G-0-0,train,/home/aarf101/xd_official/i3d-features/RGB/v=wPkBaI6vOv0__#00-08-53_00-09-44_label_G-0-0,76,1,explosion
Kill.Bill.Vol.1.2003__#00-32-20_00-34-20_label_A,train,/home/aarf101/xd_official/i3d-features/RGB/Kill.Bill.Vol.1.2003__#00-32-20_00-34-20_label_A,180,0,
Crank.Dircut.2006__#01-06-54_01-07-05_label_B6-B2-0,train,/home/aarf101/xd_official/i3d-features/RGB/Crank.Dircut.2006__#01-06-54_01-07-05_label_B6-B2-0,16,1,car_accident|shooting
v=wKwGbowg6a0__#1_label_B4-0-0,train,/home/aarf101/xd_official/i3d-features/RGB/v=wKwGbowg6a0__#1_label_B4-0-0,96,1,riot
Rush.Hour.3.2007.BluRay__#01-19-53_01-20-06_label_B2-0-0,train,/home/aarf101/xd_official/i3d-features/RGB/Rush.Hour.3.2007.BluRay__#01-19-53_01-20-06_label_B2-0-0,19,1,shooting
Casino.Royale.2006__#02-09-05_02-09-47_label_B2-0-0,train,/home/aarf101/xd_official/i3d-features/RGB/Casino.Royale.2006__#02-09-05_02-09-47_label_B2-0-0,63,1,shooting
v=BzwNU2xmT64__#00-11-00_00-12-45_label_B6-0-0,train,/home/aarf101/xd_official/i3d-features/RGB/v=BzwNU2xmT64__#00-11-00_00-12-45_label_B6-0-0,157,1,car_accident
Saving.Private.Ryan.1998__#02-33-49_02-34-26_label_G-B2-0,train,/home/aarf101/xd_official/i3d-features/RGB/Saving.Private.Ryan.1998__#02-33-49_02-34-26_label_G-B2-0,55,1,explosion|shooting
v=o_Jnbrcj3-g__#1_label_B4-0-0,train,/home/aarf101/xd_official/i3d-features/RGB/v=o_Jnbrcj3-g__#1_label_B4-0-0,166,1,riot
v=vFPQ_NiDBIU__#00-06-00_00-12-00_label_A,train,/home/aarf101/xd_official/i3d-features/RGB/v=vFPQ_NiDBIU__#00-06-00_00-12-00_label_A,539,0,
v=V6lLCZbCQtk__#1_label_G-0-0,train,/home/aarf101/xd_official/i3d-features/RGB/v=V6lLCZbCQtk__#1_label_G-0-0,335,1,explosion
Shoplifters.2018__#01-47-40_01-49-53_label_A,train,/home/aarf101/xd_official/i3d-features/RGB/Shoplifters.2018__#01-47-40_01-49-53_label_A,199,0,
v=2Z-LmV6Zycs__#1_label_B1-0-0,train,/home/aarf101/xd_official/i3d-features/RGB/v=2Z-LmV6Zycs__#1_label_B1-0-0,192,1,fighting
v=SdYFFo_tsfk__#01-36-00_01-42-00_label_A,train,/home/aarf101/xd_official/i3d-features/RGB/v=SdYFFo_tsfk__#01-36-00_01-42-00_label_A,540,0,
v=C1ZCZ-PBGzI__#00-10-00_00-11-31_label_B6-0-0,train,/home/aarf101/xd_official/i3d-features/RGB/v=C1ZCZ-PBGzI__#00-10-00_00-11-31_label_B6-0-0,136,1,car_accident
v=DR6SZ354vIw__#1_label_A,train,/home/aarf101/xd_official/i3d-features/RGB/v=DR6SZ354vIw__#1_label_A,326,0,
v=0N3BKmDiKmc__#00-03-00_00-04-09_label_B6-0-0,train,/home/aarf101/xd_official/i3d-features/RGB/v=0N3BKmDiKmc__#00-03-00_00-04-09_label_B6-0-0,103,1,car_accident
v=pPfWYiIg_PM__#1_label_A,train,/home/aarf101/xd_official/i3d-features/RGB/v=pPfWYiIg_PM__#1_label_A,21,0,
v=SoeVxTvE91Q__#1_label_B4-0-0,train,/home/aarf101/xd_official/i3d-features/RGB/v=SoeVxTvE91Q__#1_label_B4-0-0,103,1,riot
v=8j8dy47BXHk__#1_label_A,train,/home/aarf101/xd_official/i3d-features/RGB/v=8j8dy47BXHk__#1_label_A,293,0,
v=LQT4i4e_Oyg__#1_label_A,train,/home/aarf101/xd_official/i3d-features/RGB/v=LQT4i4e_Oyg__#1_label_A,58,0,
v=fkps18H3SXY__#02-30-00_02-36-00_label_A,train,/home/aarf101/xd_official/i3d-features/RGB/v=fkps18H3SXY__#02-30-00_02-36-00_label_A,540,0,
v=66F2bVUq_zk__#00-07-22_00-08-19_label_B6-0-0,train,/home/aarf101/xd_official/i3d-features/RGB/v=66F2bVUq_zk__#00-07-22_00-08-19_label_B6-0-0,85,1,car_accident
v=tP19WuyY3IY__#00-08-00_00-08-45_label_B6-0-0,train,/home/aarf101/xd_official/i3d-features/RGB/v=tP19WuyY3IY__#00-08-00_00-08-45_label_B6-0-0,67,1,car_accident
v=RC0qc_f_okM__#1_label_A,train,/home/aarf101/xd_official/i3d-features/RGB/v=RC0qc_f_okM__#1_label_A,350,0,
v=3NklthJ7foI__#1_label_B1-0-0,train,/home/aarf101/xd_official/i3d-features/RGB/v=3NklthJ7foI__#1_label_B1-0-0,130,1,fighting
Law.Abiding.Citizen.2009__#00-13-05_00-14-51_label_A,train,/home/aarf101/xd_official/i3d-features/RGB/Law.Abiding.Citizen.2009__#00-13-05_00-14-51_label_A,159,0,
Operation.Red.Sea.2018__#01-36-06_01-36-20_label_G-0-0,train,/home/aarf101/xd_official/i3d-features/RGB/Operation.Red.Sea.2018__#01-36-06_01-36-20_label_G-0-0,20,1,explosion
v=hevU2f-J74g__#1_label_B1-0-0,train,/home/aarf101/xd_official/i3d-features/RGB/v=hevU2f-J74g__#1_label_B1-0-0,157,1,fighting
v=0vVOXlgHC1U__#00-36-00_00-42-00_label_A,train,/home/aarf101/xd_official/i3d-features/RGB/v=0vVOXlgHC1U__#00-36-00_00-42-00_label_A,540,0,
v=k7R_Qo-BiAw__#00-00-00_00-00-51_label_B6-0-0,train,/home/aarf101/xd_official/i3d-features/RGB/v=k7R_Qo-BiAw__#00-00-00_00-00-51_label_B6-0-0,76,1,car_accident
v=SdYFFo_tsfk__#01-18-00_01-24-00_label_A,train,/home/aarf101/xd_official/i3d-features/RGB/v=SdYFFo_tsfk__#01-18-00_01-24-00_label_A,540,0,
Good.Will.Hunting.1997__#00-03-00_00-04-05_label_A,train,/home/aarf101/xd_official/i3d-features/RGB/Good.Will.Hunting.1997__#00-03-00_00-04-05_label_A,97,0,
Deadpool.2.2018__#01-37-54_01-38-07_label_G-0-0,train,/home/aarf101/xd_official/i3d-features/RGB/Deadpool.2.2018__#01-37-54_01-38-07_label_G-0-0,19,1,explosion
v=FeXZY4eVLlo__#1_label_A,train,/home/aarf101/xd_official/i3d-features/RGB/v=FeXZY4eVLlo__#1_label_A,277,0,
v=StmzbQdWVoQ__#1_label_G-0-0,train,/home/aarf101/xd_official/i3d-features/RGB/v=StmzbQdWVoQ__#1_label_G-0-0,62,1,explosion
v=7hVEtcXXipo__#1_label_G-0-0,train,/home/aarf101/xd_official/i3d-features/RGB/v=7hVEtcXXipo__#1_label_G-0-0,124,1,explosion
v=jAvOGTD7_pU__#00-18-00_00-21-40_label_A,train,/home/aarf101/xd_official/i3d-features/RGB/v=jAvOGTD7_pU__#00-18-00_00-21-40_label_A,330,0,
v=Tlx-XRyAgnM__#00-13-26_00-16-43_label_B4-0-0,train,/home/aarf101/xd_official/i3d-features/RGB/v=Tlx-XRyAgnM__#00-13-26_00-16-43_label_B4-0-0,295,1,riot
v=9eME1y6V-T4__#02-18-00_02-20-40_label_A,train,/home/aarf101/xd_official/i3d-features/RGB/v=9eME1y6V-T4__#02-18-00_02-20-40_label_A,240,0,
Hot.Fuzz.2007__#01-41-50_01-44-10_label_B1-B2-0,train,/home/aarf101/xd_official/i3d-features/RGB/Hot.Fuzz.2007__#01-41-50_01-44-10_label_B1-B2-0,210,1,fighting|shooting
v=y_zCyC8KDx8__#1_label_B1-0-0,train,/home/aarf101/xd_official/i3d-features/RGB/v=y_zCyC8KDx8__#1_label_B1-0-0,96,1,fighting
Sin.City.2005__#01-18-27_01-18-36_label_G-0-0,train,/home/aarf101/xd_official/i3d-features/RGB/Sin.City.2005__#01-18-27_01-18-36_label_G-0-0,13,1,explosion
v=VY91zRGzdv8__#1_label_A,train,/home/aarf101/xd_official/i3d-features/RGB/v=VY91zRGzdv8__#1_label_A,875,0,
Mission.Impossible.Ghost.Protocol.2011__#01-14-53_01-15-29_label_B1-B2-0,train,/home/aarf101/xd_official/i3d-features/RGB/Mission.Impossible.Ghost.Protocol.2011__#01-14-53_01-15-29_label_B1-B2-0,54,1,fighting|shooting
Law.Abiding.Citizen.2009__#00-10-50_00-11-50_label_A,train,/home/aarf101/xd_official/i3d-features/RGB/Law.Abiding.Citizen.2009__#00-10-50_00-11-50_label_A,90,0,
v=PyMx1dista8__#1_label_A,train,/home/aarf101/xd_official/i3d-features/RGB/v=PyMx1dista8__#1_label_A,325,0,
The.Attorney.2013__#01-55-12_01-57-10_label_A,train,/home/aarf101/xd_official/i3d-features/RGB/The.Attorney.2013__#01-55-12_01-57-10_label_A,177,0,
Fast.Furious.6.2013__#01-47-39_01-49-53_label_B1-B6-0,train,/home/aarf101/xd_official/i3d-features/RGB/Fast.Furious.6.2013__#01-47-39_01-49-53_label_B1-B6-0,201,1,fighting|car_accident
Ip.Man.2008__#00-15-10_00-15-52_label_B1-0-0,train,/home/aarf101/xd_official/i3d-features/RGB/Ip.Man.2008__#00-15-10_00-15-52_label_B1-0-0,63,1,fighting
Shoplifters.2018__#00-30-50_00-32-31_label_A,train,/home/aarf101/xd_official/i3d-features/RGB/Shoplifters.2018__#00-30-50_00-32-31_label_A,151,0,
Mindhunters.2004__#01-36-00_01-37-00_label_B2-0-0,train,/home/aarf101/xd_official/i3d-features/RGB/Mindhunters.2004__#01-36-00_01-37-00_label_B2-0-0,90,1,shooting
v=TxkNW_f3JPA__#1_label_B6-0-0,train,/home/aarf101/xd_official/i3d-features/RGB/v=TxkNW_f3JPA__#1_label_B6-0-0,18,1,car_accident
Spectre.2015__#01-11-54_01-12-20_label_B2-G-0,train,/home/aarf101/xd_official/i3d-features/RGB/Spectre.2015__#01-11-54_01-12-20_label_B2-G-0,39,1,shooting|explosion
v=tP19WuyY3IY__#00-03-00_00-04-09_label_B6-0-0,train,/home/aarf101/xd_official/i3d-features/RGB/v=tP19WuyY3IY__#00-03-00_00-04-09_label_B6-0-0,103,1,car_accident
v=jRXpRSPKQh0__#1_label_A,train,/home/aarf101/xd_official/i3d-features/RGB/v=jRXpRSPKQh0__#1_label_A,98,0,
v=k47D9tERpu8__#1_label_A,train,/home/aarf101/xd_official/i3d-features/RGB/v=k47D9tERpu8__#1_label_A,301,0,
Deadpool.2016__#0-53-31_0-55-31_label_B1-0-0,train,/home/aarf101/xd_official/i3d-features/RGB/Deadpool.2016__#0-53-31_0-55-31_label_B1-0-0,180,1,fighting
Crank.Dircut.2006__#01-04-45_01-05-36_label_B2-0-0,train,/home/aarf101/xd_official/i3d-features/RGB/Crank.Dircut.2006__#01-04-45_01-05-36_label_B2-0-0,76,1,shooting
Yellow.Sea.2010__#00-07-00_00-07-53_label_B1-0-0,train,/home/aarf101/xd_official/i3d-features/RGB/Yellow.Sea.2010__#00-07-00_00-07-53_label_B1-0-0,79,1,fighting
Before.Sunset.2004__#01-10-30_01-13-51_label_A,train,/home/aarf101/xd_official/i3d-features/RGB/Before.Sunset.2004__#01-10-30_01-13-51_label_A,301,0,
v=3a-sg-FsoGw__#1_label_B4-0-0,train,/home/aarf101/xd_official/i3d-features/RGB/v=3a-sg-FsoGw__#1_label_B4-0-0,52,1,riot
v=MoR9-BcV_0c__#1_label_B4-0-0,train,/home/aarf101/xd_official/i3d-features/RGB/v=MoR9-BcV_0c__#1_label_B4-0-0,68,1,riot
Fast.Furious.2009__#00-08-56_00-10-39_label_A,train,/home/aarf101/xd_official/i3d-features/RGB/Fast.Furious.2009__#00-08-56_00-10-39_label_A,154,0,
v=MyM5G7fo7Gg__#00-09-00_00-12-00_label_A,train,/home/aarf101/xd_official/i3d-features/RGB/v=MyM5G7fo7Gg__#00-09-00_00-12-00_label_A,270,0,
v=66F2bVUq_zk__#00-03-00_00-04-09_label_B6-0-0,train,/home/aarf101/xd_official/i3d-features/RGB/v=66F2bVUq_zk__#00-03-00_00-04-09_label_B6-0-0,103,1,car_accident
Mission.Impossible.II.2000__#01-49-15_01-49-34_label_G-B6-0,train,/home/aarf101/xd_official/i3d-features/RGB/Mission.Impossible.II.2000__#01-49-15_01-49-34_label_G-B6-0,28,1,explosion|car_accident
v=DWLbc0JcBVE__#1_label_A,train,/home/aarf101/xd_official/i3d-features/RGB/v=DWLbc0JcBVE__#1_label_A,249,0,
Yellow.Sea.2010__#01-33-50_01-34-33_label_B1-0-0,train,/home/aarf101/xd_official/i3d-features/RGB/Yellow.Sea.2010__#01-33-50_01-34-33_label_B1-0-0,64,1,fighting
The.Hurt.Locker.2008__#0-31-49_0-33-38_label_G-B2-0,train,/home/aarf101/xd_official/i3d-features/RGB/The.Hurt.Locker.2008__#0-31-49_0-33-38_label_G-B2-0,163,1,explosion|shooting
v=X1arMZmYhsk__#00-07-22_00-08-19_label_B6-0-0,train,/home/aarf101/xd_official/i3d-features/RGB/v=X1arMZmYhsk__#00-07-22_00-08-19_label_B6-0-0,85,1,car_accident
Haywire.2011__#00-43-46_00-45-00_label_A,train,/home/aarf101/xd_official/i3d-features/RGB/Haywire.2011__#00-43-46_00-45-00_label_A,111,0,
v=Su_wcUpLYIk__#1_label_A,train,/home/aarf101/xd_official/i3d-features/RGB/v=Su_wcUpLYIk__#1_label_A,134,0,
Fast.Five.2011__#00-16-27_00-16-40_label_G-0-0,train,/home/aarf101/xd_official/i3d-features/RGB/Fast.Five.2011__#00-16-27_00-16-40_label_G-0-0,19,1,explosion
v=F702Y4BtjbY__#1_label_B1-0-0,train,/home/aarf101/xd_official/i3d-features/RGB/v=F702Y4BtjbY__#1_label_B1-0-0,155,1,fighting
v=l_V-SOG_Fsg__#1_label_B4-0-0,train,/home/aarf101/xd_official/i3d-features/RGB/v=l_V-SOG_Fsg__#1_label_B4-0-0,187,1,riot
Bullet.in.the.Head.1990__#01-04-23_01-06-11_label_A,train,/home/aarf101/xd_official/i3d-features/RGB/Bullet.in.the.Head.1990__#01-04-23_01-06-11_label_A,162,0,
v=rKpXqwE2rg8__#00-00-00_00-01-57_label_B4-0-0,train,/home/aarf101/xd_official/i3d-features/RGB/v=rKpXqwE2rg8__#00-00-00_00-01-57_label_B4-0-0,175,1,riot
Taken.2.UNRATED.EXTENDED.2012__#00-35-40_00-35-58_label_B1-0-0,train,/home/aarf101/xd_official/i3d-features/RGB/Taken.2.UNRATED.EXTENDED.2012__#00-35-40_00-35-58_label_B1-0-0,27,1,fighting
v=yy-KIWDcBr4__#00-04-10_00-06-09_label_B6-0-0,train,/home/aarf101/xd_official/i3d-features/RGB/v=yy-KIWDcBr4__#00-04-10_00-06-09_label_B6-0-0,178,1,car_accident
God.Bless.America.2011__#00-42-23_00-45-12_label_A,train,/home/aarf101/xd_official/i3d-features/RGB/God.Bless.America.2011__#00-42-23_00-45-12_label_A,253,0,
Quantum.Of.Solace.2008__#00-30-15_00-31-11_label_B2-0-0,train,/home/aarf101/xd_official/i3d-features/RGB/Quantum.Of.Solace.2008__#00-30-15_00-31-11_label_B2-0-0,84,1,shooting
v=5BBoVfKOyeM__#00-01-40_00-02-59_label_B6-0-0,train,/home/aarf101/xd_official/i3d-features/RGB/v=5BBoVfKOyeM__#00-01-40_00-02-59_label_B6-0-0,118,1,car_accident
v=BzwNU2xmT64__#00-08-35_00-10-25_label_B6-0-0,train,/home/aarf101/xd_official/i3d-features/RGB/v=BzwNU2xmT64__#00-08-35_00-10-25_label_B6-0-0,165,1,car_accident
Love.Actually.2003__#00-25-20_00-29-40_label_A,train,/home/aarf101/xd_official/i3d-features/RGB/Love.Actually.2003__#00-25-20_00-29-40_label_A,390,0,
v=6s0JhcWxNKU__#1_label_A,train,/home/aarf101/xd_official/i3d-features/RGB/v=6s0JhcWxNKU__#1_label_A,2828,0,
v=zwJEvhVNOC0__#1_label_A,train,/home/aarf101/xd_official/i3d-features/RGB/v=zwJEvhVNOC0__#1_label_A,237,0,
v=NeAC-MfTZzU__#00-12-00_00-15-00_label_A,train,/home/aarf101/xd_official/i3d-features/RGB/v=NeAC-MfTZzU__#00-12-00_00-15-00_label_A,270,0,
v=sJrdxXGR-BY__#1_label_A,train,/home/aarf101/xd_official/i3d-features/RGB/v=sJrdxXGR-BY__#1_label_A,199,0,
v=EOAfl8yMiN8__#00-05-11_00-06-35_label_B6-0-0,train,/home/aarf101/xd_official/i3d-features/RGB/v=EOAfl8yMiN8__#00-05-11_00-06-35_label_B6-0-0,126,1,car_accident
The.Bourne.Ultimatum.2007__#01-02-12_01-02-22_label_B1-0-0,train,/home/aarf101/xd_official/i3d-features/RGB/The.Bourne.Ultimatum.2007__#01-02-12_01-02-22_label_B1-0-0,15,1,fighting
About.Time.2013__#01-30-25_01-33-56_label_A,train,/home/aarf101/xd_official/i3d-features/RGB/About.Time.2013__#01-30-25_01-33-56_label_A,316,0,
v=NL6XMMAwCWc__#1_label_A,train,/home/aarf101/xd_official/i3d-features/RGB/v=NL6XMMAwCWc__#1_label_A,41,0,
Braveheart.1995__#01-44-05_01-45-55_label_A,train,/home/aarf101/xd_official/i3d-features/RGB/Braveheart.1995__#01-44-05_01-45-55_label_A,165,0,
Deadpool.2016__#01-36-22_01-37-45_label_A,train,/home/aarf101/xd_official/i3d-features/RGB/Deadpool.2016__#01-36-22_01-37-45_label_A,124,0,
The.World.Is.Not.Enough.1999__#01-03-31_01-04-14_label_B2-0-0,train,/home/aarf101/xd_official/i3d-features/RGB/The.World.Is.Not.Enough.1999__#01-03-31_01-04-14_label_B2-0-0,64,1,shooting
v=enYITYwvPAQ__#00-06-00_00-09-00_label_A,train,/home/aarf101/xd_official/i3d-features/RGB/v=enYITYwvPAQ__#00-06-00_00-09-00_label_A,270,0,
Kingsman.The.Secret.Service.2014__#01-49-00_01-49-40_label_G-0-0,train,/home/aarf101/xd_official/i3d-features/RGB/Kingsman.The.Secret.Service.2014__#01-49-00_01-49-40_label_G-0-0,60,1,explosion
Ip.Man.3.2015__#01-11-30_01-11-54_label_A,train,/home/aarf101/xd_official/i3d-features/RGB/Ip.Man.3.2015__#01-11-30_01-11-54_label_A,35,0,
Taken.3.2014__#01-37-20_01-37-37_label_B2-0-0,train,/home/aarf101/xd_official/i3d-features/RGB/Taken.3.2014__#01-37-20_01-37-37_label_B2-0-0,25,1,shooting
v=HZ-YZ1CSfGY__#1_label_G-0-0,train,/home/aarf101/xd_official/i3d-features/RGB/v=HZ-YZ1CSfGY__#1_label_G-0-0,85,1,explosion
About.Time.2013__#00-49-48_00-51-12_label_A,train,/home/aarf101/xd_official/i3d-features/RGB/About.Time.2013__#00-49-48_00-51-12_label_A,126,0,
v=McTTbbaHjhI__#1_label_A,train,/home/aarf101/xd_official/i3d-features/RGB/v=McTTbbaHjhI__#1_label_A,848,0,
v=Tlx-XRyAgnM__#00-10-06_00-13-26_label_B4-0-0,train,/home/aarf101/xd_official/i3d-features/RGB/v=Tlx-XRyAgnM__#00-10-06_00-13-26_label_B4-0-0,300,1,riot
v=1LgHkQL7Jms__#00-05-52_00-07-11_label_B6-0-0,train,/home/aarf101/xd_official/i3d-features/RGB/v=1LgHkQL7Jms__#00-05-52_00-07-11_label_B6-0-0,118,1,car_accident
The.Intouchables.2011__#00-25-20_00-29-20_label_A,train,/home/aarf101/xd_official/i3d-features/RGB/The.Intouchables.2011__#00-25-20_00-29-20_label_A,360,0,
Fast.Five.2011__#01-00-48_01-00-58_label_G-0-0,train,/home/aarf101/xd_official/i3d-features/RGB/Fast.Five.2011__#01-00-48_01-00-58_label_G-0-0,15,1,explosion
v=q2SP66Jb6Cw__#00-12-00_00-18-00_label_A,train,/home/aarf101/xd_official/i3d-features/RGB/v=q2SP66Jb6Cw__#00-12-00_00-18-00_label_A,540,0,
Ip.Man.3.2015__#00-34-00_00-36-00_label_B1-B4-0,train,/home/aarf101/xd_official/i3d-features/RGB/Ip.Man.3.2015__#00-34-00_00-36-00_label_B1-B4-0,179,1,fighting|riot
v=Dn_SDu22WpM__#00-03-00_00-04-09_label_B6-0-0,train,/home/aarf101/xd_official/i3d-features/RGB/v=Dn_SDu22WpM__#00-03-00_00-04-09_label_B6-0-0,103,1,car_accident
Love.Actually.2003__#00-38-52_00-40-31_label_A,train,/home/aarf101/xd_official/i3d-features/RGB/Love.Actually.2003__#00-38-52_00-40-31_label_A,148,0,
v=i60ykiNmJiI__#1_label_B1-0-0,train,/home/aarf101/xd_official/i3d-features/RGB/v=i60ykiNmJiI__#1_label_B1-0-0,163,1,fighting
Mindhunters.2004__#01-39-00_01-39-52_label_A,train,/home/aarf101/xd_official/i3d-features/RGB/Mindhunters.2004__#01-39-00_01-39-52_label_A,78,0,
Shoot.Em.Up.2007__#00-02-08_00-05-45_label_B2-0-0,train,/home/aarf101/xd_official/i3d-features/RGB/Shoot.Em.Up.2007__#00-02-08_00-05-45_label_B2-0-0,325,1,shooting
v=q2SP66Jb6Cw__#00-48-00_00-54-00_label_A,train,/home/aarf101/xd_official/i3d-features/RGB/v=q2SP66Jb6Cw__#00-48-00_00-54-00_label_A,540,0,
Salt.2010__#00-00-41_00-02-10_label_B5-0-0,train,/home/aarf101/xd_official/i3d-features/RGB/Salt.2010__#00-00-41_00-02-10_label_B5-0-0,133,1,abuse
Bullet.in.the.Head.1990__#02-05-23_02-06-45_label_G-B2-0,train,/home/aarf101/xd_official/i3d-features/RGB/Bullet.in.the.Head.1990__#02-05-23_02-06-45_label_G-B2-0,123,1,explosion|shooting
v=AqFWYZsOgWY__#00-45-00_00-47-33_label_A,train,/home/aarf101/xd_official/i3d-features/RGB/v=AqFWYZsOgWY__#00-45-00_00-47-33_label_A,229,0,
v=XkXTfZl7lH0__#1_label_G-0-0,train,/home/aarf101/xd_official/i3d-features/RGB/v=XkXTfZl7lH0__#1_label_G-0-0,55,1,explosion
v=Yr41_8QOTF8__#00-00-00_00-03-00_label_A,train,/home/aarf101/xd_official/i3d-features/RGB/v=Yr41_8QOTF8__#00-00-00_00-03-00_label_A,269,0,
v=0vVOXlgHC1U__#00-54-00_01-00-00_label_A,train,/home/aarf101/xd_official/i3d-features/RGB/v=0vVOXlgHC1U__#00-54-00_01-00-00_label_A,540,0,
v=CLFYvG6MsZU__#00-00-00_00-02-16_label_B2-0-0,train,/home/aarf101/xd_official/i3d-features/RGB/v=CLFYvG6MsZU__#00-00-00_00-02-16_label_B2-0-0,204,1,shooting
v=vFPQ_NiDBIU__#00-12-00_00-18-00_label_A,train,/home/aarf101/xd_official/i3d-features/RGB/v=vFPQ_NiDBIU__#00-12-00_00-18-00_label_A,539,0,
v=cvSRy1NOXc8__#1_label_A,train,/home/aarf101/xd_official/i3d-features/RGB/v=cvSRy1NOXc8__#1_label_A,195,0,
v=iegHZ_UWWsA__#00-08-58_00-14-05_label_B4-0-0,train,/home/aarf101/xd_official/i3d-features/RGB/v=iegHZ_UWWsA__#00-08-58_00-14-05_label_B4-0-0,460,1,riot
v=9MQr77RSnQY__#1_label_B1-0-0,train,/home/aarf101/xd_official/i3d-features/RGB/v=9MQr77RSnQY__#1_label_B1-0-0,150,1,fighting
v=kHs-1bp1MyM__#1_label_A,train,/home/aarf101/xd_official/i3d-features/RGB/v=kHs-1bp1MyM__#1_label_A,295,0,
About.Time.2013__#00-08-55_00-10-50_label_A,train,/home/aarf101/xd_official/i3d-features/RGB/About.Time.2013__#00-08-55_00-10-50_label_A,172,0,
v=tnXK_zxfpjM__#1_label_G-0-0,train,/home/aarf101/xd_official/i3d-features/RGB/v=tnXK_zxfpjM__#1_label_G-0-0,33,1,explosion
The.Fast.and.the.Furious.2001__#00-12-42_00-13-45_label_A,train,/home/aarf101/xd_official/i3d-features/RGB/The.Fast.and.the.Furious.2001__#00-12-42_00-13-45_label_A,94,0,
v=jW8kD79pqOY__#1_label_B1-0-0,train,/home/aarf101/xd_official/i3d-features/RGB/v=jW8kD79pqOY__#1_label_B1-0-0,234,1,fighting
v=n2lE5MzjmV8__#1_label_A,train,/home/aarf101/xd_official/i3d-features/RGB/v=n2lE5MzjmV8__#1_label_A,224,0,
Brick.Mansions.2014__#01-17-29_01-18-33_label_A,train,/home/aarf101/xd_official/i3d-features/RGB/Brick.Mansions.2014__#01-17-29_01-18-33_label_A,95,0,
Shoplifters.2018__#00-56-40_00-58-00_label_A,train,/home/aarf101/xd_official/i3d-features/RGB/Shoplifters.2018__#00-56-40_00-58-00_label_A,120,0,
Before.Sunrise.1995__#00-57-20_00-58-17_label_A,train,/home/aarf101/xd_official/i3d-features/RGB/Before.Sunrise.1995__#00-57-20_00-58-17_label_A,85,0,
v=2QeZPWlLufc__#1_label_A,train,/home/aarf101/xd_official/i3d-features/RGB/v=2QeZPWlLufc__#1_label_A,195,0,
The.Secret.Life.of.Walter.Mitty.2013__#01-32-00_01-36-08_label_A,train,/home/aarf101/xd_official/i3d-features/RGB/The.Secret.Life.of.Walter.Mitty.2013__#01-32-00_01-36-08_label_A,372,0,
Mission.Impossible.V.Rogue.Nation.2015__#00-06-43_00-09-00_label_A,train,/home/aarf101/xd_official/i3d-features/RGB/Mission.Impossible.V.Rogue.Nation.2015__#00-06-43_00-09-00_label_A,205,0,
v=_d4P8xdrmvQ__#1_label_A,train,/home/aarf101/xd_official/i3d-features/RGB/v=_d4P8xdrmvQ__#1_label_A,320,0,
v=8tqeeBGjnPg__#00-10-00_00-11-31_label_B6-0-0,train,/home/aarf101/xd_official/i3d-features/RGB/v=8tqeeBGjnPg__#00-10-00_00-11-31_label_B6-0-0,136,1,car_accident
Love.Actually.2003__#00-45-40_00-47-30_label_A,train,/home/aarf101/xd_official/i3d-features/RGB/Love.Actually.2003__#00-45-40_00-47-30_label_A,165,0,
v=vFPQ_NiDBIU__#01-30-00_01-36-00_label_A,train,/home/aarf101/xd_official/i3d-features/RGB/v=vFPQ_NiDBIU__#01-30-00_01-36-00_label_A,539,0,
The.World.Is.Not.Enough.1999__#01-48-36_01-48-50_label_B2-0-0,train,/home/aarf101/xd_official/i3d-features/RGB/The.World.Is.Not.Enough.1999__#01-48-36_01-48-50_label_B2-0-0,21,1,shooting
v=SJjLFVHC4RU__#1_label_A,train,/home/aarf101/xd_official/i3d-features/RGB/v=SJjLFVHC4RU__#1_label_A,224,0,
Kill.Bill.Vol.1.2003__#01-10-40_01-12-54_label_A,train,/home/aarf101/xd_official/i3d-features/RGB/Kill.Bill.Vol.1.2003__#01-10-40_01-12-54_label_A,201,0,
v=xQHgnSWizWE__#00-03-00_00-06-00_label_A,train,/home/aarf101/xd_official/i3d-features/RGB/v=xQHgnSWizWE__#00-03-00_00-06-00_label_A,270,0,
Love.Death.and.Robots.S01E05__#00-09-49_00-10-23_label_B2-0-0,train,/home/aarf101/xd_official/i3d-features/RGB/Love.Death.and.Robots.S01E05__#00-09-49_00-10-23_label_B2-0-0,50,1,shooting
v=js0WkJJ5Lc0__#1_label_A,train,/home/aarf101/xd_official/i3d-features/RGB/v=js0WkJJ5Lc0__#1_label_A,819,0,
Crank.Dircut.2006__#01-13-35_01-14-35_label_A,train,/home/aarf101/xd_official/i3d-features/RGB/Crank.Dircut.2006__#01-13-35_01-14-35_label_A,90,0,
v=FHeDUxT5tB4__#1_label_A,train,/home/aarf101/xd_official/i3d-features/RGB/v=FHeDUxT5tB4__#1_label_A,227,0,
v=H9Y5_X1sEEA__#00-27-00_00-30-00_label_A,train,/home/aarf101/xd_official/i3d-features/RGB/v=H9Y5_X1sEEA__#00-27-00_00-30-00_label_A,270,0,
v=q1tQa14sUWw__#1_label_B4-0-0,train,/home/aarf101/xd_official/i3d-features/RGB/v=q1tQa14sUWw__#1_label_B4-0-0,1327,1,riot
v=7Ckf5ZG2H3k__#1_label_A,train,/home/aarf101/xd_official/i3d-features/RGB/v=7Ckf5ZG2H3k__#1_label_A,274,0,
v=96pb-yG1buU__#1_label_A,train,/home/aarf101/xd_official/i3d-features/RGB/v=96pb-yG1buU__#1_label_A,185,0,
Before.Sunset.2004__#00-50-26_00-55-16_label_A,train,/home/aarf101/xd_official/i3d-features/RGB/Before.Sunset.2004__#00-50-26_00-55-16_label_A,435,0,
v=P9FLQxMYiI4__#1_label_B4-0-0,train,/home/aarf101/xd_official/i3d-features/RGB/v=P9FLQxMYiI4__#1_label_B4-0-0,354,1,riot
v=xgN5xLU3OBs__#1_label_B4-0-0,train,/home/aarf101/xd_official/i3d-features/RGB/v=xgN5xLU3OBs__#1_label_B4-0-0,180,1,riot
v=rkBKECbTVz4__#1_label_A,train,/home/aarf101/xd_official/i3d-features/RGB/v=rkBKECbTVz4__#1_label_A,170,0,
Deadpool.2016__#0-08-50_0-09-11_label_B6-0-0,train,/home/aarf101/xd_official/i3d-features/RGB/Deadpool.2016__#0-08-50_0-09-11_label_B6-0-0,31,1,car_accident
v=LaMCiz8Ut_o__#1_label_B6-0-0,train,/home/aarf101/xd_official/i3d-features/RGB/v=LaMCiz8Ut_o__#1_label_B6-0-0,557,1,car_accident
v=deECYX55Bno__#1_label_A,train,/home/aarf101/xd_official/i3d-features/RGB/v=deECYX55Bno__#1_label_A,1698,0,
Operation.Red.Sea.2018__#0-26-07_0-27-21_label_B2-0-0,train,/home/aarf101/xd_official/i3d-features/RGB/Operation.Red.Sea.2018__#0-26-07_0-27-21_label_B2-0-0,110,1,shooting
v=1bglsyniUE4__#1_label_B4-0-0,train,/home/aarf101/xd_official/i3d-features/RGB/v=1bglsyniUE4__#1_label_B4-0-0,119,1,riot
Deadpool.2.2018__#02-05-32_02-05-55_label_A,train,/home/aarf101/xd_official/i3d-features/RGB/Deadpool.2.2018__#02-05-32_02-05-55_label_A,34,0,
v=IlQ53DIh8G0__#1_label_A,train,/home/aarf101/xd_official/i3d-features/RGB/v=IlQ53DIh8G0__#1_label_A,914,0,
Young.And.Dangerous.IV.1997__#0-02-36_0-06-36_label_A,train,/home/aarf101/xd_official/i3d-features/RGB/Young.And.Dangerous.IV.1997__#0-02-36_0-06-36_label_A,360,0,
wangted.2008__#0-39-22_0-39-34_label_B2-0-0,train,/home/aarf101/xd_official/i3d-features/RGB/wangted.2008__#0-39-22_0-39-34_label_B2-0-0,18,1,shooting
v=34gJo6HrDxY__#1_label_G-0-0,train,/home/aarf101/xd_official/i3d-features/RGB/v=34gJo6HrDxY__#1_label_G-0-0,94,1,explosion
Kingsman.The.Golden.Circle.2017__#01-34-40_01-35-08_label_G-0-0,train,/home/aarf101/xd_official/i3d-features/RGB/Kingsman.The.Golden.Circle.2017__#01-34-40_01-35-08_label_G-0-0,42,1,explosion
v=LEkNtRnxy0o__#1_label_A,train,/home/aarf101/xd_official/i3d-features/RGB/v=LEkNtRnxy0o__#1_label_A,209,0,
The.Bourne.Ultimatum.2007__#01-01-50_01-02-10_label_G-0-0,train,/home/aarf101/xd_official/i3d-features/RGB/The.Bourne.Ultimatum.2007__#01-01-50_01-02-10_label_G-0-0,30,1,explosion
v=fkps18H3SXY__#01-54-00_02-00-00_label_A,train,/home/aarf101/xd_official/i3d-features/RGB/v=fkps18H3SXY__#01-54-00_02-00-00_label_A,540,0,
v=Q3o0ayyWap4__#1_label_A,train,/home/aarf101/xd_official/i3d-features/RGB/v=Q3o0ayyWap4__#1_label_A,1027,0,
v=PQnFFCyJ3Eo__#00-08-57_00-12-13_label_B4-0-0,train,/home/aarf101/xd_official/i3d-features/RGB/v=PQnFFCyJ3Eo__#00-08-57_00-12-13_label_B4-0-0,294,1,riot
v=vFPQ_NiDBIU__#02-24-00_02-30-00_label_A,train,/home/aarf101/xd_official/i3d-features/RGB/v=vFPQ_NiDBIU__#02-24-00_02-30-00_label_A,539,0,
Kingsman.The.Secret.Service.2014__#00-30-40_00-31-45_label_A,train,/home/aarf101/xd_official/i3d-features/RGB/Kingsman.The.Secret.Service.2014__#00-30-40_00-31-45_label_A,97,0,
Casino.Royale.2006__#00-16-55_00-18-30_label_B1-B2-0,train,/home/aarf101/xd_official/i3d-features/RGB/Casino.Royale.2006__#00-16-55_00-18-30_label_B1-B2-0,142,1,fighting|shooting
v=crLCw6__dt8__#1_label_B4-0-0,train,/home/aarf101/xd_official/i3d-features/RGB/v=crLCw6__dt8__#1_label_B4-0-0,87,1,riot
Love.Death.and.Robots.S01E04__#00-10-39_00-10-51_label_G-0-0,train,/home/aarf101/xd_official/i3d-features/RGB/Love.Death.and.Robots.S01E04__#00-10-39_00-10-51_label_G-0-0,17,1,explosion
v=UxV8yW8eTWs__#1_label_B1-0-0,train,/home/aarf101/xd_official/i3d-features/RGB/v=UxV8yW8eTWs__#1_label_B1-0-0,210,1,fighting
Love.Death.and.Robots.S01E04__#00-06-28_00-10-33_label_G-B2-0,train,/home/aarf101/xd_official/i3d-features/RGB/Love.Death.and.Robots.S01E04__#00-06-28_00-10-33_label_G-B2-0,367,1,explosion|shooting
The.Pursuit.of.Happyness.2006__#00-33-52_00-38-31_label_A,train,/home/aarf101/xd_official/i3d-features/RGB/The.Pursuit.of.Happyness.2006__#00-33-52_00-38-31_label_A,418,0,
Taken.3.2014__#01-40-55_01-41-17_label_B5-0-0,train,/home/aarf101/xd_official/i3d-features/RGB/Taken.3.2014__#01-40-55_01-41-17_label_B5-0-0,33,1,abuse
Fast.Furious.6.2013__#00-23-40_00-24-31_label_B6-B2-0,train,/home/aarf101/xd_official/i3d-features/RGB/Fast.Furious.6.2013__#00-23-40_00-24-31_label_B6-B2-0,76,1,car_accident|shooting
v=7EGsd9BtaoA__#1_label_A,train,/home/aarf101/xd_official/i3d-features/RGB/v=7EGsd9BtaoA__#1_label_A,277,0,
v=gGlqujwrhbI__#00-09-00_00-12-00_label_A,train,/home/aarf101/xd_official/i3d-features/RGB/v=gGlqujwrhbI__#00-09-00_00-12-00_label_A,270,0,
Tropa.de.Elite.2.2010__#00-02-10_00-03-45_label_B2-0-0,train,/home/aarf101/xd_official/i3d-features/RGB/Tropa.de.Elite.2.2010__#00-02-10_00-03-45_label_B2-0-0,142,1,shooting
v=KvqhpLyR-bE__#1_label_A,train,/home/aarf101/xd_official/i3d-features/RGB/v=KvqhpLyR-bE__#1_label_A,2125,0,
Sin.City.2005__#01-55-42_01-56-03_label_A,train,/home/aarf101/xd_official/i3d-features/RGB/Sin.City.2005__#01-55-42_01-56-03_label_A,31,0,
v=AqFWYZsOgWY__#00-12-00_00-15-00_label_A,train,/home/aarf101/xd_official/i3d-features/RGB/v=AqFWYZsOgWY__#00-12-00_00-15-00_label_A,270,0,
City.Of.Men.2007__#00-54-31_00-55-31_label_A,train,/home/aarf101/xd_official/i3d-features/RGB/City.Of.Men.2007__#00-54-31_00-55-31_label_A,90,0,
Before.Sunset.2004__#00-58-18_01-02-30_label_A,train,/home/aarf101/xd_official/i3d-features/RGB/Before.Sunset.2004__#00-58-18_01-02-30_label_A,378,0,
v=PHgxRABwgfA__#1_label_B4-B5-B1,train,/home/aarf101/xd_official/i3d-features/RGB/v=PHgxRABwgfA__#1_label_B4-B5-B1,542,1,riot|abuse|fighting
Your.Name.2016__#00-02-45_00-04-15_label_A,train,/home/aarf101/xd_official/i3d-features/RGB/Your.Name.2016__#00-02-45_00-04-15_label_A,135,0,
v=hiHZWeeoEUg__#00-00-00_00-30-30_label_G-B2-0,train,/home/aarf101/xd_official/i3d-features/RGB/v=hiHZWeeoEUg__#00-00-00_00-30-30_label_G-B2-0,274,1,explosion|shooting
v=MiN_kgpkn-U__#1_label_A,train,/home/aarf101/xd_official/i3d-features/RGB/v=MiN_kgpkn-U__#1_label_A,81,0,
Young.And.Dangerous.I.1996__#01-30-01_01-30-15_label_B1-0-0,train,/home/aarf101/xd_official/i3d-features/RGB/Young.And.Dangerous.I.1996__#01-30-01_01-30-15_label_B1-0-0,21,1,fighting
The.Bourne.Ultimatum.2007__#0-31-52_0-32-52_label_A,train,/home/aarf101/xd_official/i3d-features/RGB/The.Bourne.Ultimatum.2007__#0-31-52_0-32-52_label_A,90,0,
v=NeAC-MfTZzU__#00-06-00_00-09-00_label_A,train,/home/aarf101/xd_official/i3d-features/RGB/v=NeAC-MfTZzU__#00-06-00_00-09-00_label_A,270,0,
v=uO9coydHA3k__#1_label_B1-B2-0,train,/home/aarf101/xd_official/i3d-features/RGB/v=uO9coydHA3k__#1_label_B1-B2-0,722,1,fighting|shooting
v=2rfyeR-YaJw__#1_label_G-0-0,train,/home/aarf101/xd_official/i3d-features/RGB/v=2rfyeR-YaJw__#1_label_G-0-0,121,1,explosion
v=j4JOjcDFtBE__#1_label_G-0-0,train,/home/aarf101/xd_official/i3d-features/RGB/v=j4JOjcDFtBE__#1_label_G-0-0,215,1,explosion
v=KksmTloMKuQ__#00-00-00_00-03-06_label_B2-G-0,train,/home/aarf101/xd_official/i3d-features/RGB/v=KksmTloMKuQ__#00-00-00_00-03-06_label_B2-G-0,279,1,shooting|explosion
v=9eME1y6V-T4__#00-48-00_00-54-00_label_A,train,/home/aarf101/xd_official/i3d-features/RGB/v=9eME1y6V-T4__#00-48-00_00-54-00_label_A,540,0,
v=PejV3Qticq0__#1_label_B4-0-0,train,/home/aarf101/xd_official/i3d-features/RGB/v=PejV3Qticq0__#1_label_B4-0-0,689,1,riot
v=C1ZCZ-PBGzI__#00-00-00_00-01-51_label_B6-0-0,train,/home/aarf101/xd_official/i3d-features/RGB/v=C1ZCZ-PBGzI__#00-00-00_00-01-51_label_B6-0-0,166,1,car_accident
The.Pursuit.of.Happyness.2006__#00-02-45_00-04-15_label_A,train,/home/aarf101/xd_official/i3d-features/RGB/The.Pursuit.of.Happyness.2006__#00-02-45_00-04-15_label_A,135,0,
Skyfall.2012__#01-20-55_01-22-51_label_A,train,/home/aarf101/xd_official/i3d-features/RGB/Skyfall.2012__#01-20-55_01-22-51_label_A,174,0,
The.Bourne.Identity.2002__#0-05-58_0-06-25_label_A,train,/home/aarf101/xd_official/i3d-features/RGB/The.Bourne.Identity.2002__#0-05-58_0-06-25_label_A,40,0,
v=BzwNU2xmT64__#00-03-00_00-04-09_label_B6-0-0,train,/home/aarf101/xd_official/i3d-features/RGB/v=BzwNU2xmT64__#00-03-00_00-04-09_label_B6-0-0,103,1,car_accident
v=-PSYPrE5LrQ__#1_label_B4-0-0,train,/home/aarf101/xd_official/i3d-features/RGB/v=-PSYPrE5LrQ__#1_label_B4-0-0,198,1,riot
GoldenEye.1995__#01-52-20_01-53-15_label_A,train,/home/aarf101/xd_official/i3d-features/RGB/GoldenEye.1995__#01-52-20_01-53-15_label_A,82,0,
Shoot.Em.Up.2007__#01-04-40_01-06-06_label_B1-0-0,train,/home/aarf101/xd_official/i3d-features/RGB/Shoot.Em.Up.2007__#01-04-40_01-06-06_label_B1-0-0,128,1,fighting
Be.with.You.2018__#00-42-52_00-45-31_label_A,train,/home/aarf101/xd_official/i3d-features/RGB/Be.with.You.2018__#00-42-52_00-45-31_label_A,238,0,
v=zdbumR6Bhd8__#1_label_A,train,/home/aarf101/xd_official/i3d-features/RGB/v=zdbumR6Bhd8__#1_label_A,290,0,
Tropa.de.Elite.2.2010__#01-01-00_01-02-30_label_A,train,/home/aarf101/xd_official/i3d-features/RGB/Tropa.de.Elite.2.2010__#01-01-00_01-02-30_label_A,135,0,
Taken.Extended.Cut.2008__#00-05-18_00-07-51_label_A,train,/home/aarf101/xd_official/i3d-features/RGB/Taken.Extended.Cut.2008__#00-05-18_00-07-51_label_A,229,0,
v=5Tnl7_8RqlA__#00-17-22_00-18-19_label_B6-0-0,train,/home/aarf101/xd_official/i3d-features/RGB/v=5Tnl7_8RqlA__#00-17-22_00-18-19_label_B6-0-0,85,1,car_accident
GoldenEye.1995__#01-55-46_01-56-22_label_G-0-0,train,/home/aarf101/xd_official/i3d-features/RGB/GoldenEye.1995__#01-55-46_01-56-22_label_G-0-0,54,1,explosion
Young.And.Dangerous.II.1996__#01-27-05_01-28-15_label_A,train,/home/aarf101/xd_official/i3d-features/RGB/Young.And.Dangerous.II.1996__#01-27-05_01-28-15_label_A,105,0,
v=FRj2K0ulD8Q__#00-00-57_00-02-06_label_B4-0-0,train,/home/aarf101/xd_official/i3d-features/RGB/v=FRj2K0ulD8Q__#00-00-57_00-02-06_label_B4-0-0,103,1,riot
v=5Tnl7_8RqlA__#00-16-10_00-17-19_label_B6-0-0,train,/home/aarf101/xd_official/i3d-features/RGB/v=5Tnl7_8RqlA__#00-16-10_00-17-19_label_B6-0-0,103,1,car_accident
The.Secret.Life.of.Walter.Mitty.2013__#00-20-35_00-23-06_label_A,train,/home/aarf101/xd_official/i3d-features/RGB/The.Secret.Life.of.Walter.Mitty.2013__#00-20-35_00-23-06_label_A,226,0,
v=w4IMts5VN3k__#1_label_A,train,/home/aarf101/xd_official/i3d-features/RGB/v=w4IMts5VN3k__#1_label_A,223,0,
Before.Sunset.2004__#00-40-52_00-42-01_label_A,train,/home/aarf101/xd_official/i3d-features/RGB/Before.Sunset.2004__#00-40-52_00-42-01_label_A,103,0,
v=2ncA53czMOg__#00-01-51_00-02-40_label_B4-0-0,train,/home/aarf101/xd_official/i3d-features/RGB/v=2ncA53czMOg__#00-01-51_00-02-40_label_B4-0-0,73,1,riot
v=2QASTfhFPZs__#1_label_A,train,/home/aarf101/xd_official/i3d-features/RGB/v=2QASTfhFPZs__#1_label_A,158,0,
Saving.Private.Ryan.1998__#00-36-27_00-38-27_label_A,train,/home/aarf101/xd_official/i3d-features/RGB/Saving.Private.Ryan.1998__#00-36-27_00-38-27_label_A,180,0,
Fast.Furious.6.2013__#00-58-11_00-58-55_label_B1-0-0,train,/home/aarf101/xd_official/i3d-features/RGB/Fast.Furious.6.2013__#00-58-11_00-58-55_label_B1-0-0,66,1,fighting
The.Secret.Life.of.Walter.Mitty.2013__#00-01-45_00-02-44_label_A,train,/home/aarf101/xd_official/i3d-features/RGB/The.Secret.Life.of.Walter.Mitty.2013__#00-01-45_00-02-44_label_A,88,0,
A.Beautiful.Mind.2001__#00-16-18_00-17-09_label_A,train,/home/aarf101/xd_official/i3d-features/RGB/A.Beautiful.Mind.2001__#00-16-18_00-17-09_label_A,76,0,
v=HECMVdl-9SQ__#1_label_B4-0-0,train,/home/aarf101/xd_official/i3d-features/RGB/v=HECMVdl-9SQ__#1_label_B4-0-0,183,1,riot
The.Bourne.Supremacy.2004__#0-10-00_0-12-00_label_A,train,/home/aarf101/xd_official/i3d-features/RGB/The.Bourne.Supremacy.2004__#0-10-00_0-12-00_label_A,180,0,
v=gHUZylSNA_U__#1_label_A,train,/home/aarf101/xd_official/i3d-features/RGB/v=gHUZylSNA_U__#1_label_A,243,0,
Deadpool.2.2018__#0-03-38_0-03-50_label_B2-0-0,train,/home/aarf101/xd_official/i3d-features/RGB/Deadpool.2.2018__#0-03-38_0-03-50_label_B2-0-0,18,1,shooting
Salt.2010__#01-19-30_01-19-54_label_B2-0-0,train,/home/aarf101/xd_official/i3d-features/RGB/Salt.2010__#01-19-30_01-19-54_label_B2-0-0,36,1,shooting
The.Notebook.2004__#00-56-40_00-58-00_label_A,train,/home/aarf101/xd_official/i3d-features/RGB/The.Notebook.2004__#00-56-40_00-58-00_label_A,120,0,
Your.Name.2016__#00-04-20_00-05-35_label_A,train,/home/aarf101/xd_official/i3d-features/RGB/Your.Name.2016__#00-04-20_00-05-35_label_A,112,0,
v=3yCAZWdqX_Y__#1_label_A,train,/home/aarf101/xd_official/i3d-features/RGB/v=3yCAZWdqX_Y__#1_label_A,140,0,
Jason.Bourne.2016__#01-13-10_01-13-40_label_B2-0-0,train,/home/aarf101/xd_official/i3d-features/RGB/Jason.Bourne.2016__#01-13-10_01-13-40_label_B2-0-0,45,1,shooting
v=7QOdBpDrmKk__#00-13-00_00-14-09_label_B6-0-0,train,/home/aarf101/xd_official/i3d-features/RGB/v=7QOdBpDrmKk__#00-13-00_00-14-09_label_B6-0-0,103,1,car_accident
v=Y43UkfAe_bc__#00-01-40_00-02-27_label_B4-0-0,train,/home/aarf101/xd_official/i3d-features/RGB/v=Y43UkfAe_bc__#00-01-40_00-02-27_label_B4-0-0,70,1,riot
v=s-dy27cLZuA__#1_label_A,train,/home/aarf101/xd_official/i3d-features/RGB/v=s-dy27cLZuA__#1_label_A,61,0,
v=4dDQk6dJL3A__#1_label_A,train,/home/aarf101/xd_official/i3d-features/RGB/v=4dDQk6dJL3A__#1_label_A,289,0,
v=cTPB8Q47a4s__#1_label_A,train,/home/aarf101/xd_official/i3d-features/RGB/v=cTPB8Q47a4s__#1_label_A,957,0,
Jason.Bourne.2016__#01-24-46_01-25-35_label_A,train,/home/aarf101/xd_official/i3d-features/RGB/Jason.Bourne.2016__#01-24-46_01-25-35_label_A,73,0,
Casino.Royale.2006__#00-06-56_00-09-35_label_A,train,/home/aarf101/xd_official/i3d-features/RGB/Casino.Royale.2006__#00-06-56_00-09-35_label_A,238,0,
Thelma...Louise.1991__#00-22-20_00-23-10_label_A,train,/home/aarf101/xd_official/i3d-features/RGB/Thelma...Louise.1991__#00-22-20_00-23-10_label_A,74,0,
v=wDPzFSdbqnU__#1_label_A,train,/home/aarf101/xd_official/i3d-features/RGB/v=wDPzFSdbqnU__#1_label_A,48,0,
v=6FnL9s4SaAc__#1_label_G-0-0,train,/home/aarf101/xd_official/i3d-features/RGB/v=6FnL9s4SaAc__#1_label_G-0-0,111,1,explosion
v=I2w5ACABcvc__#1_label_A,train,/home/aarf101/xd_official/i3d-features/RGB/v=I2w5ACABcvc__#1_label_A,247,0,
v=7lqJYZhVzPE__#1_label_A,train,/home/aarf101/xd_official/i3d-features/RGB/v=7lqJYZhVzPE__#1_label_A,277,0,
v=kFisGc754_4__#1_label_A,train,/home/aarf101/xd_official/i3d-features/RGB/v=kFisGc754_4__#1_label_A,396,0,
v=c0GlCjZbVzk__#1_label_A,train,/home/aarf101/xd_official/i3d-features/RGB/v=c0GlCjZbVzk__#1_label_A,5911,0,
The.Notebook.2004__#00-03-00_00-04-05_label_A,train,/home/aarf101/xd_official/i3d-features/RGB/The.Notebook.2004__#00-03-00_00-04-05_label_A,97,0,
Brick.Mansions.2014__#00-32-30_00-33-20_label_A,train,/home/aarf101/xd_official/i3d-features/RGB/Brick.Mansions.2014__#00-32-30_00-33-20_label_A,74,0,
v=itGX1CuGYiw__#1_label_A,train,/home/aarf101/xd_official/i3d-features/RGB/v=itGX1CuGYiw__#1_label_A,341,0,
Desperado.1995__#00-54-16_00-56-20_label_B1-B2-0,train,/home/aarf101/xd_official/i3d-features/RGB/Desperado.1995__#00-54-16_00-56-20_label_B1-B2-0,186,1,fighting|shooting
The.Fast.and.the.Furious.2001__#01-28-36_01-29-38_label_A,train,/home/aarf101/xd_official/i3d-features/RGB/The.Fast.and.the.Furious.2001__#01-28-36_01-29-38_label_A,93,0,
Deadpool.2016__#01-47-00_01-47-28_label_A,train,/home/aarf101/xd_official/i3d-features/RGB/Deadpool.2016__#01-47-00_01-47-28_label_A,42,0,
v=9zmKVlflJ1c__#1_label_B4-0-0,train,/home/aarf101/xd_official/i3d-features/RGB/v=9zmKVlflJ1c__#1_label_B4-0-0,202,1,riot
New.Kids.Turbo.2010__#00-02-24_00-03-30_label_B6-0-0,train,/home/aarf101/xd_official/i3d-features/RGB/New.Kids.Turbo.2010__#00-02-24_00-03-30_label_B6-0-0,98,1,car_accident
Shoplifters.2018__#00-49-48_00-51-12_label_A,train,/home/aarf101/xd_official/i3d-features/RGB/Shoplifters.2018__#00-49-48_00-51-12_label_A,126,0,
Lord.of.War__#00-00-00_00-01-00_label_A,train,/home/aarf101/xd_official/i3d-features/RGB/Lord.of.War__#00-00-00_00-01-00_label_A,89,0,
v=AhmF5p2Z7Ec__#1_label_B4-0-0,train,/home/aarf101/xd_official/i3d-features/RGB/v=AhmF5p2Z7Ec__#1_label_B4-0-0,190,1,riot
v=gt0QF8-dTNw__#1_label_A,train,/home/aarf101/xd_official/i3d-features/RGB/v=gt0QF8-dTNw__#1_label_A,161,0,
About.Time.2013__#00-17-30_00-19-10_label_A,train,/home/aarf101/xd_official/i3d-features/RGB/About.Time.2013__#00-17-30_00-19-10_label_A,150,0,
v=ZjPgJS-LYPM__#1_label_A,train,/home/aarf101/xd_official/i3d-features/RGB/v=ZjPgJS-LYPM__#1_label_A,252,0,
Young.And.Dangerous.II.1996__#0-04-44_0-05-44_label_A,train,/home/aarf101/xd_official/i3d-features/RGB/Young.And.Dangerous.II.1996__#0-04-44_0-05-44_label_A,90,0,
v=xi0JMS1rulo__#1_label_A,train,/home/aarf101/xd_official/i3d-features/RGB/v=xi0JMS1rulo__#1_label_A,386,0,
v=-41qhay-Zzg__#1_label_A,train,/home/aarf101/xd_official/i3d-features/RGB/v=-41qhay-Zzg__#1_label_A,308,0,
v=moXG1byvf2Q__#1_label_G-0-0,train,/home/aarf101/xd_official/i3d-features/RGB/v=moXG1byvf2Q__#1_label_G-0-0,83,1,explosion
v=yGnKHxNVibw__#1_label_A,train,/home/aarf101/xd_official/i3d-features/RGB/v=yGnKHxNVibw__#1_label_A,1218,0,
Hear.Me.2009__#00-38-52_00-40-31_label_A,train,/home/aarf101/xd_official/i3d-features/RGB/Hear.Me.2009__#00-38-52_00-40-31_label_A,148,0,
v=XYIQL0np5mI__#1_label_A,train,/home/aarf101/xd_official/i3d-features/RGB/v=XYIQL0np5mI__#1_label_A,317,0,
Bad.Boys.II.2003__#02-07-07_02-12-05_label_B2-G-0,train,/home/aarf101/xd_official/i3d-features/RGB/Bad.Boys.II.2003__#02-07-07_02-12-05_label_B2-G-0,447,1,shooting|explosion
v=uH74IjVj1IU__#1_label_B4-0-0,train,/home/aarf101/xd_official/i3d-features/RGB/v=uH74IjVj1IU__#1_label_B4-0-0,40,1,riot
The.Attorney.2013__#00-02-45_00-04-15_label_A,train,/home/aarf101/xd_official/i3d-features/RGB/The.Attorney.2013__#00-02-45_00-04-15_label_A,135,0,
v=hj0QEg3sUgo__#1_label_A,train,/home/aarf101/xd_official/i3d-features/RGB/v=hj0QEg3sUgo__#1_label_A,86,0,
The.Attorney.2013__#00-05-52_00-08-22_label_A,train,/home/aarf101/xd_official/i3d-features/RGB/The.Attorney.2013__#00-05-52_00-08-22_label_A,225,0,
Your.Name.2016__#01-17-00_01-19-40_label_A,train,/home/aarf101/xd_official/i3d-features/RGB/Your.Name.2016__#01-17-00_01-19-40_label_A,240,0,
Kill.Bill.Vol.2.2004__#01-58-20_01-59-00_label_B1-0-0,train,/home/aarf101/xd_official/i3d-features/RGB/Kill.Bill.Vol.2.2004__#01-58-20_01-59-00_label_B1-0-0,60,1,fighting
Fury.2014__#02-04-03_02-05-57_label_A,train,/home/aarf101/xd_official/i3d-features/RGB/Fury.2014__#02-04-03_02-05-57_label_A,171,0,
Mission.Impossible.Ghost.Protocol.2011__#00-20-02_00-21-12_label_A,train,/home/aarf101/xd_official/i3d-features/RGB/Mission.Impossible.Ghost.Protocol.2011__#00-20-02_00-21-12_label_A,105,0,
v=FVJoir1HR9U__#1_label_A,train,/home/aarf101/xd_official/i3d-features/RGB/v=FVJoir1HR9U__#1_label_A,1322,0,
v=enYITYwvPAQ__#00-09-00_00-12-00_label_A,train,/home/aarf101/xd_official/i3d-features/RGB/v=enYITYwvPAQ__#00-09-00_00-12-00_label_A,270,0,
Lord.of.War__#01-30-02_01-30-58_label_A,train,/home/aarf101/xd_official/i3d-features/RGB/Lord.of.War__#01-30-02_01-30-58_label_A,84,0,
Mission.Impossible.V.Rogue.Nation.2015__#01-14-35_01-15-25_label_B2-B6-0,train,/home/aarf101/xd_official/i3d-features/RGB/Mission.Impossible.V.Rogue.Nation.2015__#01-14-35_01-15-25_label_B2-B6-0,74,1,shooting|car_accident
New.Kids.Turbo.2010__#00-04-24_00-06-30_label_A,train,/home/aarf101/xd_official/i3d-features/RGB/New.Kids.Turbo.2010__#00-04-24_00-06-30_label_A,188,0,
v=Yr41_8QOTF8__#00-24-00_00-27-00_label_A,train,/home/aarf101/xd_official/i3d-features/RGB/v=Yr41_8QOTF8__#00-24-00_00-27-00_label_A,270,0,
Taken.3.2014__#00-44-08_00-44-30_label_B1-0-0,train,/home/aarf101/xd_official/i3d-features/RGB/Taken.3.2014__#00-44-08_00-44-30_label_B1-0-0,33,1,fighting
v=qQCTvJq83_s__#1_label_A,train,/home/aarf101/xd_official/i3d-features/RGB/v=qQCTvJq83_s__#1_label_A,221,0,
GoldenEye.1995__#00-39-57_00-41-32_label_G-0-0,train,/home/aarf101/xd_official/i3d-features/RGB/GoldenEye.1995__#00-39-57_00-41-32_label_G-0-0,142,1,explosion
v=gM3qsp6CXMk__#00-03-40_00-05-09_label_B6-0-0,train,/home/aarf101/xd_official/i3d-features/RGB/v=gM3qsp6CXMk__#00-03-40_00-05-09_label_B6-0-0,133,1,car_accident
The.Bourne.Supremacy.2004__#0-43-15_0-43-55_label_G-0-0,train,/home/aarf101/xd_official/i3d-features/RGB/The.Bourne.Supremacy.2004__#0-43-15_0-43-55_label_G-0-0,60,1,explosion
v=l0vVDS_wQwA__#1_label_A,train,/home/aarf101/xd_official/i3d-features/RGB/v=l0vVDS_wQwA__#1_label_A,260,0,
v=t1e7CTQ7V4A__#1_label_B1-0-0,train,/home/aarf101/xd_official/i3d-features/RGB/v=t1e7CTQ7V4A__#1_label_B1-0-0,159,1,fighting
v=UHHl40ldtBI__#1_label_G-0-0,train,/home/aarf101/xd_official/i3d-features/RGB/v=UHHl40ldtBI__#1_label_G-0-0,117,1,explosion
v=enYITYwvPAQ__#00-18-00_00-21-00_label_A,train,/home/aarf101/xd_official/i3d-features/RGB/v=enYITYwvPAQ__#00-18-00_00-21-00_label_A,270,0,
v=ZoS8gm5OcOM__#00-05-00_00-06-15_label_B6-0-0,train,/home/aarf101/xd_official/i3d-features/RGB/v=ZoS8gm5OcOM__#00-05-00_00-06-15_label_B6-0-0,112,1,car_accident
v=IhU6jml6NY4__#1_label_G-0-0,train,/home/aarf101/xd_official/i3d-features/RGB/v=IhU6jml6NY4__#1_label_G-0-0,250,1,explosion
The.Bourne.Legacy.2012__#0-38-41_0-38-51_label_B2-0-0,train,/home/aarf101/xd_official/i3d-features/RGB/The.Bourne.Legacy.2012__#0-38-41_0-38-51_label_B2-0-0,15,1,shooting
Thelma...Louise.1991__#01-52-50_01-53-20_label_G-B2-0,train,/home/aarf101/xd_official/i3d-features/RGB/Thelma...Louise.1991__#01-52-50_01-53-20_label_G-B2-0,45,1,explosion|shooting
Jason.Bourne.2016__#01-16-40_01-18-50_label_A,train,/home/aarf101/xd_official/i3d-features/RGB/Jason.Bourne.2016__#01-16-40_01-18-50_label_A,194,0,
v=arFPbZ_f2AI__#1_label_A,train,/home/aarf101/xd_official/i3d-features/RGB/v=arFPbZ_f2AI__#1_label_A,1200,0,
v=OTH4Fkt2PKo__#1_label_G-0-0,train,/home/aarf101/xd_official/i3d-features/RGB/v=OTH4Fkt2PKo__#1_label_G-0-0,81,1,explosion
v=g8AIvhmoV7E__#1_label_A,train,/home/aarf101/xd_official/i3d-features/RGB/v=g8AIvhmoV7E__#1_label_A,170,0,
v=0N3BKmDiKmc__#00-09-00_00-10-29_label_B6-0-0,train,/home/aarf101/xd_official/i3d-features/RGB/v=0N3BKmDiKmc__#00-09-00_00-10-29_label_B6-0-0,133,1,car_accident
v=2oUyemslvxw__#1_label_A,train,/home/aarf101/xd_official/i3d-features/RGB/v=2oUyemslvxw__#1_label_A,929,0,
v=C1ZCZ-PBGzI__#00-13-00_00-14-51_label_B6-0-0,train,/home/aarf101/xd_official/i3d-features/RGB/v=C1ZCZ-PBGzI__#00-13-00_00-14-51_label_B6-0-0,166,1,car_accident
Yellow.Sea.2010__#00-38-00_00-38-45_label_B1-0-0,train,/home/aarf101/xd_official/i3d-features/RGB/Yellow.Sea.2010__#00-38-00_00-38-45_label_B1-0-0,67,1,fighting
v=6nwNVRG_0Zk__#1_label_A,train,/home/aarf101/xd_official/i3d-features/RGB/v=6nwNVRG_0Zk__#1_label_A,74,0,
v=Y-h3M082MWc__#1_label_A,train,/home/aarf101/xd_official/i3d-features/RGB/v=Y-h3M082MWc__#1_label_A,289,0,
v=KAMpR94SIJ0__#1_label_A,train,/home/aarf101/xd_official/i3d-features/RGB/v=KAMpR94SIJ0__#1_label_A,131,0,
Good.Will.Hunting.1997__#00-16-18_00-18-09_label_A,train,/home/aarf101/xd_official/i3d-features/RGB/Good.Will.Hunting.1997__#00-16-18_00-18-09_label_A,166,0,
Taken.2.UNRATED.EXTENDED.2012__#00-14-30_00-14-52_label_B5-0-0,train,/home/aarf101/xd_official/i3d-features/RGB/Taken.2.UNRATED.EXTENDED.2012__#00-14-30_00-14-52_label_B5-0-0,33,1,abuse
Yellow.Sea.2010__#00-15-34_00-16-47_label_A,train,/home/aarf101/xd_official/i3d-features/RGB/Yellow.Sea.2010__#00-15-34_00-16-47_label_A,109,0,
v=x-Cgkgj5KR0__#00-03-00_00-06-00_label_A,train,/home/aarf101/xd_official/i3d-features/RGB/v=x-Cgkgj5KR0__#00-03-00_00-06-00_label_A,270,0,
Yellow.Sea.2010__#00-11-20_00-12-05_label_B1-0-0,train,/home/aarf101/xd_official/i3d-features/RGB/Yellow.Sea.2010__#00-11-20_00-12-05_label_B1-0-0,67,1,fighting
Your.Name.2016__#01-20-00_01-22-08_label_A,train,/home/aarf101/xd_official/i3d-features/RGB/Your.Name.2016__#01-20-00_01-22-08_label_A,191,0,
v=yE8sbxP4SfM__#1_label_A,train,/home/aarf101/xd_official/i3d-features/RGB/v=yE8sbxP4SfM__#1_label_A,328,0,
v=5Rtsav021Rs__#00-03-00_00-06-00_label_A,train,/home/aarf101/xd_official/i3d-features/RGB/v=5Rtsav021Rs__#00-03-00_00-06-00_label_A,270,0,
Good.Will.Hunting.1997__#00-25-20_00-29-20_label_A,train,/home/aarf101/xd_official/i3d-features/RGB/Good.Will.Hunting.1997__#00-25-20_00-29-20_label_A,360,0,
v=HPRrvo00YtY__#1_label_A,train,/home/aarf101/xd_official/i3d-features/RGB/v=HPRrvo00YtY__#1_label_A,265,0,
Bullet.in.the.Head.1990__#00-36-00_00-37-14_label_B2-0-0,train,/home/aarf101/xd_official/i3d-features/RGB/Bullet.in.the.Head.1990__#00-36-00_00-37-14_label_B2-0-0,111,1,shooting
Skyfall.2012__#02-02-50_02-03-30_label_B2-G-0,train,/home/aarf101/xd_official/i3d-features/RGB/Skyfall.2012__#02-02-50_02-03-30_label_B2-G-0,60,1,shooting|explosion
About.Time.2013__#01-17-00_01-19-40_label_A,train,/home/aarf101/xd_official/i3d-features/RGB/About.Time.2013__#01-17-00_01-19-40_label_A,240,0,
God.Bless.America.2011__#01-21-50_01-22-35_label_B1-0-0,train,/home/aarf101/xd_official/i3d-features/RGB/God.Bless.America.2011__#01-21-50_01-22-35_label_B1-0-0,67,1,fighting
v=p3NshF6UCKg__#1_label_A,train,/home/aarf101/xd_official/i3d-features/RGB/v=p3NshF6UCKg__#1_label_A,180,0,
v=jr-Z9io05JM__#1_label_A,train,/home/aarf101/xd_official/i3d-features/RGB/v=jr-Z9io05JM__#1_label_A,311,0,
Deadpool.2.2018__#01-42-58_01-43-15_label_B1-0-0,train,/home/aarf101/xd_official/i3d-features/RGB/Deadpool.2.2018__#01-42-58_01-43-15_label_B1-0-0,25,1,fighting
Lord.of.War__#00-06-20_00-07-20_label_B2-0-0,train,/home/aarf101/xd_official/i3d-features/RGB/Lord.of.War__#00-06-20_00-07-20_label_B2-0-0,90,1,shooting
The.World.Is.Not.Enough.1999__#00-36-10_00-36-27_label_G-0-0,train,/home/aarf101/xd_official/i3d-features/RGB/The.World.Is.Not.Enough.1999__#00-36-10_00-36-27_label_G-0-0,25,1,explosion
Operation.Red.Sea.2018__#01-36-21_01-37-00_label_B2-0-0,train,/home/aarf101/xd_official/i3d-features/RGB/Operation.Red.Sea.2018__#01-36-21_01-37-00_label_B2-0-0,58,1,shooting
v=CQUviNlz7j0__#1_label_B1-0-0,train,/home/aarf101/xd_official/i3d-features/RGB/v=CQUviNlz7j0__#1_label_B1-0-0,165,1,fighting
NewAdd.NBA-2017.12.25_CLE@GSW__#00-21-00_00-44-20_label_A,train,/home/aarf101/xd_official/i3d-features/RGB/NewAdd.NBA-2017.12.25_CLE@GSW__#00-21-00_00-44-20_label_A,2100,0,
The.Pursuit.of.Happyness.2006__#01-09-30_01-16-59_label_A,train,/home/aarf101/xd_official/i3d-features/RGB/The.Pursuit.of.Happyness.2006__#01-09-30_01-16-59_label_A,673,0,
v=vsI_pKNcgeQ__#00-06-00_00-09-00_label_A,train,/home/aarf101/xd_official/i3d-features/RGB/v=vsI_pKNcgeQ__#00-06-00_00-09-00_label_A,270,0,
v=oAQtabmrV7Q__#1_label_B1-0-0,train,/home/aarf101/xd_official/i3d-features/RGB/v=oAQtabmrV7Q__#1_label_B1-0-0,321,1,fighting
The.Fast.and.the.Furious.2001__#01-31-10_01-31-55_label_B2-0-0,train,/home/aarf101/xd_official/i3d-features/RGB/The.Fast.and.the.Furious.2001__#01-31-10_01-31-55_label_B2-0-0,67,1,shooting
v=sM814jqUPXw__#00-09-00_00-10-09_label_B6-0-0,train,/home/aarf101/xd_official/i3d-features/RGB/v=sM814jqUPXw__#00-09-00_00-10-09_label_B6-0-0,103,1,car_accident
v=68eshtx9qaM__#1_label_B4-0-0,train,/home/aarf101/xd_official/i3d-features/RGB/v=68eshtx9qaM__#1_label_B4-0-0,119,1,riot
Flipped.2010__#01-21-00_01-24-40_label_A,train,/home/aarf101/xd_official/i3d-features/RGB/Flipped.2010__#01-21-00_01-24-40_label_A,330,0,
GoldenEye.1995__#01-43-18_01-44-30_label_B1-B2-G,train,/home/aarf101/xd_official/i3d-features/RGB/GoldenEye.1995__#01-43-18_01-44-30_label_B1-B2-G,108,1,fighting|shooting|explosion
v=Yr41_8QOTF8__#00-36-00_00-39-00_label_A,train,/home/aarf101/xd_official/i3d-features/RGB/v=Yr41_8QOTF8__#00-36-00_00-39-00_label_A,270,0,
v=vsI_pKNcgeQ__#00-24-00_00-27-00_label_A,train,/home/aarf101/xd_official/i3d-features/RGB/v=vsI_pKNcgeQ__#00-24-00_00-27-00_label_A,270,0,
v=JmCOEJUPfM8__#1_label_A,train,/home/aarf101/xd_official/i3d-features/RGB/v=JmCOEJUPfM8__#1_label_A,223,0,
Be.with.You.2018__#00-58-18_01-02-30_label_A,train,/home/aarf101/xd_official/i3d-features/RGB/Be.with.You.2018__#00-58-18_01-02-30_label_A,378,0,
v=hNVz9YbUeLA__#00-05-10_00-07-20_label_B1-0-0,train,/home/aarf101/xd_official/i3d-features/RGB/v=hNVz9YbUeLA__#00-05-10_00-07-20_label_B1-0-0,194,1,fighting
v=PvdphFs3XDQ__#1_label_B1-0-0,train,/home/aarf101/xd_official/i3d-features/RGB/v=PvdphFs3XDQ__#1_label_B1-0-0,187,1,fighting
v=ba4YbfByJfg__#1_label_A,train,/home/aarf101/xd_official/i3d-features/RGB/v=ba4YbfByJfg__#1_label_A,1589,0,
Mindhunters.2004__#00-52-45_00-53-40_label_B2-0-0,train,/home/aarf101/xd_official/i3d-features/RGB/Mindhunters.2004__#00-52-45_00-53-40_label_B2-0-0,82,1,shooting
v=xCl5F043ClM__#1_label_B4-0-0,train,/home/aarf101/xd_official/i3d-features/RGB/v=xCl5F043ClM__#1_label_B4-0-0,85,1,riot
The.Pursuit.of.Happyness.2006__#01-31-45_01-34-11_label_A,train,/home/aarf101/xd_official/i3d-features/RGB/The.Pursuit.of.Happyness.2006__#01-31-45_01-34-11_label_A,218,0,
v=Dn_SDu22WpM__#00-06-10_00-07-19_label_B6-0-0,train,/home/aarf101/xd_official/i3d-features/RGB/v=Dn_SDu22WpM__#00-06-10_00-07-19_label_B6-0-0,103,1,car_accident
Taken.3.2014__#01-48-52_01-49-42_label_A,train,/home/aarf101/xd_official/i3d-features/RGB/Taken.3.2014__#01-48-52_01-49-42_label_A,75,0,
v=xLIvJqv7Mxo__#1_label_G-0-0,train,/home/aarf101/xd_official/i3d-features/RGB/v=xLIvJqv7Mxo__#1_label_G-0-0,118,1,explosion
v=WsxYAwdOgO4__#1_label_A,train,/home/aarf101/xd_official/i3d-features/RGB/v=WsxYAwdOgO4__#1_label_A,816,0,
v=Qa9rNcwsyvw__#1_label_B4-0-0,train,/home/aarf101/xd_official/i3d-features/RGB/v=Qa9rNcwsyvw__#1_label_B4-0-0,247,1,riot
v=H9Y5_X1sEEA__#00-21-00_00-24-00_label_A,train,/home/aarf101/xd_official/i3d-features/RGB/v=H9Y5_X1sEEA__#00-21-00_00-24-00_label_A,270,0,
v=BQ5laI-llEM__#1_label_A,train,/home/aarf101/xd_official/i3d-features/RGB/v=BQ5laI-llEM__#1_label_A,387,0,
Good.Will.Hunting.1997__#00-20-35_00-23-06_label_A,train,/home/aarf101/xd_official/i3d-features/RGB/Good.Will.Hunting.1997__#00-20-35_00-23-06_label_A,226,0,
v=xo7cHHk2vQw__#1_label_B1-0-0,train,/home/aarf101/xd_official/i3d-features/RGB/v=xo7cHHk2vQw__#1_label_B1-0-0,314,1,fighting
Fast.Five.2011__#01-33-25_01-34-41_label_B2-G-0,train,/home/aarf101/xd_official/i3d-features/RGB/Fast.Five.2011__#01-33-25_01-34-41_label_B2-G-0,114,1,shooting|explosion
wangted.2008__#0-01-10_0-01-59_label_A,train,/home/aarf101/xd_official/i3d-features/RGB/wangted.2008__#0-01-10_0-01-59_label_A,73,0,
v=GgXLASW-bpg__#1_label_A,train,/home/aarf101/xd_official/i3d-features/RGB/v=GgXLASW-bpg__#1_label_A,36,0,
v=FfrXebzAwOg__#00-07-22_00-08-19_label_B6-0-0,train,/home/aarf101/xd_official/i3d-features/RGB/v=FfrXebzAwOg__#00-07-22_00-08-19_label_B6-0-0,85,1,car_accident
v=_KuGizBjDXo__#1_label_G-0-0,train,/home/aarf101/xd_official/i3d-features/RGB/v=_KuGizBjDXo__#1_label_G-0-0,196,1,explosion
Sin.City.2005__#0-07-40_0-08-40_label_B1-0-0,train,/home/aarf101/xd_official/i3d-features/RGB/Sin.City.2005__#0-07-40_0-08-40_label_B1-0-0,89,1,fighting
Deadpool.2016__#01-33-21_01-34-25_label_B1-0-0,train,/home/aarf101/xd_official/i3d-features/RGB/Deadpool.2016__#01-33-21_01-34-25_label_B1-0-0,96,1,fighting
Love.Actually.2003__#02-02-50_02-09-20_label_A,train,/home/aarf101/xd_official/i3d-features/RGB/Love.Actually.2003__#02-02-50_02-09-20_label_A,585,0,
v=k7R_Qo-BiAw__#00-13-00_00-14-09_label_B6-0-0,train,/home/aarf101/xd_official/i3d-features/RGB/v=k7R_Qo-BiAw__#00-13-00_00-14-09_label_B6-0-0,103,1,car_accident
v=QGUyrMeujCQ__#1_label_A,train,/home/aarf101/xd_official/i3d-features/RGB/v=QGUyrMeujCQ__#1_label_A,149,0,
v=vhACO_m5pH0__#00-13-42_00-14-40_label_B6-0-0,train,/home/aarf101/xd_official/i3d-features/RGB/v=vhACO_m5pH0__#00-13-42_00-14-40_label_B6-0-0,87,1,car_accident
Brick.Mansions.2014__#00-44-56_00-46-38_label_A,train,/home/aarf101/xd_official/i3d-features/RGB/Brick.Mansions.2014__#00-44-56_00-46-38_label_A,152,0,
v=X1arMZmYhsk__#00-08-35_00-10-25_label_B6-0-0,train,/home/aarf101/xd_official/i3d-features/RGB/v=X1arMZmYhsk__#00-08-35_00-10-25_label_B6-0-0,165,1,car_accident
v=JXDcm8YXvds__#1_label_B4-0-0,train,/home/aarf101/xd_official/i3d-features/RGB/v=JXDcm8YXvds__#1_label_B4-0-0,297,1,riot
Mission.Impossible.V.Rogue.Nation.2015__#00-23-00_00-25-22_label_A,train,/home/aarf101/xd_official/i3d-features/RGB/Mission.Impossible.V.Rogue.Nation.2015__#00-23-00_00-25-22_label_A,212,0,
Be.with.You.2018__#01-29-31_01-31-00_label_A,train,/home/aarf101/xd_official/i3d-features/RGB/Be.with.You.2018__#01-29-31_01-31-00_label_A,133,0,
v=aCLf7sUx_UI__#1_label_A,train,/home/aarf101/xd_official/i3d-features/RGB/v=aCLf7sUx_UI__#1_label_A,266,0,
The.Pursuit.of.Happyness.2006__#00-49-48_00-51-12_label_A,train,/home/aarf101/xd_official/i3d-features/RGB/The.Pursuit.of.Happyness.2006__#00-49-48_00-51-12_label_A,126,0,
v=KwJRY2W4GbI__#1_label_B1-0-0,train,/home/aarf101/xd_official/i3d-features/RGB/v=KwJRY2W4GbI__#1_label_B1-0-0,852,1,fighting
v=tb4KREvKYBA__#00-13-30_00-23-20_label_B4-0-0,train,/home/aarf101/xd_official/i3d-features/RGB/v=tb4KREvKYBA__#00-13-30_00-23-20_label_B4-0-0,885,1,riot
v=7bTAoATiuuc__#1_label_B4-0-0,train,/home/aarf101/xd_official/i3d-features/RGB/v=7bTAoATiuuc__#1_label_B4-0-0,135,1,riot
v=3wFnffG183M__#1_label_A,train,/home/aarf101/xd_official/i3d-features/RGB/v=3wFnffG183M__#1_label_A,323,0,
Love.Actually.2003__#01-47-05_01-54-40_label_A,train,/home/aarf101/xd_official/i3d-features/RGB/Love.Actually.2003__#01-47-05_01-54-40_label_A,682,0,
Gladiator.2000__#00-13-32_00-14-40_label_A,train,/home/aarf101/xd_official/i3d-features/RGB/Gladiator.2000__#00-13-32_00-14-40_label_A,102,0,
v=usAvzbDq6-c__#00-06-00_00-09-00_label_A,train,/home/aarf101/xd_official/i3d-features/RGB/v=usAvzbDq6-c__#00-06-00_00-09-00_label_A,270,0,
Saving.Private.Ryan.1998__#00-01-26_00-04-07_label_A,train,/home/aarf101/xd_official/i3d-features/RGB/Saving.Private.Ryan.1998__#00-01-26_00-04-07_label_A,241,0,
GoldenEye.1995__#00-26-45_00-27-14_label_B2-0-0,train,/home/aarf101/xd_official/i3d-features/RGB/GoldenEye.1995__#00-26-45_00-27-14_label_B2-0-0,43,1,shooting
Still.Walking.2008__#00-08-55_00-10-50_label_A,train,/home/aarf101/xd_official/i3d-features/RGB/Still.Walking.2008__#00-08-55_00-10-50_label_A,172,0,
v=F_pE1VJaudU__#1_label_A,train,/home/aarf101/xd_official/i3d-features/RGB/v=F_pE1VJaudU__#1_label_A,256,0,
The.Pursuit.of.Happyness.2006__#00-40-52_00-42-31_label_A,train,/home/aarf101/xd_official/i3d-features/RGB/The.Pursuit.of.Happyness.2006__#00-40-52_00-42-31_label_A,148,0,
A.Beautiful.Mind.2001__#01-29-31_01-31-00_label_A,train,/home/aarf101/xd_official/i3d-features/RGB/A.Beautiful.Mind.2001__#01-29-31_01-31-00_label_A,133,0,
A.Beautiful.Mind.2001__#00-45-40_00-47-30_label_A,train,/home/aarf101/xd_official/i3d-features/RGB/A.Beautiful.Mind.2001__#00-45-40_00-47-30_label_A,165,0,
v=AqFWYZsOgWY__#00-36-00_00-39-00_label_A,train,/home/aarf101/xd_official/i3d-features/RGB/v=AqFWYZsOgWY__#00-36-00_00-39-00_label_A,270,0,
The.Bourne.Supremacy.2004__#0-35-33_0-38-31_label_A,train,/home/aarf101/xd_official/i3d-features/RGB/The.Bourne.Supremacy.2004__#0-35-33_0-38-31_label_A,266,0,
GoldenEye.1995__#00-05-41_00-07-32_label_B2-G-0,train,/home/aarf101/xd_official/i3d-features/RGB/GoldenEye.1995__#00-05-41_00-07-32_label_B2-G-0,166,1,shooting|explosion
Taken.3.2014__#01-44-39_01-45-00_label_B1-B2-B5,train,/home/aarf101/xd_official/i3d-features/RGB/Taken.3.2014__#01-44-39_01-45-00_label_B1-B2-B5,31,1,fighting|shooting|abuse
v=xctzp0dp9uc__#1_label_A,train,/home/aarf101/xd_official/i3d-features/RGB/v=xctzp0dp9uc__#1_label_A,416,0,
Fury.2014__#00-31-22_00-35-11_label_B2-G-0,train,/home/aarf101/xd_official/i3d-features/RGB/Fury.2014__#00-31-22_00-35-11_label_B2-G-0,343,1,shooting|explosion
v=o90PytkckwI__#1_label_A,train,/home/aarf101/xd_official/i3d-features/RGB/v=o90PytkckwI__#1_label_A,644,0,
v=kVl-6-A9ZO4__#00-06-41_00-07-55_label_B6-0-0,train,/home/aarf101/xd_official/i3d-features/RGB/v=kVl-6-A9ZO4__#00-06-41_00-07-55_label_B6-0-0,111,1,car_accident
Mission.Impossible.II.2000__#01-27-10_01-27-50_label_A,train,/home/aarf101/xd_official/i3d-features/RGB/Mission.Impossible.II.2000__#01-27-10_01-27-50_label_A,60,0,
v=SdYFFo_tsfk__#00-06-00_00-12-00_label_A,train,/home/aarf101/xd_official/i3d-features/RGB/v=SdYFFo_tsfk__#00-06-00_00-12-00_label_A,540,0,
v=LGmHE8wxreY__#1_label_A,train,/home/aarf101/xd_official/i3d-features/RGB/v=LGmHE8wxreY__#1_label_A,408,0,
v=Fl1i5SNawNk__#1_label_G-0-0,train,/home/aarf101/xd_official/i3d-features/RGB/v=Fl1i5SNawNk__#1_label_G-0-0,44,1,explosion
v=upXtunPlmQo__#1_label_B1-0-0,train,/home/aarf101/xd_official/i3d-features/RGB/v=upXtunPlmQo__#1_label_B1-0-0,130,1,fighting
Bad.Boys.1995__#01-44-40_01-49-20_label_B2-G-B6,train,/home/aarf101/xd_official/i3d-features/RGB/Bad.Boys.1995__#01-44-40_01-49-20_label_B2-G-B6,420,1,shooting|explosion|car_accident
v=JICOcHmkzfA__#1_label_B4-0-0,train,/home/aarf101/xd_official/i3d-features/RGB/v=JICOcHmkzfA__#1_label_B4-0-0,191,1,riot
v=p2ggHwtb-Zg__#00-00-00_00-03-00_label_A,train,/home/aarf101/xd_official/i3d-features/RGB/v=p2ggHwtb-Zg__#00-00-00_00-03-00_label_A,270,0,
v=OyvATvirHxM__#1_label_A,train,/home/aarf101/xd_official/i3d-features/RGB/v=OyvATvirHxM__#1_label_A,333,0,
Still.Walking.2008__#01-17-00_01-19-40_label_A,train,/home/aarf101/xd_official/i3d-features/RGB/Still.Walking.2008__#01-17-00_01-19-40_label_A,240,0,
A.Beautiful.Mind.2001__#00-32-07_00-36-45_label_A,train,/home/aarf101/xd_official/i3d-features/RGB/A.Beautiful.Mind.2001__#00-32-07_00-36-45_label_A,417,0,
v=8dbxn1vb2k8__#1_label_A,train,/home/aarf101/xd_official/i3d-features/RGB/v=8dbxn1vb2k8__#1_label_A,124,0,
Jason.Bourne.2016__#0-53-59_0-54-53_label_B1-0-0,train,/home/aarf101/xd_official/i3d-features/RGB/Jason.Bourne.2016__#0-53-59_0-54-53_label_B1-0-0,81,1,fighting
Bad.Boys.II.2003__#00-37-53_00-41-48_label_A,train,/home/aarf101/xd_official/i3d-features/RGB/Bad.Boys.II.2003__#00-37-53_00-41-48_label_A,352,0,
Bullet.in.the.Head.1990__#01-36-00_01-38-33_label_B2-G-0,train,/home/aarf101/xd_official/i3d-features/RGB/Bullet.in.the.Head.1990__#01-36-00_01-38-33_label_B2-G-0,229,1,shooting|explosion
IP.Man.2.2010__#00-09-34_00-10-35_label_B1-0-0,train,/home/aarf101/xd_official/i3d-features/RGB/IP.Man.2.2010__#00-09-34_00-10-35_label_B1-0-0,91,1,fighting
v=oE2Noy7Sz-E__#1_label_A,train,/home/aarf101/xd_official/i3d-features/RGB/v=oE2Noy7Sz-E__#1_label_A,266,0,
Before.Sunset.2004__#00-55-26_00-57-16_label_A,train,/home/aarf101/xd_official/i3d-features/RGB/Before.Sunset.2004__#00-55-26_00-57-16_label_A,165,0,
v=KeJw6U9_VeY__#1_label_B4-0-0,train,/home/aarf101/xd_official/i3d-features/RGB/v=KeJw6U9_VeY__#1_label_B4-0-0,277,1,riot
v=SdYFFo_tsfk__#00-24-00_00-30-00_label_A,train,/home/aarf101/xd_official/i3d-features/RGB/v=SdYFFo_tsfk__#00-24-00_00-30-00_label_A,540,0,
v=_VGsAbXOxQ8__#1_label_A,train,/home/aarf101/xd_official/i3d-features/RGB/v=_VGsAbXOxQ8__#1_label_A,5400,0,
About.Time.2013__#01-50-20_01-56-30_label_A,train,/home/aarf101/xd_official/i3d-features/RGB/About.Time.2013__#01-50-20_01-56-30_label_A,555,0,
Ip.Man.2008__#01-26-51_01-28-04_label_B1-0-0,train,/home/aarf101/xd_official/i3d-features/RGB/Ip.Man.2008__#01-26-51_01-28-04_label_B1-0-0,109,1,fighting
Saving.Private.Ryan.1998__#00-41-55_00-45-45_label_A,train,/home/aarf101/xd_official/i3d-features/RGB/Saving.Private.Ryan.1998__#00-41-55_00-45-45_label_A,345,0,
v=uij8heW1HbQ__#1_label_A,train,/home/aarf101/xd_official/i3d-features/RGB/v=uij8heW1HbQ__#1_label_A,518,0,
v=0vVOXlgHC1U__#01-06-00_01-12-50_label_A,train,/home/aarf101/xd_official/i3d-features/RGB/v=0vVOXlgHC1U__#01-06-00_01-12-50_label_A,615,0,
v=hdPTRcsFN5w__#00-03-00_00-06-00_label_A,train,/home/aarf101/xd_official/i3d-features/RGB/v=hdPTRcsFN5w__#00-03-00_00-06-00_label_A,270,0,
v=5Rh7DIBWKBk__#00-02-10_00-03-45_label_B6-0-0,train,/home/aarf101/xd_official/i3d-features/RGB/v=5Rh7DIBWKBk__#00-02-10_00-03-45_label_B6-0-0,142,1,car_accident
The.Attorney.2013__#00-51-55_00-55-16_label_A,train,/home/aarf101/xd_official/i3d-features/RGB/The.Attorney.2013__#00-51-55_00-55-16_label_A,301,0,
v=zrexlA7wFxE__#1_label_G-0-0,train,/home/aarf101/xd_official/i3d-features/RGB/v=zrexlA7wFxE__#1_label_G-0-0,82,1,explosion
v=H9Y5_X1sEEA__#00-48-00_00-51-00_label_A,train,/home/aarf101/xd_official/i3d-features/RGB/v=H9Y5_X1sEEA__#00-48-00_00-51-00_label_A,270,0,
v=cOWdWHSgI-4__#1_label_B6-0-0,train,/home/aarf101/xd_official/i3d-features/RGB/v=cOWdWHSgI-4__#1_label_B6-0-0,470,1,car_accident
v=sM814jqUPXw__#00-04-10_00-06-09_label_B6-0-0,train,/home/aarf101/xd_official/i3d-features/RGB/v=sM814jqUPXw__#00-04-10_00-06-09_label_B6-0-0,178,1,car_accident
Mission.Impossible.Ghost.Protocol.2011__#00-30-57_00-31-32_label_G-0-0,train,/home/aarf101/xd_official/i3d-features/RGB/Mission.Impossible.Ghost.Protocol.2011__#00-30-57_00-31-32_label_G-0-0,52,1,explosion
v=whjDTmM8Xg8__#1_label_B4-0-0,train,/home/aarf101/xd_official/i3d-features/RGB/v=whjDTmM8Xg8__#1_label_B4-0-0,187,1,riot
v=NLhjNzQHphQ__#1_label_G-0-0,train,/home/aarf101/xd_official/i3d-features/RGB/v=NLhjNzQHphQ__#1_label_G-0-0,425,1,explosion
v=cW-t_V4XW08__#1_label_A,train,/home/aarf101/xd_official/i3d-features/RGB/v=cW-t_V4XW08__#1_label_A,28,0,
v=73uRcX0Dvfc__#00-04-19_00-05-11_label_B6-0-0,train,/home/aarf101/xd_official/i3d-features/RGB/v=73uRcX0Dvfc__#00-04-19_00-05-11_label_B6-0-0,78,1,car_accident
One.Day.2011__#00-25-20_00-28-20_label_A,train,/home/aarf101/xd_official/i3d-features/RGB/One.Day.2011__#00-25-20_00-28-20_label_A,270,0,
Before.Sunset.2004__#01-02-40_01-06-51_label_A,train,/home/aarf101/xd_official/i3d-features/RGB/Before.Sunset.2004__#01-02-40_01-06-51_label_A,376,0,
v=C1ZCZ-PBGzI__#00-04-19_00-06-00_label_B6-0-0,train,/home/aarf101/xd_official/i3d-features/RGB/v=C1ZCZ-PBGzI__#00-04-19_00-06-00_label_B6-0-0,151,1,car_accident
The.Pursuit.of.Happyness.2006__#00-38-52_00-40-31_label_A,train,/home/aarf101/xd_official/i3d-features/RGB/The.Pursuit.of.Happyness.2006__#00-38-52_00-40-31_label_A,148,0,
v=usAvzbDq6-c__#00-12-00_00-15-00_label_A,train,/home/aarf101/xd_official/i3d-features/RGB/v=usAvzbDq6-c__#00-12-00_00-15-00_label_A,270,0,
Your.Name.2016__#00-11-00_00-15-08_label_A,train,/home/aarf101/xd_official/i3d-features/RGB/Your.Name.2016__#00-11-00_00-15-08_label_A,372,0,
Braveheart.1995__#02-04-30_02-05-30_label_B1-0-0,train,/home/aarf101/xd_official/i3d-features/RGB/Braveheart.1995__#02-04-30_02-05-30_label_B1-0-0,90,1,fighting
v=rMhEu33OqiM__#00-01-20_00-02-20_label_G-0-0,train,/home/aarf101/xd_official/i3d-features/RGB/v=rMhEu33OqiM__#00-01-20_00-02-20_label_G-0-0,90,1,explosion
Fury.2014__#00-56-10_00-57-38_label_A,train,/home/aarf101/xd_official/i3d-features/RGB/Fury.2014__#00-56-10_00-57-38_label_A,132,0,
Kill.Bill.Vol.2.2004__#0-31-20_0-32-00_label_B5-0-0,train,/home/aarf101/xd_official/i3d-features/RGB/Kill.Bill.Vol.2.2004__#0-31-20_0-32-00_label_B5-0-0,60,1,abuse
v=2YU-dTvnFJw__#1_label_A,train,/home/aarf101/xd_official/i3d-features/RGB/v=2YU-dTvnFJw__#1_label_A,268,0,
v=x_Uc50OGPw4__#1_label_B6-0-0,train,/home/aarf101/xd_official/i3d-features/RGB/v=x_Uc50OGPw4__#1_label_B6-0-0,273,1,car_accident
The.Notebook.2004__#01-26-10_01-28-00_label_A,train,/home/aarf101/xd_official/i3d-features/RGB/The.Notebook.2004__#01-26-10_01-28-00_label_A,165,0,
v=E_PvgoPohwY__#1_label_B1-0-0,train,/home/aarf101/xd_official/i3d-features/RGB/v=E_PvgoPohwY__#1_label_B1-0-0,95,1,fighting
Tropa.de.Elite.2.2010__#00-44-02_00-45-10_label_B1-B2-0,train,/home/aarf101/xd_official/i3d-features/RGB/Tropa.de.Elite.2.2010__#00-44-02_00-45-10_label_B1-B2-0,102,1,fighting|shooting
Kingsman.The.Golden.Circle.2017__#02-00-02_02-01-21_label_B1-0-0,train,/home/aarf101/xd_official/i3d-features/RGB/Kingsman.The.Golden.Circle.2017__#02-00-02_02-01-21_label_B1-0-0,118,1,fighting
v=-boWwzJqEhQ__#1_label_B4-0-0,train,/home/aarf101/xd_official/i3d-features/RGB/v=-boWwzJqEhQ__#1_label_B4-0-0,630,1,riot
v=PgLDwRrMv8c__#1_label_A,train,/home/aarf101/xd_official/i3d-features/RGB/v=PgLDwRrMv8c__#1_label_A,39,0,
v=b1UbSYOxhjU__#1_label_G-0-0,train,/home/aarf101/xd_official/i3d-features/RGB/v=b1UbSYOxhjU__#1_label_G-0-0,87,1,explosion
Saving.Private.Ryan.1998__#01-00-44_01-03-44_label_A,train,/home/aarf101/xd_official/i3d-features/RGB/Saving.Private.Ryan.1998__#01-00-44_01-03-44_label_A,269,0,
The.Hurt.Locker.2008__#01-10-01_01-13-05_label_A,train,/home/aarf101/xd_official/i3d-features/RGB/The.Hurt.Locker.2008__#01-10-01_01-13-05_label_A,276,0,
Shoplifters.2018__#00-16-18_00-17-27_label_A,train,/home/aarf101/xd_official/i3d-features/RGB/Shoplifters.2018__#00-16-18_00-17-27_label_A,103,0,
Young.And.Dangerous.II.1996__#01-03-05_01-04-20_label_B1-0-0,train,/home/aarf101/xd_official/i3d-features/RGB/Young.And.Dangerous.II.1996__#01-03-05_01-04-20_label_B1-0-0,112,1,fighting
v=z7kvjp7NAdo__#1_label_A,train,/home/aarf101/xd_official/i3d-features/RGB/v=z7kvjp7NAdo__#1_label_A,176,0,
Quantum.Of.Solace.2008__#00-56-59_00-58-54_label_A,train,/home/aarf101/xd_official/i3d-features/RGB/Quantum.Of.Solace.2008__#00-56-59_00-58-54_label_A,172,0,
v=7EIlRGuV9VA__#1_label_A,train,/home/aarf101/xd_official/i3d-features/RGB/v=7EIlRGuV9VA__#1_label_A,24,0,
v=87ss-JRZIs4__#1_label_G-0-0,train,/home/aarf101/xd_official/i3d-features/RGB/v=87ss-JRZIs4__#1_label_G-0-0,35,1,explosion
Bullet.in.the.Head.1990__#01-33-02_01-35-40_label_B2-G-0,train,/home/aarf101/xd_official/i3d-features/RGB/Bullet.in.the.Head.1990__#01-33-02_01-35-40_label_B2-G-0,237,1,shooting|explosion
v=VRn8Tc02TbU__#00-24-00_00-27-00_label_A,train,/home/aarf101/xd_official/i3d-features/RGB/v=VRn8Tc02TbU__#00-24-00_00-27-00_label_A,270,0,
v=L6jBRXYn5JU__#1_label_A,train,/home/aarf101/xd_official/i3d-features/RGB/v=L6jBRXYn5JU__#1_label_A,317,0,
v=k7R_Qo-BiAw__#00-19-00_00-20-09_label_B6-0-0,train,/home/aarf101/xd_official/i3d-features/RGB/v=k7R_Qo-BiAw__#00-19-00_00-20-09_label_B6-0-0,103,1,car_accident
Taken.Extended.Cut.2008__#01-03-57_01-05-04_label_B5-0-0,train,/home/aarf101/xd_official/i3d-features/RGB/Taken.Extended.Cut.2008__#01-03-57_01-05-04_label_B5-0-0,100,1,abuse
v=t6X0HTOKC24__#1_label_G-0-0,train,/home/aarf101/xd_official/i3d-features/RGB/v=t6X0HTOKC24__#1_label_G-0-0,289,1,explosion
v=Mwg5VK3ILxE__#1_label_B4-0-0,train,/home/aarf101/xd_official/i3d-features/RGB/v=Mwg5VK3ILxE__#1_label_B4-0-0,129,1,riot
The.Notebook.2004__#01-42-06_01-45-53_label_A,train,/home/aarf101/xd_official/i3d-features/RGB/The.Notebook.2004__#01-42-06_01-45-53_label_A,340,0,
Good.Will.Hunting.1997__#01-58-20_02-01-10_label_A,train,/home/aarf101/xd_official/i3d-features/RGB/Good.Will.Hunting.1997__#01-58-20_02-01-10_label_A,254,0,
Tropa.de.Elite.2.2010__#01-29-26_01-30-50_label_A,train,/home/aarf101/xd_official/i3d-features/RGB/Tropa.de.Elite.2.2010__#01-29-26_01-30-50_label_A,126,0,
v=9eME1y6V-T4__#01-42-00_01-48-00_label_A,train,/home/aarf101/xd_official/i3d-features/RGB/v=9eME1y6V-T4__#01-42-00_01-48-00_label_A,540,0,
The.Intouchables.2011__#01-17-00_01-19-40_label_A,train,/home/aarf101/xd_official/i3d-features/RGB/The.Intouchables.2011__#01-17-00_01-19-40_label_A,240,0,
v=vFPQ_NiDBIU__#02-06-00_02-12-00_label_A,train,/home/aarf101/xd_official/i3d-features/RGB/v=vFPQ_NiDBIU__#02-06-00_02-12-00_label_A,539,0,
v=hdPTRcsFN5w__#00-12-00_00-15-00_label_A,train,/home/aarf101/xd_official/i3d-features/RGB/v=hdPTRcsFN5w__#00-12-00_00-15-00_label_A,270,0,
Fast.Furious.6.2013__#00-47-40_00-50-20_label_B1-0-0,train,/home/aarf101/xd_official/i3d-features/RGB/Fast.Furious.6.2013__#00-47-40_00-50-20_label_B1-0-0,240,1,fighting
The.Pursuit.of.Happyness.2006__#00-51-55_00-55-16_label_A,train,/home/aarf101/xd_official/i3d-features/RGB/The.Pursuit.of.Happyness.2006__#00-51-55_00-55-16_label_A,301,0,
v=fkps18H3SXY__#00-18-00_00-24-00_label_A,train,/home/aarf101/xd_official/i3d-features/RGB/v=fkps18H3SXY__#00-18-00_00-24-00_label_A,540,0,
The.Hurt.Locker.2008__#0-57-00_0-58-20_label_B2-0-0,train,/home/aarf101/xd_official/i3d-features/RGB/The.Hurt.Locker.2008__#0-57-00_0-58-20_label_B2-0-0,120,1,shooting
Quantum.Of.Solace.2008__#00-13-19_00-14-55_label_B1-B2-0,train,/home/aarf101/xd_official/i3d-features/RGB/Quantum.Of.Solace.2008__#00-13-19_00-14-55_label_B1-B2-0,143,1,fighting|shooting
Quantum.Of.Solace.2008__#00-22-53_00-29-20_label_A,train,/home/aarf101/xd_official/i3d-features/RGB/Quantum.Of.Solace.2008__#00-22-53_00-29-20_label_A,580,0,
v=yZ2wlTAN49g__#00-12-00_00-15-00_label_A,train,/home/aarf101/xd_official/i3d-features/RGB/v=yZ2wlTAN49g__#00-12-00_00-15-00_label_A,270,0,
v=JKpZsqblCYs__#1_label_A,train,/home/aarf101/xd_official/i3d-features/RGB/v=JKpZsqblCYs__#1_label_A,340,0,
Brick.Mansions.2014__#01-02-45_01-03-18_label_B1-0-0,train,/home/aarf101/xd_official/i3d-features/RGB/Brick.Mansions.2014__#01-02-45_01-03-18_label_B1-0-0,49,1,fighting
v=vhACO_m5pH0__#00-03-00_00-03-55_label_B6-0-0,train,/home/aarf101/xd_official/i3d-features/RGB/v=vhACO_m5pH0__#00-03-00_00-03-55_label_B6-0-0,82,1,car_accident
The.Fast.and.the.Furious.2001__#00-42-02_00-43-09_label_A,train,/home/aarf101/xd_official/i3d-features/RGB/The.Fast.and.the.Furious.2001__#00-42-02_00-43-09_label_A,100,0,
v=ahbIYYT_8rQ__#1_label_A,train,/home/aarf101/xd_official/i3d-features/RGB/v=ahbIYYT_8rQ__#1_label_A,244,0,
Sin.City.2005__#01-17-34_01-18-27_label_B6-B2-0,train,/home/aarf101/xd_official/i3d-features/RGB/Sin.City.2005__#01-17-34_01-18-27_label_B6-B2-0,79,1,car_accident|shooting
The.Hurt.Locker.2008__#01-07-45_01-08-28_label_B2-0-0,train,/home/aarf101/xd_official/i3d-features/RGB/The.Hurt.Locker.2008__#01-07-45_01-08-28_label_B2-0-0,64,1,shooting
Jason.Bourne.2016__#01-36-35_01-37-25_label_B2-0-0,train,/home/aarf101/xd_official/i3d-features/RGB/Jason.Bourne.2016__#01-36-35_01-37-25_label_B2-0-0,75,1,shooting
v=sdY11vJBw24__#1_label_A,train,/home/aarf101/xd_official/i3d-features/RGB/v=sdY11vJBw24__#1_label_A,139,0,
v=ro0kQw25gQ0__#1_label_A,train,/home/aarf101/xd_official/i3d-features/RGB/v=ro0kQw25gQ0__#1_label_A,251,0,
v=hxyhulJYz5I__#00-07-02_00-08-00_label_B6-0-0,train,/home/aarf101/xd_official/i3d-features/RGB/v=hxyhulJYz5I__#00-07-02_00-08-00_label_B6-0-0,87,1,car_accident
v=Tlx-XRyAgnM__#00-00-00_00-10-06_label_B4-0-0,train,/home/aarf101/xd_official/i3d-features/RGB/v=Tlx-XRyAgnM__#00-00-00_00-10-06_label_B4-0-0,909,1,riot
v=KTx-EjoAAMw__#1_label_B4-0-0,train,/home/aarf101/xd_official/i3d-features/RGB/v=KTx-EjoAAMw__#1_label_B4-0-0,166,1,riot
v=ceXPFD1yggw__#1_label_A,train,/home/aarf101/xd_official/i3d-features/RGB/v=ceXPFD1yggw__#1_label_A,307,0,
v=yy-KIWDcBr4__#00-03-00_00-04-09_label_B6-0-0,train,/home/aarf101/xd_official/i3d-features/RGB/v=yy-KIWDcBr4__#00-03-00_00-04-09_label_B6-0-0,103,1,car_accident
Still.Walking.2008__#00-49-48_00-51-12_label_A,train,/home/aarf101/xd_official/i3d-features/RGB/Still.Walking.2008__#00-49-48_00-51-12_label_A,126,0,
v=oXWlQxUNFLY__#1_label_B4-0-0,train,/home/aarf101/xd_official/i3d-features/RGB/v=oXWlQxUNFLY__#1_label_B4-0-0,156,1,riot
Sin.City.2005__#0-23-41_0-23-56_label_B2-0-0,train,/home/aarf101/xd_official/i3d-features/RGB/Sin.City.2005__#0-23-41_0-23-56_label_B2-0-0,22,1,shooting
v=FRNniUp7e3Q__#1_label_A,train,/home/aarf101/xd_official/i3d-features/RGB/v=FRNniUp7e3Q__#1_label_A,191,0,
v=jkJ_gJQh2Xo__#1_label_A,train,/home/aarf101/xd_official/i3d-features/RGB/v=jkJ_gJQh2Xo__#1_label_A,1529,0,
v=fFfLxQwy0dk__#1_label_A,train,/home/aarf101/xd_official/i3d-features/RGB/v=fFfLxQwy0dk__#1_label_A,1342,0,
v=rldjZyZwUEM__#1_label_B1-0-0,train,/home/aarf101/xd_official/i3d-features/RGB/v=rldjZyZwUEM__#1_label_B1-0-0,139,1,fighting
v=neXRuULpW9g__#1_label_A,train,/home/aarf101/xd_official/i3d-features/RGB/v=neXRuULpW9g__#1_label_A,116,0,
Fast.Furious.2009__#00-15-05_00-19-56_label_A,train,/home/aarf101/xd_official/i3d-features/RGB/Fast.Furious.2009__#00-15-05_00-19-56_label_A,436,0,
v=vFPQ_NiDBIU__#01-54-00_02-00-00_label_A,train,/home/aarf101/xd_official/i3d-features/RGB/v=vFPQ_NiDBIU__#01-54-00_02-00-00_label_A,539,0,
v=RRndDzpL_kI__#1_label_A,train,/home/aarf101/xd_official/i3d-features/RGB/v=RRndDzpL_kI__#1_label_A,188,0,
Desperado.1995__#01-20-31_01-21-27_label_B2-0-0,train,/home/aarf101/xd_official/i3d-features/RGB/Desperado.1995__#01-20-31_01-21-27_label_B2-0-0,84,1,shooting
v=9PewfYAzMNs__#00-00-00_00-00-51_label_B6-0-0,train,/home/aarf101/xd_official/i3d-features/RGB/v=9PewfYAzMNs__#00-00-00_00-00-51_label_B6-0-0,76,1,car_accident
v=feDqnAvmG2w__#1_label_A,train,/home/aarf101/xd_official/i3d-features/RGB/v=feDqnAvmG2w__#1_label_A,19,0,
v=W1bHOFHyEf0__#1_label_B4-0-0,train,/home/aarf101/xd_official/i3d-features/RGB/v=W1bHOFHyEf0__#1_label_B4-0-0,218,1,riot
GoldenEye.1995__#00-28-54_00-31-08_label_A,train,/home/aarf101/xd_official/i3d-features/RGB/GoldenEye.1995__#00-28-54_00-31-08_label_A,201,0,
Taken.Extended.Cut.2008__#01-21-35_01-21-50_label_B1-0-0,train,/home/aarf101/xd_official/i3d-features/RGB/Taken.Extended.Cut.2008__#01-21-35_01-21-50_label_B1-0-0,22,1,fighting
Taken.Extended.Cut.2008__#00-48-40_00-49-18_label_B2-G-0,train,/home/aarf101/xd_official/i3d-features/RGB/Taken.Extended.Cut.2008__#00-48-40_00-49-18_label_B2-G-0,57,1,shooting|explosion
v=hicx0-o7V7o__#1_label_A,train,/home/aarf101/xd_official/i3d-features/RGB/v=hicx0-o7V7o__#1_label_A,182,0,
v=16u0FU8Dq0Q__#1_label_B4-0-0,train,/home/aarf101/xd_official/i3d-features/RGB/v=16u0FU8Dq0Q__#1_label_B4-0-0,122,1,riot
Tropa.de.Elite.2.2010__#00-18-00_00-20-00_label_B4-B2-0,train,/home/aarf101/xd_official/i3d-features/RGB/Tropa.de.Elite.2.2010__#00-18-00_00-20-00_label_B4-B2-0,180,1,riot|shooting
v=Z_38otWdwpc__#1_label_A,train,/home/aarf101/xd_official/i3d-features/RGB/v=Z_38otWdwpc__#1_label_A,214,0,
v=D8EQPx-ptKk__#1_label_G-0-0,train,/home/aarf101/xd_official/i3d-features/RGB/v=D8EQPx-ptKk__#1_label_G-0-0,291,1,explosion
Fast.Five.2011__#01-34-41_01-35-12_label_B2-0-0,train,/home/aarf101/xd_official/i3d-features/RGB/Fast.Five.2011__#01-34-41_01-35-12_label_B2-0-0,46,1,shooting
v=eqYUjRxQ_lQ__#1_label_G-0-0,train,/home/aarf101/xd_official/i3d-features/RGB/v=eqYUjRxQ_lQ__#1_label_G-0-0,120,1,explosion
v=brAevKm89zg__#1_label_G-0-0,train,/home/aarf101/xd_official/i3d-features/RGB/v=brAevKm89zg__#1_label_G-0-0,100,1,explosion
v=Yr41_8QOTF8__#00-15-00_00-18-00_label_A,train,/home/aarf101/xd_official/i3d-features/RGB/v=Yr41_8QOTF8__#00-15-00_00-18-00_label_A,270,0,
Taken.Extended.Cut.2008__#01-09-52_01-10-19_label_B1-0-0,train,/home/aarf101/xd_official/i3d-features/RGB/Taken.Extended.Cut.2008__#01-09-52_01-10-19_label_B1-0-0,40,1,fighting
Young.And.Dangerous.I.1996__#01-29-40_01-30-00_label_B2-0-0,train,/home/aarf101/xd_official/i3d-features/RGB/Young.And.Dangerous.I.1996__#01-29-40_01-30-00_label_B2-0-0,29,1,shooting
v=punwkZSms1c__#1_label_A,train,/home/aarf101/xd_official/i3d-features/RGB/v=punwkZSms1c__#1_label_A,999,0,
Saving.Private.Ryan.1998__#02-32-23_02-33-09_label_B2-0-0,train,/home/aarf101/xd_official/i3d-features/RGB/Saving.Private.Ryan.1998__#02-32-23_02-33-09_label_B2-0-0,69,1,shooting
v=kVl-6-A9ZO4__#00-05-11_00-06-35_label_B6-0-0,train,/home/aarf101/xd_official/i3d-features/RGB/v=kVl-6-A9ZO4__#00-05-11_00-06-35_label_B6-0-0,126,1,car_accident
v=SdYFFo_tsfk__#01-24-00_01-30-00_label_A,train,/home/aarf101/xd_official/i3d-features/RGB/v=SdYFFo_tsfk__#01-24-00_01-30-00_label_A,540,0,
v=kdub1GS6CbI__#1_label_B1-0-0,train,/home/aarf101/xd_official/i3d-features/RGB/v=kdub1GS6CbI__#1_label_B1-0-0,156,1,fighting
The.World.Is.Not.Enough.1999__#00-17-50_00-19-00_label_A,train,/home/aarf101/xd_official/i3d-features/RGB/The.World.Is.Not.Enough.1999__#00-17-50_00-19-00_label_A,105,0,
v=vFPQ_NiDBIU__#03-00-00_03-06-00_label_A,train,/home/aarf101/xd_official/i3d-features/RGB/v=vFPQ_NiDBIU__#03-00-00_03-06-00_label_A,539,0,
v=1RGb7knUKG0__#1_label_G-0-0,train,/home/aarf101/xd_official/i3d-features/RGB/v=1RGb7knUKG0__#1_label_G-0-0,103,1,explosion
Desperado.1995__#00-04-53_00-07-53_label_B1-B2-0,train,/home/aarf101/xd_official/i3d-features/RGB/Desperado.1995__#00-04-53_00-07-53_label_B1-B2-0,269,1,fighting|shooting
Kingsman.The.Golden.Circle.2017__#00-50-38_00-51-42_label_A,train,/home/aarf101/xd_official/i3d-features/RGB/Kingsman.The.Golden.Circle.2017__#00-50-38_00-51-42_label_A,96,0,
v=56jgE5R2i1k__#1_label_A,train,/home/aarf101/xd_official/i3d-features/RGB/v=56jgE5R2i1k__#1_label_A,90,0,
v=lA1bgUYjJ0I__#1_label_G-0-0,train,/home/aarf101/xd_official/i3d-features/RGB/v=lA1bgUYjJ0I__#1_label_G-0-0,304,1,explosion
v=pxmthSPzu34__#1_label_A,train,/home/aarf101/xd_official/i3d-features/RGB/v=pxmthSPzu34__#1_label_A,28,0,
Love.Death.and.Robots.S01E15__#0-01-35_0-02-09_label_G-0-0,train,/home/aarf101/xd_official/i3d-features/RGB/Love.Death.and.Robots.S01E15__#0-01-35_0-02-09_label_G-0-0,50,1,explosion
v=eAgqJnO3kr8__#00-36-00_00-42-00_label_A,train,/home/aarf101/xd_official/i3d-features/RGB/v=eAgqJnO3kr8__#00-36-00_00-42-00_label_A,540,0,
Quantum.Of.Solace.2008__#00-44-22_00-45-32_label_B2-0-0,train,/home/aarf101/xd_official/i3d-features/RGB/Quantum.Of.Solace.2008__#00-44-22_00-45-32_label_B2-0-0,105,1,shooting
v=QrLO9AFNix0__#1_label_A,train,/home/aarf101/xd_official/i3d-features/RGB/v=QrLO9AFNix0__#1_label_A,185,0,
Taken.2.UNRATED.EXTENDED.2012__#01-04-50_01-05-50_label_B6-0-0,train,/home/aarf101/xd_official/i3d-features/RGB/Taken.2.UNRATED.EXTENDED.2012__#01-04-50_01-05-50_label_B6-0-0,90,1,car_accident
v=kvXkYt1ToE0__#1_label_B4-0-0,train,/home/aarf101/xd_official/i3d-features/RGB/v=kvXkYt1ToE0__#1_label_B4-0-0,562,1,riot
v=tT-SrQC6Ddw__#00-05-20_00-06-20_label_B6-0-0,train,/home/aarf101/xd_official/i3d-features/RGB/v=tT-SrQC6Ddw__#00-05-20_00-06-20_label_B6-0-0,89,1,car_accident
Mindhunters.2004__#00-10-04_00-11-04_label_A,train,/home/aarf101/xd_official/i3d-features/RGB/Mindhunters.2004__#00-10-04_00-11-04_label_A,90,0,
The.Pursuit.of.Happyness.2006__#00-08-55_00-10-50_label_A,train,/home/aarf101/xd_official/i3d-features/RGB/The.Pursuit.of.Happyness.2006__#00-08-55_00-10-50_label_A,172,0,
Before.Sunset.2004__#00-04-20_00-05-35_label_A,train,/home/aarf101/xd_official/i3d-features/RGB/Before.Sunset.2004__#00-04-20_00-05-35_label_A,112,0,
v=ArmaSAbnnAk__#1_label_B4-0-0,train,/home/aarf101/xd_official/i3d-features/RGB/v=ArmaSAbnnAk__#1_label_B4-0-0,214,1,riot
v=9-r-0PtLNU0__#1_label_A,train,/home/aarf101/xd_official/i3d-features/RGB/v=9-r-0PtLNU0__#1_label_A,222,0,
Still.Walking.2008__#00-23-50_00-24-31_label_A,train,/home/aarf101/xd_official/i3d-features/RGB/Still.Walking.2008__#00-23-50_00-24-31_label_A,61,0,
The.Bourne.Legacy.2012__#0-33-16_0-33-44_label_B2-0-0,train,/home/aarf101/xd_official/i3d-features/RGB/The.Bourne.Legacy.2012__#0-33-16_0-33-44_label_B2-0-0,42,1,shooting
Quantum.Of.Solace.2008__#00-15-09_00-17-47_label_A,train,/home/aarf101/xd_official/i3d-features/RGB/Quantum.Of.Solace.2008__#00-15-09_00-17-47_label_A,237,0,
City.of.God.2002__#00-48-31_00-49-18_label_A,train,/home/aarf101/xd_official/i3d-features/RGB/City.of.God.2002__#00-48-31_00-49-18_label_A,70,0,
v=AEGd3eft49s__#1_label_A,train,/home/aarf101/xd_official/i3d-features/RGB/v=AEGd3eft49s__#1_label_A,245,0,
v=XWbY5jdJnHg__#1_label_A,train,/home/aarf101/xd_official/i3d-features/RGB/v=XWbY5jdJnHg__#1_label_A,331,0,
IP.Man.2.2010__#01-04-07_01-04-40_label_B1-0-0,train,/home/aarf101/xd_official/i3d-features/RGB/IP.Man.2.2010__#01-04-07_01-04-40_label_B1-0-0,49,1,fighting
v=vNfvHkrGW90__#1_label_A,train,/home/aarf101/xd_official/i3d-features/RGB/v=vNfvHkrGW90__#1_label_A,70,0,
v=KAl91XyYVp0__#1_label_G-0-0,train,/home/aarf101/xd_official/i3d-features/RGB/v=KAl91XyYVp0__#1_label_G-0-0,81,1,explosion
v=WjO4zweaD2w__#1_label_A,train,/home/aarf101/xd_official/i3d-features/RGB/v=WjO4zweaD2w__#1_label_A,347,0,
Operation.Red.Sea.2018__#0-05-27_0-07-35_label_B2-0-0,train,/home/aarf101/xd_official/i3d-features/RGB/Operation.Red.Sea.2018__#0-05-27_0-07-35_label_B2-0-0,191,1,shooting
v=Y43UkfAe_bc__#00-05-48_00-07-17_label_B4-0-0,train,/home/aarf101/xd_official/i3d-features/RGB/v=Y43UkfAe_bc__#00-05-48_00-07-17_label_B4-0-0,133,1,riot
Before.Sunrise.1995__#00-50-26_00-55-16_label_A,train,/home/aarf101/xd_official/i3d-features/RGB/Before.Sunrise.1995__#00-50-26_00-55-16_label_A,435,0,
v=k7R_Qo-BiAw__#00-16-00_00-18-45_label_B6-0-0,train,/home/aarf101/xd_official/i3d-features/RGB/v=k7R_Qo-BiAw__#00-16-00_00-18-45_label_B6-0-0,247,1,car_accident
v=x-Cgkgj5KR0__#00-18-00_00-21-00_label_A,train,/home/aarf101/xd_official/i3d-features/RGB/v=x-Cgkgj5KR0__#00-18-00_00-21-00_label_A,270,0,
Flipped.2010__#00-40-52_00-42-01_label_A,train,/home/aarf101/xd_official/i3d-features/RGB/Flipped.2010__#00-40-52_00-42-01_label_A,103,0,
v=wUL8ZEs-2mI__#1_label_A,train,/home/aarf101/xd_official/i3d-features/RGB/v=wUL8ZEs-2mI__#1_label_A,181,0,
v=tjn5Wkn5Zfg__#1_label_B1-0-0,train,/home/aarf101/xd_official/i3d-features/RGB/v=tjn5Wkn5Zfg__#1_label_B1-0-0,54,1,fighting
v=aQ3qMpgZjwg__#00-05-18_00-09-13_label_B4-0-0,train,/home/aarf101/xd_official/i3d-features/RGB/v=aQ3qMpgZjwg__#00-05-18_00-09-13_label_B4-0-0,352,1,riot
v=uBXprlsmd18__#00-04-10_00-06-09_label_B6-0-0,train,/home/aarf101/xd_official/i3d-features/RGB/v=uBXprlsmd18__#00-04-10_00-06-09_label_B6-0-0,178,1,car_accident
v=X1arMZmYhsk__#00-14-10_00-16-09_label_B6-0-0,train,/home/aarf101/xd_official/i3d-features/RGB/v=X1arMZmYhsk__#00-14-10_00-16-09_label_B6-0-0,178,1,car_accident
v=gtNc8o45ZIo__#1_label_A,train,/home/aarf101/xd_official/i3d-features/RGB/v=gtNc8o45ZIo__#1_label_A,1068,0,
Bad.Boys.II.2003__#00-30-16_00-36-53_label_B2-B6-G,train,/home/aarf101/xd_official/i3d-features/RGB/Bad.Boys.II.2003__#00-30-16_00-36-53_label_B2-B6-G,595,1,shooting|car_accident|explosion
Brick.Mansions.2014__#01-22-49_01-24-59_label_A,train,/home/aarf101/xd_official/i3d-features/RGB/Brick.Mansions.2014__#01-22-49_01-24-59_label_A,194,0,
Your.Name.2016__#00-23-50_00-24-31_label_A,train,/home/aarf101/xd_official/i3d-features/RGB/Your.Name.2016__#00-23-50_00-24-31_label_A,61,0,
Fast.Five.2011__#01-51-50_01-52-04_label_B2-0-0,train,/home/aarf101/xd_official/i3d-features/RGB/Fast.Five.2011__#01-51-50_01-52-04_label_B2-0-0,21,1,shooting
v=4Mtad4D2I6Y__#1_label_A,train,/home/aarf101/xd_official/i3d-features/RGB/v=4Mtad4D2I6Y__#1_label_A,35,0,
v=o_uUQoQwIZ8__#1_label_B4-0-0,train,/home/aarf101/xd_official/i3d-features/RGB/v=o_uUQoQwIZ8__#1_label_B4-0-0,191,1,riot
v=xUtbX1mHhPo__#1_label_A,train,/home/aarf101/xd_official/i3d-features/RGB/v=xUtbX1mHhPo__#1_label_A,282,0,
Bad.Boys.II.2003__#00-16-16_00-20-25_label_A,train,/home/aarf101/xd_official/i3d-features/RGB/Bad.Boys.II.2003__#00-16-16_00-20-25_label_A,373,0,
Bullet.in.the.Head.1990__#01-17-31_01-18-22_label_A,train,/home/aarf101/xd_official/i3d-features/RGB/Bullet.in.the.Head.1990__#01-17-31_01-18-22_label_A,76,0,
v=sZJx4kyBdsw__#1_label_B4-0-0,train,/home/aarf101/xd_official/i3d-features/RGB/v=sZJx4kyBdsw__#1_label_B4-0-0,168,1,riot
GoldenEye.1995__#01-35-37_01-39-00_label_A,train,/home/aarf101/xd_official/i3d-features/RGB/GoldenEye.1995__#01-35-37_01-39-00_label_A,304,0,
v=frWVRKgzx40__#1_label_A,train,/home/aarf101/xd_official/i3d-features/RGB/v=frWVRKgzx40__#1_label_A,595,0,
v=w_u02Ph059w__#1_label_A,train,/home/aarf101/xd_official/i3d-features/RGB/v=w_u02Ph059w__#1_label_A,270,0,
Mission.Impossible.II.2000__#01-43-26_01-44-26_label_B2-B6-G,train,/home/aarf101/xd_official/i3d-features/RGB/Mission.Impossible.II.2000__#01-43-26_01-44-26_label_B2-B6-G,90,1,shooting|car_accident|explosion
Shoplifters.2018__#01-17-00_01-19-40_label_A,train,/home/aarf101/xd_official/i3d-features/RGB/Shoplifters.2018__#01-17-00_01-19-40_label_A,240,0,
v=Dn_SDu22WpM__#00-07-22_00-08-19_label_B6-0-0,train,/home/aarf101/xd_official/i3d-features/RGB/v=Dn_SDu22WpM__#00-07-22_00-08-19_label_B6-0-0,85,1,car_accident
Kingsman.The.Golden.Circle.2017__#01-37-48_01-39-14_label_A,train,/home/aarf101/xd_official/i3d-features/RGB/Kingsman.The.Golden.Circle.2017__#01-37-48_01-39-14_label_A,129,0,
Rush.Hour.1998.BluRay__#00-09-35_00-10-55_label_A,train,/home/aarf101/xd_official/i3d-features/RGB/Rush.Hour.1998.BluRay__#00-09-35_00-10-55_label_A,120,0,
v=I6L7CBhVvaY__#1_label_B4-0-0,train,/home/aarf101/xd_official/i3d-features/RGB/v=I6L7CBhVvaY__#1_label_B4-0-0,297,1,riot
v=VRn8Tc02TbU__#00-21-00_00-24-00_label_A,train,/home/aarf101/xd_official/i3d-features/RGB/v=VRn8Tc02TbU__#00-21-00_00-24-00_label_A,270,0,
v=WhB3fS0ZJeg__#1_label_A,train,/home/aarf101/xd_official/i3d-features/RGB/v=WhB3fS0ZJeg__#1_label_A,69,0,
Spectre.2015__#00-38-28_00-41-55_label_A,train,/home/aarf101/xd_official/i3d-features/RGB/Spectre.2015__#00-38-28_00-41-55_label_A,310,0,
About.Time.2013__#01-34-18_01-38-11_label_A,train,/home/aarf101/xd_official/i3d-features/RGB/About.Time.2013__#01-34-18_01-38-11_label_A,349,0,
A.Beautiful.Mind.2001__#00-23-50_00-24-31_label_A,train,/home/aarf101/xd_official/i3d-features/RGB/A.Beautiful.Mind.2001__#00-23-50_00-24-31_label_A,61,0,
v=vFPQ_NiDBIU__#01-12-00_01-18-00_label_A,train,/home/aarf101/xd_official/i3d-features/RGB/v=vFPQ_NiDBIU__#01-12-00_01-18-00_label_A,539,0,
v=H7qUxVLMmYk__#1_label_A,train,/home/aarf101/xd_official/i3d-features/RGB/v=H7qUxVLMmYk__#1_label_A,188,0,
v=JzrpCC7XmyE__#00-36-00_00-42-00_label_A,train,/home/aarf101/xd_official/i3d-features/RGB/v=JzrpCC7XmyE__#00-36-00_00-42-00_label_A,540,0,
The.Bourne.Identity.2002__#0-10-42_0-11-24_label_B1-0-0,train,/home/aarf101/xd_official/i3d-features/RGB/The.Bourne.Identity.2002__#0-10-42_0-11-24_label_B1-0-0,62,1,fighting
v=0vVOXlgHC1U__#00-30-00_00-36-00_label_A,train,/home/aarf101/xd_official/i3d-features/RGB/v=0vVOXlgHC1U__#00-30-00_00-36-00_label_A,540,0,
Death.Proof.2007__#00-06-20_00-08-55_label_A,train,/home/aarf101/xd_official/i3d-features/RGB/Death.Proof.2007__#00-06-20_00-08-55_label_A,232,0,
Sin.City.2005__#0-45-28_0-46-13_label_A,train,/home/aarf101/xd_official/i3d-features/RGB/Sin.City.2005__#0-45-28_0-46-13_label_A,67,0,
v=itaP9_Vltfk__#1_label_A,train,/home/aarf101/xd_official/i3d-features/RGB/v=itaP9_Vltfk__#1_label_A,185,0,
City.Of.Men.2007__#00-24-29_00-25-30_label_B1-0-0,train,/home/aarf101/xd_official/i3d-features/RGB/City.Of.Men.2007__#00-24-29_00-25-30_label_B1-0-0,91,1,fighting
Rush.Hour.1998.BluRay__#01-21-48_01-22-19_label_B2-0-0,train,/home/aarf101/xd_official/i3d-features/RGB/Rush.Hour.1998.BluRay__#01-21-48_01-22-19_label_B2-0-0,46,1,shooting
v=iLvIBv-_ihY__#1_label_A,train,/home/aarf101/xd_official/i3d-features/RGB/v=iLvIBv-_ihY__#1_label_A,144,0,
Kingsman.The.Golden.Circle.2017__#00-33-32_00-34-34_label_A,train,/home/aarf101/xd_official/i3d-features/RGB/Kingsman.The.Golden.Circle.2017__#00-33-32_00-34-34_label_A,93,0,
Kingsman.The.Golden.Circle.2017__#01-29-11_01-31-16_label_B2-0-0,train,/home/aarf101/xd_official/i3d-features/RGB/Kingsman.The.Golden.Circle.2017__#01-29-11_01-31-16_label_B2-0-0,187,1,shooting
v=CguBewD2LSQ__#1_label_A,train,/home/aarf101/xd_official/i3d-features/RGB/v=CguBewD2LSQ__#1_label_A,269,0,
Kingsman.The.Golden.Circle.2017__#02-12-27_02-14-03_label_A,train,/home/aarf101/xd_official/i3d-features/RGB/Kingsman.The.Golden.Circle.2017__#02-12-27_02-14-03_label_A,144,0,
Kingsman.The.Golden.Circle.2017__#00-10-56_00-12-15_label_A,train,/home/aarf101/xd_official/i3d-features/RGB/Kingsman.The.Golden.Circle.2017__#00-10-56_00-12-15_label_A,118,0,
v=idoD_tYTKtc__#00-01-00_00-02-45_label_B6-0-0,train,/home/aarf101/xd_official/i3d-features/RGB/v=idoD_tYTKtc__#00-01-00_00-02-45_label_B6-0-0,157,1,car_accident
Yellow.Sea.2010__#01-48-00_01-49-11_label_B1-0-0,train,/home/aarf101/xd_official/i3d-features/RGB/Yellow.Sea.2010__#01-48-00_01-49-11_label_B1-0-0,106,1,fighting
Death.Proof.2007__#00-50-18_00-51-44_label_B6-0-0,train,/home/aarf101/xd_official/i3d-features/RGB/Death.Proof.2007__#00-50-18_00-51-44_label_B6-0-0,128,1,car_accident
v=gIZdn9Iwd9I__#1_label_A,train,/home/aarf101/xd_official/i3d-features/RGB/v=gIZdn9Iwd9I__#1_label_A,318,0,
v=63ehKu7tYlY__#1_label_G-0-0,train,/home/aarf101/xd_official/i3d-features/RGB/v=63ehKu7tYlY__#1_label_G-0-0,139,1,explosion
v=0nNh2MZ_5bY__#1_label_A,train,/home/aarf101/xd_official/i3d-features/RGB/v=0nNh2MZ_5bY__#1_label_A,30,0,
Mission.Impossible.III.2006__#01-16-19_01-16-57_label_B1-0-0,train,/home/aarf101/xd_official/i3d-features/RGB/Mission.Impossible.III.2006__#01-16-19_01-16-57_label_B1-0-0,57,1,fighting
Before.Sunset.2004__#00-57-20_00-58-17_label_A,train,/home/aarf101/xd_official/i3d-features/RGB/Before.Sunset.2004__#00-57-20_00-58-17_label_A,85,0,
Before.Sunset.2004__#00-03-00_00-04-05_label_A,train,/home/aarf101/xd_official/i3d-features/RGB/Before.Sunset.2004__#00-03-00_00-04-05_label_A,97,0,
Rush.Hour.3.2007.BluRay__#00-09-30_00-12-00_label_A,train,/home/aarf101/xd_official/i3d-features/RGB/Rush.Hour.3.2007.BluRay__#00-09-30_00-12-00_label_A,225,0,
wangted.2008__#0-07-05_0-08-59_label_A,train,/home/aarf101/xd_official/i3d-features/RGB/wangted.2008__#0-07-05_0-08-59_label_A,171,0,
v=wBAnZB5HQWw__#1_label_B1-0-0,train,/home/aarf101/xd_official/i3d-features/RGB/v=wBAnZB5HQWw__#1_label_B1-0-0,139,1,fighting
v=tli7JFkuDfU__#1_label_A,train,/home/aarf101/xd_official/i3d-features/RGB/v=tli7JFkuDfU__#1_label_A,190,0,
The.Bourne.Legacy.2012__#0-02-25_0-03-30_label_A,train,/home/aarf101/xd_official/i3d-features/RGB/The.Bourne.Legacy.2012__#0-02-25_0-03-30_label_A,97,0,
v=WLwkmKBSMnA__#1_label_B1-0-0,train,/home/aarf101/xd_official/i3d-features/RGB/v=WLwkmKBSMnA__#1_label_B1-0-0,323,1,fighting
v=H1JcEsFU07s__#1_label_A,train,/home/aarf101/xd_official/i3d-features/RGB/v=H1JcEsFU07s__#1_label_A,875,0,
v=zkp4sL7XBh4__#1_label_B4-0-0,train,/home/aarf101/xd_official/i3d-features/RGB/v=zkp4sL7XBh4__#1_label_B4-0-0,159,1,riot
v=liExsNrsF_o__#1_label_A,train,/home/aarf101/xd_official/i3d-features/RGB/v=liExsNrsF_o__#1_label_A,512,0,
v=WO7xbZEsKvc__#1_label_B1-0-0,train,/home/aarf101/xd_official/i3d-features/RGB/v=WO7xbZEsKvc__#1_label_B1-0-0,328,1,fighting
About.Time.2013__#01-26-10_01-28-00_label_A,train,/home/aarf101/xd_official/i3d-features/RGB/About.Time.2013__#01-26-10_01-28-00_label_A,165,0,
wangted.2008__#01-26-25_01-27-00_label_A,train,/home/aarf101/xd_official/i3d-features/RGB/wangted.2008__#01-26-25_01-27-00_label_A,52,0,
Mission.Impossible.II.2000__#01-49-35_01-51-52_label_B1-0-0,train,/home/aarf101/xd_official/i3d-features/RGB/Mission.Impossible.II.2000__#01-49-35_01-51-52_label_B1-0-0,205,1,fighting
Salt.2010__#01-10-30_01-12-00_label_A,train,/home/aarf101/xd_official/i3d-features/RGB/Salt.2010__#01-10-30_01-12-00_label_A,135,0,
v=DgVYczWF7oQ__#1_label_A,train,/home/aarf101/xd_official/i3d-features/RGB/v=DgVYczWF7oQ__#1_label_A,303,0,
v=JzrpCC7XmyE__#00-48-00_00-54-00_label_A,train,/home/aarf101/xd_official/i3d-features/RGB/v=JzrpCC7XmyE__#00-48-00_00-54-00_label_A,540,0,
v=H9Y5_X1sEEA__#00-39-00_00-42-00_label_A,train,/home/aarf101/xd_official/i3d-features/RGB/v=H9Y5_X1sEEA__#00-39-00_00-42-00_label_A,270,0,
Love.Death.and.Robots.S01E13__#0-03-24_0-06-43_label_B2-G-0,train,/home/aarf101/xd_official/i3d-features/RGB/Love.Death.and.Robots.S01E13__#0-03-24_0-06-43_label_B2-G-0,298,1,shooting|explosion
v=73uRcX0Dvfc__#00-03-12_00-04-15_label_B6-0-0,train,/home/aarf101/xd_official/i3d-features/RGB/v=73uRcX0Dvfc__#00-03-12_00-04-15_label_B6-0-0,94,1,car_accident
Casino.Royale.2006__#02-16-49_02-19-45_label_A,train,/home/aarf101/xd_official/i3d-features/RGB/Casino.Royale.2006__#02-16-49_02-19-45_label_A,264,0,
The.Notebook.2004__#00-45-40_00-47-30_label_A,train,/home/aarf101/xd_official/i3d-features/RGB/The.Notebook.2004__#00-45-40_00-47-30_label_A,165,0,
v=vFPQ_NiDBIU__#02-36-00_02-42-00_label_A,train,/home/aarf101/xd_official/i3d-features/RGB/v=vFPQ_NiDBIU__#02-36-00_02-42-00_label_A,539,0,
Mission.Impossible.Ghost.Protocol.2011__#00-42-10_00-42-47_label_B2-0-0,train,/home/aarf101/xd_official/i3d-features/RGB/Mission.Impossible.Ghost.Protocol.2011__#00-42-10_00-42-47_label_B2-0-0,55,1,shooting
v=MLgIdp6qTKI__#1_label_B6-0-0,train,/home/aarf101/xd_official/i3d-features/RGB/v=MLgIdp6qTKI__#1_label_B6-0-0,424,1,car_accident
v=SdYFFo_tsfk__#00-36-00_00-42-00_label_A,train,/home/aarf101/xd_official/i3d-features/RGB/v=SdYFFo_tsfk__#00-36-00_00-42-00_label_A,540,0,
Taken.2.UNRATED.EXTENDED.2012__#01-22-20_01-24-40_label_B1-B2-0,train,/home/aarf101/xd_official/i3d-features/RGB/Taken.2.UNRATED.EXTENDED.2012__#01-22-20_01-24-40_label_B1-B2-0,210,1,fighting|shooting
The.Bourne.Ultimatum.2007__#01-29-00_01-31-37_label_B6-B2-0,train,/home/aarf101/xd_official/i3d-features/RGB/The.Bourne.Ultimatum.2007__#01-29-00_01-31-37_label_B6-B2-0,235,1,car_accident|shooting
v=7JBlGKPgKrU__#1_label_B4-0-0,train,/home/aarf101/xd_official/i3d-features/RGB/v=7JBlGKPgKrU__#1_label_B4-0-0,184,1,riot
Bullet.in.the.Head.1990__#01-40-59_01-42-05_label_A,train,/home/aarf101/xd_official/i3d-features/RGB/Bullet.in.the.Head.1990__#01-40-59_01-42-05_label_A,99,0,
Mission.Impossible.Ghost.Protocol.2011__#00-06-38_00-07-15_label_B1-0-0,train,/home/aarf101/xd_official/i3d-features/RGB/Mission.Impossible.Ghost.Protocol.2011__#00-06-38_00-07-15_label_B1-0-0,55,1,fighting
v=eXjd7GkHKfU__#00-02-33_00-04-40_label_B4-0-0,train,/home/aarf101/xd_official/i3d-features/RGB/v=eXjd7GkHKfU__#00-02-33_00-04-40_label_B4-0-0,190,1,riot
v=7Qw-QPZZrAk__#1_label_G-0-0,train,/home/aarf101/xd_official/i3d-features/RGB/v=7Qw-QPZZrAk__#1_label_G-0-0,42,1,explosion
Deadpool.2.2018__#01-15-32_01-15-58_label_B6-G-0,train,/home/aarf101/xd_official/i3d-features/RGB/Deadpool.2.2018__#01-15-32_01-15-58_label_B6-G-0,39,1,car_accident|explosion
v=fy_tvIix_iY__#1_label_A,train,/home/aarf101/xd_official/i3d-features/RGB/v=fy_tvIix_iY__#1_label_A,1122,0,
v=IZrdW4XKHYU__#1_label_A,train,/home/aarf101/xd_official/i3d-features/RGB/v=IZrdW4XKHYU__#1_label_A,49,0,
Taken.Extended.Cut.2008__#00-50-10_00-50-35_label_B2-B6-0,train,/home/aarf101/xd_official/i3d-features/RGB/Taken.Extended.Cut.2008__#00-50-10_00-50-35_label_B2-B6-0,37,1,shooting|car_accident
v=RjrEQaG5jPM__#1_label_A,train,/home/aarf101/xd_official/i3d-features/RGB/v=RjrEQaG5jPM__#1_label_A,200,0,
The.Fast.and.the.Furious.2001__#00-07-39_00-08-38_label_B1-0-0,train,/home/aarf101/xd_official/i3d-features/RGB/The.Fast.and.the.Furious.2001__#00-07-39_00-08-38_label_B1-0-0,88,1,fighting
Rush.Hour.3.2007.BluRay__#01-21-29_01-22-07_label_A,train,/home/aarf101/xd_official/i3d-features/RGB/Rush.Hour.3.2007.BluRay__#01-21-29_01-22-07_label_A,57,0,
Before.Sunset.2004__#00-08-55_00-10-50_label_A,train,/home/aarf101/xd_official/i3d-features/RGB/Before.Sunset.2004__#00-08-55_00-10-50_label_A,172,0,
v=MyM5G7fo7Gg__#00-33-00_00-35-22_label_A,train,/home/aarf101/xd_official/i3d-features/RGB/v=MyM5G7fo7Gg__#00-33-00_00-35-22_label_A,213,0,
Salt.2010__#01-31-17_01-31-45_label_B5-0-0,train,/home/aarf101/xd_official/i3d-features/RGB/Salt.2010__#01-31-17_01-31-45_label_B5-0-0,42,1,abuse
Black.Hawk.Down.2001__#02-14-30_02-14-50_label_A,train,/home/aarf101/xd_official/i3d-features/RGB/Black.Hawk.Down.2001__#02-14-30_02-14-50_label_A,30,0,
Yellow.Sea.2010__#00-02-18_00-03-20_label_A,train,/home/aarf101/xd_official/i3d-features/RGB/Yellow.Sea.2010__#00-02-18_00-03-20_label_A,93,0,
v=o4o7MHeiVv4__#1_label_B1-0-0,train,/home/aarf101/xd_official/i3d-features/RGB/v=o4o7MHeiVv4__#1_label_B1-0-0,81,1,fighting
v=wPkBaI6vOv0__#00-03-28_00-03-48_label_G-0-0,train,/home/aarf101/xd_official/i3d-features/RGB/v=wPkBaI6vOv0__#00-03-28_00-03-48_label_G-0-0,30,1,explosion
Taken.Extended.Cut.2008__#01-02-00_01-02-50_label_B1-B2-0,train,/home/aarf101/xd_official/i3d-features/RGB/Taken.Extended.Cut.2008__#01-02-00_01-02-50_label_B1-B2-0,74,1,fighting|shooting
v=6BKWQCVkTKw__#1_label_A,train,/home/aarf101/xd_official/i3d-features/RGB/v=6BKWQCVkTKw__#1_label_A,337,0,
Shoplifters.2018__#01-07-30_01-16-59_label_A,train,/home/aarf101/xd_official/i3d-features/RGB/Shoplifters.2018__#01-07-30_01-16-59_label_A,853,0,
v=JzrpCC7XmyE__#00-24-00_00-30-00_label_A,train,/home/aarf101/xd_official/i3d-features/RGB/v=JzrpCC7XmyE__#00-24-00_00-30-00_label_A,540,0,
v=rshdJZruH_0__#1_label_B4-0-0,train,/home/aarf101/xd_official/i3d-features/RGB/v=rshdJZruH_0__#1_label_B4-0-0,138,1,riot
Rush.Hour.1998.BluRay__#01-02-47_01-04-17_label_B1-0-0,train,/home/aarf101/xd_official/i3d-features/RGB/Rush.Hour.1998.BluRay__#01-02-47_01-04-17_label_B1-0-0,135,1,fighting
Mission.Impossible.III.2006__#01-04-32_01-05-54_label_B2-0-0,train,/home/aarf101/xd_official/i3d-features/RGB/Mission.Impossible.III.2006__#01-04-32_01-05-54_label_B2-0-0,123,1,shooting
v=L8_GRdxOP8k__#1_label_B1-0-0,train,/home/aarf101/xd_official/i3d-features/RGB/v=L8_GRdxOP8k__#1_label_B1-0-0,63,1,fighting
The.Notebook.2004__#00-17-30_00-19-10_label_A,train,/home/aarf101/xd_official/i3d-features/RGB/The.Notebook.2004__#00-17-30_00-19-10_label_A,150,0,
v=vhACO_m5pH0__#00-12-42_00-13-40_label_B6-0-0,train,/home/aarf101/xd_official/i3d-features/RGB/v=vhACO_m5pH0__#00-12-42_00-13-40_label_B6-0-0,87,1,car_accident
v=NQb1-SIjeXI__#1_label_B4-0-0,train,/home/aarf101/xd_official/i3d-features/RGB/v=NQb1-SIjeXI__#1_label_B4-0-0,118,1,riot
The.World.Is.Not.Enough.1999__#00-40-40_00-42-43_label_A,train,/home/aarf101/xd_official/i3d-features/RGB/The.World.Is.Not.Enough.1999__#00-40-40_00-42-43_label_A,184,0,
v=ooe8FEX7Wmc__#1_label_A,train,/home/aarf101/xd_official/i3d-features/RGB/v=ooe8FEX7Wmc__#1_label_A,239,0,
v=afbnjlYzQSg__#1_label_G-0-0,train,/home/aarf101/xd_official/i3d-features/RGB/v=afbnjlYzQSg__#1_label_G-0-0,74,1,explosion
Fast.Furious.6.2013__#00-29-05_00-30-15_label_B2-B6-0,train,/home/aarf101/xd_official/i3d-features/RGB/Fast.Furious.6.2013__#00-29-05_00-30-15_label_B2-B6-0,105,1,shooting|car_accident
Fast.Furious.6.2013__#00-44-20_00-45-20_label_B1-0-0,train,/home/aarf101/xd_official/i3d-features/RGB/Fast.Furious.6.2013__#00-44-20_00-45-20_label_B1-0-0,90,1,fighting
v=qtqQeJ315nw__#1_label_B4-0-0,train,/home/aarf101/xd_official/i3d-features/RGB/v=qtqQeJ315nw__#1_label_B4-0-0,357,1,riot
v=5Ef6_XODxHg__#1_label_B4-0-0,train,/home/aarf101/xd_official/i3d-features/RGB/v=5Ef6_XODxHg__#1_label_B4-0-0,305,1,riot
v=rAfhOSNp16g__#1_label_B4-0-0,train,/home/aarf101/xd_official/i3d-features/RGB/v=rAfhOSNp16g__#1_label_B4-0-0,229,1,riot
v=oHAl85RbS5w__#00-00-00_00-01-40_label_B4-0-0,train,/home/aarf101/xd_official/i3d-features/RGB/v=oHAl85RbS5w__#00-00-00_00-01-40_label_B4-0-0,150,1,riot
v=O91_XrxjdXo__#1_label_B6-0-0,train,/home/aarf101/xd_official/i3d-features/RGB/v=O91_XrxjdXo__#1_label_B6-0-0,246,1,car_accident
v=8tqeeBGjnPg__#00-04-19_00-06-00_label_B6-0-0,train,/home/aarf101/xd_official/i3d-features/RGB/v=8tqeeBGjnPg__#00-04-19_00-06-00_label_B6-0-0,151,1,car_accident
The.Hurt.Locker.2008__#01-56-20_01-56-48_label_G-0-0,train,/home/aarf101/xd_official/i3d-features/RGB/The.Hurt.Locker.2008__#01-56-20_01-56-48_label_G-0-0,42,1,explosion
Hear.Me.2009__#01-26-10_01-28-00_label_A,train,/home/aarf101/xd_official/i3d-features/RGB/Hear.Me.2009__#01-26-10_01-28-00_label_A,165,0,
v=y5xKCzdhAC8__#1_label_G-0-0,train,/home/aarf101/xd_official/i3d-features/RGB/v=y5xKCzdhAC8__#1_label_G-0-0,51,1,explosion
Bullet.in.the.Head.1990__#01-48-01_01-50-20_label_A,train,/home/aarf101/xd_official/i3d-features/RGB/Bullet.in.the.Head.1990__#01-48-01_01-50-20_label_A,208,0,
v=cDPC4-jJe2g__#1_label_A,train,/home/aarf101/xd_official/i3d-features/RGB/v=cDPC4-jJe2g__#1_label_A,900,0,
v=bJmQIOpADMg__#1_label_A,train,/home/aarf101/xd_official/i3d-features/RGB/v=bJmQIOpADMg__#1_label_A,1392,0,
Jason.Bourne.2016__#01-39-00_01-39-26_label_B6-0-0,train,/home/aarf101/xd_official/i3d-features/RGB/Jason.Bourne.2016__#01-39-00_01-39-26_label_B6-0-0,39,1,car_accident
v=nRWweMDjnKo__#00-00-00_00-03-34_label_B4-0-0,train,/home/aarf101/xd_official/i3d-features/RGB/v=nRWweMDjnKo__#00-00-00_00-03-34_label_B4-0-0,321,1,riot
A.Beautiful.Mind.2001__#01-58-20_02-05-00_label_A,train,/home/aarf101/xd_official/i3d-features/RGB/A.Beautiful.Mind.2001__#01-58-20_02-05-00_label_A,600,0,
Saving.Private.Ryan.1998__#01-32-02_01-32-47_label_B1-0-0,train,/home/aarf101/xd_official/i3d-features/RGB/Saving.Private.Ryan.1998__#01-32-02_01-32-47_label_B1-0-0,67,1,fighting
v=Z1h1h8WmP0E__#1_label_B4-0-0,train,/home/aarf101/xd_official/i3d-features/RGB/v=Z1h1h8WmP0E__#1_label_B4-0-0,269,1,riot
Your.Name.2016__#00-17-30_00-19-10_label_A,train,/home/aarf101/xd_official/i3d-features/RGB/Your.Name.2016__#00-17-30_00-19-10_label_A,150,0,
Ip.Man.2008__#00-53-31_00-54-44_label_B1-0-0,train,/home/aarf101/xd_official/i3d-features/RGB/Ip.Man.2008__#00-53-31_00-54-44_label_B1-0-0,109,1,fighting
v=jHvim639FWQ__#1_label_A,train,/home/aarf101/xd_official/i3d-features/RGB/v=jHvim639FWQ__#1_label_A,161,0,
wangted.2008__#01-14-14_01-18-27_label_B1-B2-B6,train,/home/aarf101/xd_official/i3d-features/RGB/wangted.2008__#01-14-14_01-18-27_label_B1-B2-B6,379,1,fighting|shooting|car_accident
v=6IiAgbi5t_Q__#1_label_B1-0-0,train,/home/aarf101/xd_official/i3d-features/RGB/v=6IiAgbi5t_Q__#1_label_B1-0-0,142,1,fighting
v=j4rOsg5Ehfc__#1_label_B4-0-0,train,/home/aarf101/xd_official/i3d-features/RGB/v=j4rOsg5Ehfc__#1_label_B4-0-0,134,1,riot
God.Bless.America.2011__#00-54-15_00-56-05_label_A,train,/home/aarf101/xd_official/i3d-features/RGB/God.Bless.America.2011__#00-54-15_00-56-05_label_A,165,0,
v=vFPQ_NiDBIU__#00-30-00_00-36-00_label_A,train,/home/aarf101/xd_official/i3d-features/RGB/v=vFPQ_NiDBIU__#00-30-00_00-36-00_label_A,539,0,
v=66F2bVUq_zk__#00-08-35_00-10-25_label_B6-0-0,train,/home/aarf101/xd_official/i3d-features/RGB/v=66F2bVUq_zk__#00-08-35_00-10-25_label_B6-0-0,165,1,car_accident
IP.Man.2.2010__#01-29-35_01-33-35_label_B1-0-0,train,/home/aarf101/xd_official/i3d-features/RGB/IP.Man.2.2010__#01-29-35_01-33-35_label_B1-0-0,359,1,fighting
v=GT4QivX9VpM__#1_label_A,train,/home/aarf101/xd_official/i3d-features/RGB/v=GT4QivX9VpM__#1_label_A,155,0,
City.of.God.2002__#00-31-35_00-32-30_label_B2-0-0,train,/home/aarf101/xd_official/i3d-features/RGB/City.of.God.2002__#00-31-35_00-32-30_label_B2-0-0,82,1,shooting
v=nyvvu_tH_wI__#1_label_B1-0-0,train,/home/aarf101/xd_official/i3d-features/RGB/v=nyvvu_tH_wI__#1_label_B1-0-0,253,1,fighting
Brick.Mansions.2014__#00-44-28_00-44-46_label_B1-0-0,train,/home/aarf101/xd_official/i3d-features/RGB/Brick.Mansions.2014__#00-44-28_00-44-46_label_B1-0-0,26,1,fighting
Young.And.Dangerous.II.1996__#0-43-09_0-44-09_label_A,train,/home/aarf101/xd_official/i3d-features/RGB/Young.And.Dangerous.II.1996__#0-43-09_0-44-09_label_A,90,0,
v=ZnFlL84K7HE__#00-09-22_00-15-08_label_B4-0-0,train,/home/aarf101/xd_official/i3d-features/RGB/v=ZnFlL84K7HE__#00-09-22_00-15-08_label_B4-0-0,519,1,riot
The.Bourne.Identity.2002__#0-42-20_0-46-42_label_B1-B2-0,train,/home/aarf101/xd_official/i3d-features/RGB/The.Bourne.Identity.2002__#0-42-20_0-46-42_label_B1-B2-0,393,1,fighting|shooting
The.Bourne.Identity.2002__#01-03-23_01-04-03_label_B2-0-0,train,/home/aarf101/xd_official/i3d-features/RGB/The.Bourne.Identity.2002__#01-03-23_01-04-03_label_B2-0-0,60,1,shooting
v=iHuggczItBk__#00-00-00_00-00-51_label_B6-0-0,train,/home/aarf101/xd_official/i3d-features/RGB/v=iHuggczItBk__#00-00-00_00-00-51_label_B6-0-0,76,1,car_accident
Love.Actually.2003__#01-26-10_01-28-00_label_A,train,/home/aarf101/xd_official/i3d-features/RGB/Love.Actually.2003__#01-26-10_01-28-00_label_A,165,0,
v=9RMUTvpLJvA__#1_label_A,train,/home/aarf101/xd_official/i3d-features/RGB/v=9RMUTvpLJvA__#1_label_A,281,0,
Deadpool.2016__#01-24-30_01-24-40_label_B1-B2-0,train,/home/aarf101/xd_official/i3d-features/RGB/Deadpool.2016__#01-24-30_01-24-40_label_B1-B2-0,15,1,fighting|shooting
v=F1jpCBPiWS4__#1_label_A,train,/home/aarf101/xd_official/i3d-features/RGB/v=F1jpCBPiWS4__#1_label_A,335,0,
v=hxyhulJYz5I__#00-08-10_00-09-51_label_B6-0-0,train,/home/aarf101/xd_official/i3d-features/RGB/v=hxyhulJYz5I__#00-08-10_00-09-51_label_B6-0-0,151,1,car_accident
v=usAvzbDq6-c__#00-27-00_00-29-56_label_A,train,/home/aarf101/xd_official/i3d-features/RGB/v=usAvzbDq6-c__#00-27-00_00-29-56_label_A,264,0,
Ip.Man.3.2015__#00-23-02_00-26-13_label_B1-0-0,train,/home/aarf101/xd_official/i3d-features/RGB/Ip.Man.3.2015__#00-23-02_00-26-13_label_B1-0-0,286,1,fighting
About.Time.2013__#00-11-00_00-15-08_label_A,train,/home/aarf101/xd_official/i3d-features/RGB/About.Time.2013__#00-11-00_00-15-08_label_A,372,0,
Spectre.2015__#00-58-40_00-59-33_label_B2-0-0,train,/home/aarf101/xd_official/i3d-features/RGB/Spectre.2015__#00-58-40_00-59-33_label_B2-0-0,79,1,shooting
Gladiator.2000__#02-35-38_02-38-52_label_B1-0-0,train,/home/aarf101/xd_official/i3d-features/RGB/Gladiator.2000__#02-35-38_02-38-52_label_B1-0-0,291,1,fighting
Mission.Impossible.II.2000__#01-36-14_01-37-20_label_B1-G-0,train,/home/aarf101/xd_official/i3d-features/RGB/Mission.Impossible.II.2000__#01-36-14_01-37-20_label_B1-G-0,99,1,fighting|explosion
The.Bourne.Identity.2002__#0-11-56_0-13-31_label_A,train,/home/aarf101/xd_official/i3d-features/RGB/The.Bourne.Identity.2002__#0-11-56_0-13-31_label_A,142,0,
Ip.Man.2008__#00-56-49_01-00-39_label_B1-0-0,train,/home/aarf101/xd_official/i3d-features/RGB/Ip.Man.2008__#00-56-49_01-00-39_label_B1-0-0,345,1,fighting
v=AGnQnUsP0m4__#1_label_A,train,/home/aarf101/xd_official/i3d-features/RGB/v=AGnQnUsP0m4__#1_label_A,269,0,
Election.2005__#01-12-58_01-14-11_label_A,train,/home/aarf101/xd_official/i3d-features/RGB/Election.2005__#01-12-58_01-14-11_label_A,109,0,
v=7CkLX_Eho24__#1_label_B1-0-0,train,/home/aarf101/xd_official/i3d-features/RGB/v=7CkLX_Eho24__#1_label_B1-0-0,83,1,fighting
v=GqMh_HBNWZE__#00-00-00_00-00-51_label_B6-0-0,train,/home/aarf101/xd_official/i3d-features/RGB/v=GqMh_HBNWZE__#00-00-00_00-00-51_label_B6-0-0,76,1,car_accident
The.Bourne.Supremacy.2004__#0-16-21_0-17-00_label_B6-B2-0,train,/home/aarf101/xd_official/i3d-features/RGB/The.Bourne.Supremacy.2004__#0-16-21_0-17-00_label_B6-B2-0,58,1,car_accident|shooting
v=p-xGiXv5iGo__#1_label_B4-0-0,train,/home/aarf101/xd_official/i3d-features/RGB/v=p-xGiXv5iGo__#1_label_B4-0-0,194,1,riot
v=yZ2wlTAN49g__#00-00-00_00-03-00_label_A,train,/home/aarf101/xd_official/i3d-features/RGB/v=yZ2wlTAN49g__#00-00-00_00-03-00_label_A,270,0,
v=SejzmoIHnK0__#1_label_A,train,/home/aarf101/xd_official/i3d-features/RGB/v=SejzmoIHnK0__#1_label_A,244,0,
Taken.2.UNRATED.EXTENDED.2012__#01-04-15_01-04-45_label_B2-0-0,train,/home/aarf101/xd_official/i3d-features/RGB/Taken.2.UNRATED.EXTENDED.2012__#01-04-15_01-04-45_label_B2-0-0,45,1,shooting
Mission.Impossible.II.2000__#01-17-25_01-18-55_label_B2-0-0,train,/home/aarf101/xd_official/i3d-features/RGB/Mission.Impossible.II.2000__#01-17-25_01-18-55_label_B2-0-0,135,1,shooting
v=cEBOZY38Y7I__#1_label_A,train,/home/aarf101/xd_official/i3d-features/RGB/v=cEBOZY38Y7I__#1_label_A,243,0,
v=y--E2E8k3TM__#1_label_G-0-0,train,/home/aarf101/xd_official/i3d-features/RGB/v=y--E2E8k3TM__#1_label_G-0-0,143,1,explosion
v=XjFM_RswttU__#00-06-06_00-10-36_label_B4-0-0,train,/home/aarf101/xd_official/i3d-features/RGB/v=XjFM_RswttU__#00-06-06_00-10-36_label_B4-0-0,405,1,riot
v=rWghXfI8M7I__#1_label_B1-0-0,train,/home/aarf101/xd_official/i3d-features/RGB/v=rWghXfI8M7I__#1_label_B1-0-0,219,1,fighting
v=stupPQ782U8__#00-00-00_00-02-02_label_G-B6-0,train,/home/aarf101/xd_official/i3d-features/RGB/v=stupPQ782U8__#00-00-00_00-02-02_label_G-B6-0,183,1,explosion|car_accident
v=f6j3YWgVBto__#00-02-30_00-03-40_label_A,train,/home/aarf101/xd_official/i3d-features/RGB/v=f6j3YWgVBto__#00-02-30_00-03-40_label_A,104,0,
A.Beautiful.Mind.2001__#01-39-05_01-41-00_label_A,train,/home/aarf101/xd_official/i3d-features/RGB/A.Beautiful.Mind.2001__#01-39-05_01-41-00_label_A,172,0,
v=-CnM_aqi4eg__#1_label_A,train,/home/aarf101/xd_official/i3d-features/RGB/v=-CnM_aqi4eg__#1_label_A,192,0,
v=HNh3XuCFowA__#1_label_B2-G-0,train,/home/aarf101/xd_official/i3d-features/RGB/v=HNh3XuCFowA__#1_label_B2-G-0,187,1,shooting|explosion
v=FMsqgy1euFM__#1_label_B4-0-0,train,/home/aarf101/xd_official/i3d-features/RGB/v=FMsqgy1euFM__#1_label_B4-0-0,163,1,riot
v=9eME1y6V-T4__#00-06-00_00-12-00_label_A,train,/home/aarf101/xd_official/i3d-features/RGB/v=9eME1y6V-T4__#00-06-00_00-12-00_label_A,540,0,
Love.Actually.2003__#00-01-45_00-04-15_label_A,train,/home/aarf101/xd_official/i3d-features/RGB/Love.Actually.2003__#00-01-45_00-04-15_label_A,225,0,
v=1LgHkQL7Jms__#00-04-20_00-05-51_label_B6-0-0,train,/home/aarf101/xd_official/i3d-features/RGB/v=1LgHkQL7Jms__#00-04-20_00-05-51_label_B6-0-0,136,1,car_accident
v=vsI_pKNcgeQ__#00-12-00_00-15-00_label_A,train,/home/aarf101/xd_official/i3d-features/RGB/v=vsI_pKNcgeQ__#00-12-00_00-15-00_label_A,270,0,
Love.Death.and.Robots.S01E15__#0-04-22_0-05-00_label_G-B2-0,train,/home/aarf101/xd_official/i3d-features/RGB/Love.Death.and.Robots.S01E15__#0-04-22_0-05-00_label_G-B2-0,56,1,explosion|shooting
v=2Rr21qkZEDQ__#00-16-10_00-17-51_label_B6-0-0,train,/home/aarf101/xd_official/i3d-features/RGB/v=2Rr21qkZEDQ__#00-16-10_00-17-51_label_B6-0-0,151,1,car_accident
v=SfYfRIoASj8__#1_label_A,train,/home/aarf101/xd_official/i3d-features/RGB/v=SfYfRIoASj8__#1_label_A,175,0,
v=EkzP5Sf3x40__#1_label_B4-0-0,train,/home/aarf101/xd_official/i3d-features/RGB/v=EkzP5Sf3x40__#1_label_B4-0-0,87,1,riot
v=JTNIWbGmzGU__#1_label_A,train,/home/aarf101/xd_official/i3d-features/RGB/v=JTNIWbGmzGU__#1_label_A,242,0,
v=CoxsDkB-rWU__#00-00-00_00-01-20_label_B4-0-0,train,/home/aarf101/xd_official/i3d-features/RGB/v=CoxsDkB-rWU__#00-00-00_00-01-20_label_B4-0-0,120,1,riot
Brick.Mansions.2014__#00-08-07_00-08-27_label_G-0-0,train,/home/aarf101/xd_official/i3d-features/RGB/Brick.Mansions.2014__#00-08-07_00-08-27_label_G-0-0,29,1,explosion
Before.Sunrise.1995__#01-31-18_01-36-11_label_A,train,/home/aarf101/xd_official/i3d-features/RGB/Before.Sunrise.1995__#01-31-18_01-36-11_label_A,439,0,
Young.And.Dangerous.I.1996__#0-10-45_0-11-25_label_B1-0-0,train,/home/aarf101/xd_official/i3d-features/RGB/Young.And.Dangerous.I.1996__#0-10-45_0-11-25_label_B1-0-0,60,1,fighting
v=0N3BKmDiKmc__#00-04-10_00-06-09_label_B6-0-0,train,/home/aarf101/xd_official/i3d-features/RGB/v=0N3BKmDiKmc__#00-04-10_00-06-09_label_B6-0-0,178,1,car_accident
Good.Will.Hunting.1997__#01-07-50_01-14-05_label_A,train,/home/aarf101/xd_official/i3d-features/RGB/Good.Will.Hunting.1997__#01-07-50_01-14-05_label_A,562,0,
v=pFamvR9CpYw__#00-25-20_00-35-20_label_B4-0-0,train,/home/aarf101/xd_official/i3d-features/RGB/v=pFamvR9CpYw__#00-25-20_00-35-20_label_B4-0-0,900,1,riot
v=fI-jlNqpCQ8__#1_label_G-0-0,train,/home/aarf101/xd_official/i3d-features/RGB/v=fI-jlNqpCQ8__#1_label_G-0-0,374,1,explosion
wangted.2008__#0-14-01_0-20-25_label_B2-B6-0,train,/home/aarf101/xd_official/i3d-features/RGB/wangted.2008__#0-14-01_0-20-25_label_B2-B6-0,575,1,shooting|car_accident
v=SdYFFo_tsfk__#00-48-00_00-54-00_label_A,train,/home/aarf101/xd_official/i3d-features/RGB/v=SdYFFo_tsfk__#00-48-00_00-54-00_label_A,540,0,
The.Notebook.2004__#00-31-05_00-32-05_label_A,train,/home/aarf101/xd_official/i3d-features/RGB/The.Notebook.2004__#00-31-05_00-32-05_label_A,90,0,
Salt.2010__#00-28-03_00-28-35_label_B2-0-0,train,/home/aarf101/xd_official/i3d-features/RGB/Salt.2010__#00-28-03_00-28-35_label_B2-0-0,48,1,shooting
v=8OVQrU3C-Zw__#1_label_A,train,/home/aarf101/xd_official/i3d-features/RGB/v=8OVQrU3C-Zw__#1_label_A,96,0,
v=8tqeeBGjnPg__#00-07-02_00-08-00_label_B6-0-0,train,/home/aarf101/xd_official/i3d-features/RGB/v=8tqeeBGjnPg__#00-07-02_00-08-00_label_B6-0-0,87,1,car_accident
v=jdK0UgRYK44__#1_label_A,train,/home/aarf101/xd_official/i3d-features/RGB/v=jdK0UgRYK44__#1_label_A,299,0,
v=5wHHm-dCFyo__#1_label_B4-0-0,train,/home/aarf101/xd_official/i3d-features/RGB/v=5wHHm-dCFyo__#1_label_B4-0-0,131,1,riot
v=eu0KsZ_MVBc__#1_label_A,train,/home/aarf101/xd_official/i3d-features/RGB/v=eu0KsZ_MVBc__#1_label_A,426,0,
Love.Death.and.Robots.S01E10__#0-03-55_0-05-25_label_A,train,/home/aarf101/xd_official/i3d-features/RGB/Love.Death.and.Robots.S01E10__#0-03-55_0-05-25_label_A,134,0,
v=eXjd7GkHKfU__#00-04-40_00-06-04_label_B4-0-0,train,/home/aarf101/xd_official/i3d-features/RGB/v=eXjd7GkHKfU__#00-04-40_00-06-04_label_B4-0-0,126,1,riot
v=zsrE3rWOvSg__#1_label_A,train,/home/aarf101/xd_official/i3d-features/RGB/v=zsrE3rWOvSg__#1_label_A,12,0,
Flipped.2010__#00-31-05_00-32-05_label_A,train,/home/aarf101/xd_official/i3d-features/RGB/Flipped.2010__#00-31-05_00-32-05_label_A,90,0,
Yellow.Sea.2010__#00-08-05_00-09-11_label_A,train,/home/aarf101/xd_official/i3d-features/RGB/Yellow.Sea.2010__#00-08-05_00-09-11_label_A,99,0,
Fast.Furious.6.2013__#01-47-00_01-47-38_label_B6-0-0,train,/home/aarf101/xd_official/i3d-features/RGB/Fast.Furious.6.2013__#01-47-00_01-47-38_label_B6-0-0,57,1,car_accident
v=kBQR9NoUof8__#1_label_A,train,/home/aarf101/xd_official/i3d-features/RGB/v=kBQR9NoUof8__#1_label_A,155,0,
The.Bourne.Ultimatum.2007__#01-06-36_01-09-15_label_B1-B2-0,train,/home/aarf101/xd_official/i3d-features/RGB/The.Bourne.Ultimatum.2007__#01-06-36_01-09-15_label_B1-B2-0,238,1,fighting|shooting
Taken.Extended.Cut.2008__#00-58-59_01-01-25_label_A,train,/home/aarf101/xd_official/i3d-features/RGB/Taken.Extended.Cut.2008__#00-58-59_01-01-25_label_A,219,0,
From.Dusk.Till.Dawn.1996__#00-09-15_00-10-31_label_G-0-0,train,/home/aarf101/xd_official/i3d-features/RGB/From.Dusk.Till.Dawn.1996__#00-09-15_00-10-31_label_G-0-0,113,1,explosion
v=hxyhulJYz5I__#00-03-12_00-04-15_label_B6-0-0,train,/home/aarf101/xd_official/i3d-features/RGB/v=hxyhulJYz5I__#00-03-12_00-04-15_label_B6-0-0,94,1,car_accident
The.Intouchables.2011__#00-01-45_00-02-50_label_A,train,/home/aarf101/xd_official/i3d-features/RGB/The.Intouchables.2011__#00-01-45_00-02-50_label_A,97,0,
v=YCsQM1z6COU__#1_label_B4-0-0,train,/home/aarf101/xd_official/i3d-features/RGB/v=YCsQM1z6COU__#1_label_B4-0-0,12,1,riot
Young.And.Dangerous.III.1996__#01-07-40_01-08-35_label_B5-0-0,train,/home/aarf101/xd_official/i3d-features/RGB/Young.And.Dangerous.III.1996__#01-07-40_01-08-35_label_B5-0-0,82,1,abuse
GoldenEye.1995__#00-51-14_00-52-39_label_A,train,/home/aarf101/xd_official/i3d-features/RGB/GoldenEye.1995__#00-51-14_00-52-39_label_A,127,0,
Salt.2010__#01-23-40_01-25-00_label_A,train,/home/aarf101/xd_official/i3d-features/RGB/Salt.2010__#01-23-40_01-25-00_label_A,120,0,
v=J9HSUXaCjBU__#1_label_B1-0-0,train,/home/aarf101/xd_official/i3d-features/RGB/v=J9HSUXaCjBU__#1_label_B1-0-0,263,1,fighting
v=U_VfMqGGqlE__#00-08-45_00-10-32_label_B6-0-0,train,/home/aarf101/xd_official/i3d-features/RGB/v=U_VfMqGGqlE__#00-08-45_00-10-32_label_B6-0-0,160,1,car_accident
v=xuR7hhJWqp8__#1_label_A,train,/home/aarf101/xd_official/i3d-features/RGB/v=xuR7hhJWqp8__#1_label_A,253,0,
v=oI5fXACZ4fU__#1_label_A,train,/home/aarf101/xd_official/i3d-features/RGB/v=oI5fXACZ4fU__#1_label_A,440,0,
Mission.Impossible.V.Rogue.Nation.2015__#00-43-41_00-44-08_label_B2-0-0,train,/home/aarf101/xd_official/i3d-features/RGB/Mission.Impossible.V.Rogue.Nation.2015__#00-43-41_00-44-08_label_B2-0-0,40,1,shooting
v=u5XzhMLqLB8__#1_label_A,train,/home/aarf101/xd_official/i3d-features/RGB/v=u5XzhMLqLB8__#1_label_A,180,0,
v=LkkoipoWeSs__#00-08-16_00-13-14_label_B4-0-0,train,/home/aarf101/xd_official/i3d-features/RGB/v=LkkoipoWeSs__#00-08-16_00-13-14_label_B4-0-0,447,1,riot
Mission.Impossible.Ghost.Protocol.2011__#00-07-35_00-08-35_label_B1-0-0,train,/home/aarf101/xd_official/i3d-features/RGB/Mission.Impossible.Ghost.Protocol.2011__#00-07-35_00-08-35_label_B1-0-0,90,1,fighting
Jason.Bourne.2016__#0-22-52_0-23-35_label_B1-0-0,train,/home/aarf101/xd_official/i3d-features/RGB/Jason.Bourne.2016__#0-22-52_0-23-35_label_B1-0-0,64,1,fighting
Your.Name.2016__#01-22-20_01-24-05_label_A,train,/home/aarf101/xd_official/i3d-features/RGB/Your.Name.2016__#01-22-20_01-24-05_label_A,157,0,
v=8trU2j9hUpw__#1_label_A,train,/home/aarf101/xd_official/i3d-features/RGB/v=8trU2j9hUpw__#1_label_A,47,0,
v=-eBiZHQDk9o__#1_label_A,train,/home/aarf101/xd_official/i3d-features/RGB/v=-eBiZHQDk9o__#1_label_A,503,0,
The.Intouchables.2011__#00-08-55_00-10-50_label_A,train,/home/aarf101/xd_official/i3d-features/RGB/The.Intouchables.2011__#00-08-55_00-10-50_label_A,172,0,
v=65vPNt9eV3o__#1_label_B1-0-0,train,/home/aarf101/xd_official/i3d-features/RGB/v=65vPNt9eV3o__#1_label_B1-0-0,147,1,fighting
v=32OW6cu4Ypk__#1_label_B4-0-0,train,/home/aarf101/xd_official/i3d-features/RGB/v=32OW6cu4Ypk__#1_label_B4-0-0,154,1,riot
v=AqFWYZsOgWY__#00-24-00_00-27-00_label_A,train,/home/aarf101/xd_official/i3d-features/RGB/v=AqFWYZsOgWY__#00-24-00_00-27-00_label_A,270,0,
v=I9wujEB6x2o__#1_label_B1-0-0,train,/home/aarf101/xd_official/i3d-features/RGB/v=I9wujEB6x2o__#1_label_B1-0-0,273,1,fighting
v=gcZKnFj2N_E__#1_label_B4-0-0,train,/home/aarf101/xd_official/i3d-features/RGB/v=gcZKnFj2N_E__#1_label_B4-0-0,82,1,riot
Saving.Private.Ryan.1998__#01-44-47_01-46-06_label_G-B2-0,train,/home/aarf101/xd_official/i3d-features/RGB/Saving.Private.Ryan.1998__#01-44-47_01-46-06_label_G-B2-0,118,1,explosion|shooting
v=5Rh7DIBWKBk__#00-07-40_00-09-10_label_B6-0-0,train,/home/aarf101/xd_official/i3d-features/RGB/v=5Rh7DIBWKBk__#00-07-40_00-09-10_label_B6-0-0,135,1,car_accident
Good.Will.Hunting.1997__#01-14-30_01-16-59_label_A,train,/home/aarf101/xd_official/i3d-features/RGB/Good.Will.Hunting.1997__#01-14-30_01-16-59_label_A,223,0,
v=Km0z6PrbUXY__#1_label_A,train,/home/aarf101/xd_official/i3d-features/RGB/v=Km0z6PrbUXY__#1_label_A,7916,0,
Salt.2010__#01-17-50_01-18-14_label_B1-B2-B5,train,/home/aarf101/xd_official/i3d-features/RGB/Salt.2010__#01-17-50_01-18-14_label_B1-B2-B5,36,1,fighting|shooting|abuse
v=HD16dEAXvZY__#1_label_G-0-0,train,/home/aarf101/xd_official/i3d-features/RGB/v=HD16dEAXvZY__#1_label_G-0-0,95,1,explosion
v=Wwu20e9pfxg__#1_label_B1-0-0,train,/home/aarf101/xd_official/i3d-features/RGB/v=Wwu20e9pfxg__#1_label_B1-0-0,307,1,fighting
v=kU1jXuTrm4Y__#1_label_B4-0-0,train,/home/aarf101/xd_official/i3d-features/RGB/v=kU1jXuTrm4Y__#1_label_B4-0-0,122,1,riot
New.Kids.Turbo.2010__#00-58-34_00-59-04_label_A,train,/home/aarf101/xd_official/i3d-features/RGB/New.Kids.Turbo.2010__#00-58-34_00-59-04_label_A,44,0,
v=8PB-nyWvdgM__#1_label_B4-0-0,train,/home/aarf101/xd_official/i3d-features/RGB/v=8PB-nyWvdgM__#1_label_B4-0-0,138,1,riot
The.Bourne.Supremacy.2004__#0-31-09_0-31-29_label_B1-0-0,train,/home/aarf101/xd_official/i3d-features/RGB/The.Bourne.Supremacy.2004__#0-31-09_0-31-29_label_B1-0-0,30,1,fighting
v=KEHqR6Y0opE__#1_label_B4-0-0,train,/home/aarf101/xd_official/i3d-features/RGB/v=KEHqR6Y0opE__#1_label_B4-0-0,208,1,riot
Fast.Furious.6.2013__#01-29-25_01-33-56_label_G-B6-0,train,/home/aarf101/xd_official/i3d-features/RGB/Fast.Furious.6.2013__#01-29-25_01-33-56_label_G-B6-0,406,1,explosion|car_accident
v=XjFM_RswttU__#00-00-00_00-03-57_label_B4-0-0,train,/home/aarf101/xd_official/i3d-features/RGB/v=XjFM_RswttU__#00-00-00_00-03-57_label_B4-0-0,355,1,riot
v=bKQYK7PYQpQ__#1_label_B1-0-0,train,/home/aarf101/xd_official/i3d-features/RGB/v=bKQYK7PYQpQ__#1_label_B1-0-0,346,1,fighting
v=vsI_pKNcgeQ__#00-27-00_00-29-03_label_A,train,/home/aarf101/xd_official/i3d-features/RGB/v=vsI_pKNcgeQ__#00-27-00_00-29-03_label_A,184,0,
Fury.2014__#01-14-49_01-15-52_label_G-0-0,train,/home/aarf101/xd_official/i3d-features/RGB/Fury.2014__#01-14-49_01-15-52_label_G-0-0,94,1,explosion
Election.2005__#01-08-01_01-09-04_label_B1-0-0,train,/home/aarf101/xd_official/i3d-features/RGB/Election.2005__#01-08-01_01-09-04_label_B1-0-0,94,1,fighting
v=PF_7SkKbQ6A__#1_label_B4-0-0,train,/home/aarf101/xd_official/i3d-features/RGB/v=PF_7SkKbQ6A__#1_label_B4-0-0,139,1,riot
Sin.City.2005__#01-24-50_01-25-55_label_B2-0-0,train,/home/aarf101/xd_official/i3d-features/RGB/Sin.City.2005__#01-24-50_01-25-55_label_B2-0-0,97,1,shooting
v=n9k6AVyJi7M__#1_label_A,train,/home/aarf101/xd_official/i3d-features/RGB/v=n9k6AVyJi7M__#1_label_A,295,0,
Spectre.2015__#02-11-01_02-11-29_label_B2-0-0,train,/home/aarf101/xd_official/i3d-features/RGB/Spectre.2015__#02-11-01_02-11-29_label_B2-0-0,42,1,shooting
v=tSnxeqlN7wA__#1_label_A,train,/home/aarf101/xd_official/i3d-features/RGB/v=tSnxeqlN7wA__#1_label_A,18,0,
v=AqFWYZsOgWY__#00-09-00_00-12-00_label_A,train,/home/aarf101/xd_official/i3d-features/RGB/v=AqFWYZsOgWY__#00-09-00_00-12-00_label_A,270,0,
v=JhXVvZ2FMRE__#1_label_B1-0-0,train,/home/aarf101/xd_official/i3d-features/RGB/v=JhXVvZ2FMRE__#1_label_B1-0-0,130,1,fighting
Ip.Man.3.2015__#01-32-19_01-40-50_label_B1-0-0,train,/home/aarf101/xd_official/i3d-features/RGB/Ip.Man.3.2015__#01-32-19_01-40-50_label_B1-0-0,766,1,fighting
Rush.Hour.1998.BluRay__#00-15-18_00-17-08_label_A,train,/home/aarf101/xd_official/i3d-features/RGB/Rush.Hour.1998.BluRay__#00-15-18_00-17-08_label_A,165,0,
Mission.Impossible.II.2000__#01-40-28_01-41-50_label_B2-G-0,train,/home/aarf101/xd_official/i3d-features/RGB/Mission.Impossible.II.2000__#01-40-28_01-41-50_label_B2-G-0,123,1,shooting|explosion
v=aVFZdMu2Onk__#1_label_A,train,/home/aarf101/xd_official/i3d-features/RGB/v=aVFZdMu2Onk__#1_label_A,90,0,
Taken.Extended.Cut.2008__#00-38-58_00-40-50_label_A,train,/home/aarf101/xd_official/i3d-features/RGB/Taken.Extended.Cut.2008__#00-38-58_00-40-50_label_A,168,0,
v=9eME1y6V-T4__#02-06-00_02-12-00_label_A,train,/home/aarf101/xd_official/i3d-features/RGB/v=9eME1y6V-T4__#02-06-00_02-12-00_label_A,540,0,
Tropa.de.Elite.2.2010__#00-45-11_00-46-10_label_A,train,/home/aarf101/xd_official/i3d-features/RGB/Tropa.de.Elite.2.2010__#00-45-11_00-46-10_label_A,88,0,
v=7W1M7Pex4pk__#1_label_A,train,/home/aarf101/xd_official/i3d-features/RGB/v=7W1M7Pex4pk__#1_label_A,1012,0,
v=kIreUqA1fNA__#1_label_A,train,/home/aarf101/xd_official/i3d-features/RGB/v=kIreUqA1fNA__#1_label_A,66,0,
v=m7D-67xqwYE__#1_label_A,train,/home/aarf101/xd_official/i3d-features/RGB/v=m7D-67xqwYE__#1_label_A,294,0,
Salt.2010__#01-18-20_01-19-08_label_A,train,/home/aarf101/xd_official/i3d-features/RGB/Salt.2010__#01-18-20_01-19-08_label_A,72,0,
v=EDWpEhytG0c__#1_label_A,train,/home/aarf101/xd_official/i3d-features/RGB/v=EDWpEhytG0c__#1_label_A,561,0,
v=tqDD7xMCjOI__#1_label_A,train,/home/aarf101/xd_official/i3d-features/RGB/v=tqDD7xMCjOI__#1_label_A,241,0,
v=bml5E2gBuDk__#1_label_B4-0-0,train,/home/aarf101/xd_official/i3d-features/RGB/v=bml5E2gBuDk__#1_label_B4-0-0,164,1,riot
v=kE5tx1U_4as__#00-00-25_00-07-28_label_B1-0-0,train,/home/aarf101/xd_official/i3d-features/RGB/v=kE5tx1U_4as__#00-00-25_00-07-28_label_B1-0-0,634,1,fighting
Mission.Impossible.III.2006__#01-07-35_01-07-55_label_B2-G-0,train,/home/aarf101/xd_official/i3d-features/RGB/Mission.Impossible.III.2006__#01-07-35_01-07-55_label_B2-G-0,30,1,shooting|explosion
Sin.City.2005__#01-41-09_01-41-44_label_B2-B6-0,train,/home/aarf101/xd_official/i3d-features/RGB/Sin.City.2005__#01-41-09_01-41-44_label_B2-B6-0,52,1,shooting|car_accident
One.Day.2011__#01-17-00_01-21-50_label_A,train,/home/aarf101/xd_official/i3d-features/RGB/One.Day.2011__#01-17-00_01-21-50_label_A,435,0,
v=HkxSLJKE2cY__#1_label_B4-0-0,train,/home/aarf101/xd_official/i3d-features/RGB/v=HkxSLJKE2cY__#1_label_B4-0-0,116,1,riot
v=3V6ucfKL6nI__#1_label_A,train,/home/aarf101/xd_official/i3d-features/RGB/v=3V6ucfKL6nI__#1_label_A,871,0,
Love.Death.and.Robots.S01E10__#0-02-13_0-03-11_label_A,train,/home/aarf101/xd_official/i3d-features/RGB/Love.Death.and.Robots.S01E10__#0-02-13_0-03-11_label_A,86,0,
City.of.God.2002__#01-38-31_01-39-00_label_B2-0-0,train,/home/aarf101/xd_official/i3d-features/RGB/City.of.God.2002__#01-38-31_01-39-00_label_B2-0-0,43,1,shooting
Love.Death.and.Robots.S01E16__#0-04-10_0-04-57_label_G-0-0,train,/home/aarf101/xd_official/i3d-features/RGB/Love.Death.and.Robots.S01E16__#0-04-10_0-04-57_label_G-0-0,70,1,explosion
Hot.Fuzz.2007__#01-52-24_01-52-48_label_B2-0-0,train,/home/aarf101/xd_official/i3d-features/RGB/Hot.Fuzz.2007__#01-52-24_01-52-48_label_B2-0-0,36,1,shooting
v=C_-cBLQlB-A__#1_label_A,train,/home/aarf101/xd_official/i3d-features/RGB/v=C_-cBLQlB-A__#1_label_A,1324,0,
v=t19kvUiHvAE__#1_label_G-0-0,train,/home/aarf101/xd_official/i3d-features/RGB/v=t19kvUiHvAE__#1_label_G-0-0,211,1,explosion
Election.2005__#00-28-03_00-29-17_label_B1-0-0,train,/home/aarf101/xd_official/i3d-features/RGB/Election.2005__#00-28-03_00-29-17_label_B1-0-0,110,1,fighting
Bullet.in.the.Head.1990__#01-01-11_01-04-01_label_G-B2-0,train,/home/aarf101/xd_official/i3d-features/RGB/Bullet.in.the.Head.1990__#01-01-11_01-04-01_label_G-B2-0,255,1,explosion|shooting
v=SdYFFo_tsfk__#01-48-00_01-52-00_label_A,train,/home/aarf101/xd_official/i3d-features/RGB/v=SdYFFo_tsfk__#01-48-00_01-52-00_label_A,360,0,
v=H9Y5_X1sEEA__#00-24-00_00-27-00_label_A,train,/home/aarf101/xd_official/i3d-features/RGB/v=H9Y5_X1sEEA__#00-24-00_00-27-00_label_A,270,0,
Fury.2014__#00-20-27_00-21-57_label_A,train,/home/aarf101/xd_official/i3d-features/RGB/Fury.2014__#00-20-27_00-21-57_label_A,135,0,
v=_afU5OF2Uzg__#1_label_B4-0-0,train,/home/aarf101/xd_official/i3d-features/RGB/v=_afU5OF2Uzg__#1_label_B4-0-0,94,1,riot
v=X1arMZmYhsk__#00-03-00_00-04-09_label_B6-0-0,train,/home/aarf101/xd_official/i3d-features/RGB/v=X1arMZmYhsk__#00-03-00_00-04-09_label_B6-0-0,103,1,car_accident
v=NdDayw9Ej3o__#1_label_A,train,/home/aarf101/xd_official/i3d-features/RGB/v=NdDayw9Ej3o__#1_label_A,315,0,
Skyfall.2012__#00-24-39_00-25-00_label_A,train,/home/aarf101/xd_official/i3d-features/RGB/Skyfall.2012__#00-24-39_00-25-00_label_A,31,0,
v=DY1Q9yXhwPI__#1_label_A,train,/home/aarf101/xd_official/i3d-features/RGB/v=DY1Q9yXhwPI__#1_label_A,204,0,
v=JzrpCC7XmyE__#00-01-20_00-06-00_label_A,train,/home/aarf101/xd_official/i3d-features/RGB/v=JzrpCC7XmyE__#00-01-20_00-06-00_label_A,420,0,
v=q4SVYUYNgKw__#1_label_B1-0-0,train,/home/aarf101/xd_official/i3d-features/RGB/v=q4SVYUYNgKw__#1_label_B1-0-0,109,1,fighting
Mission.Impossible.V.Rogue.Nation.2015__#00-54-17_00-55-28_label_A,train,/home/aarf101/xd_official/i3d-features/RGB/Mission.Impossible.V.Rogue.Nation.2015__#00-54-17_00-55-28_label_A,106,0,
v=q2SP66Jb6Cw__#00-06-00_00-12-00_label_A,train,/home/aarf101/xd_official/i3d-features/RGB/v=q2SP66Jb6Cw__#00-06-00_00-12-00_label_A,540,0,
v=IsAw7y1TM3U__#1_label_A,train,/home/aarf101/xd_official/i3d-features/RGB/v=IsAw7y1TM3U__#1_label_A,31,0,
v=RFjN_SM7ijc__#1_label_A,train,/home/aarf101/xd_official/i3d-features/RGB/v=RFjN_SM7ijc__#1_label_A,625,0,
v=VaQpmWUfmn0__#1_label_B1-0-0,train,/home/aarf101/xd_official/i3d-features/RGB/v=VaQpmWUfmn0__#1_label_B1-0-0,195,1,fighting
Saving.Private.Ryan.1998__#02-29-31_02-30-55_label_B2-G-0,train,/home/aarf101/xd_official/i3d-features/RGB/Saving.Private.Ryan.1998__#02-29-31_02-30-55_label_B2-G-0,125,1,shooting|explosion
v=14oeLr6xkC8__#1_label_A,train,/home/aarf101/xd_official/i3d-features/RGB/v=14oeLr6xkC8__#1_label_A,298,0,
GoldenEye.1995__#00-03-13_00-04-35_label_A,train,/home/aarf101/xd_official/i3d-features/RGB/GoldenEye.1995__#00-03-13_00-04-35_label_A,123,0,
v=LLCUqRKnjeY__#00-01-00_00-02-45_label_B6-0-0,train,/home/aarf101/xd_official/i3d-features/RGB/v=LLCUqRKnjeY__#00-01-00_00-02-45_label_B6-0-0,157,1,car_accident
v=4uXbF8bt-SQ__#1_label_B4-0-0,train,/home/aarf101/xd_official/i3d-features/RGB/v=4uXbF8bt-SQ__#1_label_B4-0-0,303,1,riot
v=6braXHvzJVc__#1_label_A,train,/home/aarf101/xd_official/i3d-features/RGB/v=6braXHvzJVc__#1_label_A,192,0,
v=aLpml8P58-A__#1_label_B4-0-0,train,/home/aarf101/xd_official/i3d-features/RGB/v=aLpml8P58-A__#1_label_B4-0-0,182,1,riot
Taken.Extended.Cut.2008__#00-11-53_00-12-40_label_A,train,/home/aarf101/xd_official/i3d-features/RGB/Taken.Extended.Cut.2008__#00-11-53_00-12-40_label_A,70,0,
v=q2SP66Jb6Cw__#00-18-00_00-24-00_label_A,train,/home/aarf101/xd_official/i3d-features/RGB/v=q2SP66Jb6Cw__#00-18-00_00-24-00_label_A,540,0,
v=RrGPdJr9Xas__#1_label_B1-0-0,train,/home/aarf101/xd_official/i3d-features/RGB/v=RrGPdJr9Xas__#1_label_B1-0-0,95,1,fighting
The.Pursuit.of.Happyness.2006__#00-16-18_00-17-27_label_A,train,/home/aarf101/xd_official/i3d-features/RGB/The.Pursuit.of.Happyness.2006__#00-16-18_00-17-27_label_A,103,0,
v=XjRhYP-OXdM__#00-06-00_00-09-00_label_A,train,/home/aarf101/xd_official/i3d-features/RGB/v=XjRhYP-OXdM__#00-06-00_00-09-00_label_A,269,0,
v=QfN7ZMkjpWc__#1_label_B1-0-0,train,/home/aarf101/xd_official/i3d-features/RGB/v=QfN7ZMkjpWc__#1_label_B1-0-0,137,1,fighting
v=7o0GnFD2yOg__#1_label_A,train,/home/aarf101/xd_official/i3d-features/RGB/v=7o0GnFD2yOg__#1_label_A,114,0,
Kill.Bill.Vol.2.2004__#0-05-14_0-06-33_label_A,train,/home/aarf101/xd_official/i3d-features/RGB/Kill.Bill.Vol.2.2004__#0-05-14_0-06-33_label_A,118,0,
About.Time.2013__#00-38-52_00-40-31_label_A,train,/home/aarf101/xd_official/i3d-features/RGB/About.Time.2013__#00-38-52_00-40-31_label_A,148,0,
v=hdPTRcsFN5w__#00-00-00_00-03-00_label_A,train,/home/aarf101/xd_official/i3d-features/RGB/v=hdPTRcsFN5w__#00-00-00_00-03-00_label_A,270,0,
Hear.Me.2009__#00-16-18_00-17-27_label_A,train,/home/aarf101/xd_official/i3d-features/RGB/Hear.Me.2009__#00-16-18_00-17-27_label_A,103,0,
Salt.2010__#01-25-00_01-25-25_label_B2-0-0,train,/home/aarf101/xd_official/i3d-features/RGB/Salt.2010__#01-25-00_01-25-25_label_B2-0-0,37,1,shooting
wangted.2008__#01-20-48_01-22-08_label_A,train,/home/aarf101/xd_official/i3d-features/RGB/wangted.2008__#01-20-48_01-22-08_label_A,120,0,
Rush.Hour.1998.BluRay__#00-13-14_00-14-40_label_A,train,/home/aarf101/xd_official/i3d-features/RGB/Rush.Hour.1998.BluRay__#00-13-14_00-14-40_label_A,128,0,
v=jwMj3PJDxuo__#1_label_A,train,/home/aarf101/xd_official/i3d-features/RGB/v=jwMj3PJDxuo__#1_label_A,213,0,
Operation.Red.Sea.2018__#0-31-34_0-33-12_label_B2-0-0,train,/home/aarf101/xd_official/i3d-features/RGB/Operation.Red.Sea.2018__#0-31-34_0-33-12_label_B2-0-0,146,1,shooting
v=ZC0rczrqn5s__#00-00-00_00-04-57_label_B4-0-0,train,/home/aarf101/xd_official/i3d-features/RGB/v=ZC0rczrqn5s__#00-00-00_00-04-57_label_B4-0-0,445,1,riot
v=qmsQ-obL1Z4__#00-25-35_00-29-02_label_B6-0-0,train,/home/aarf101/xd_official/i3d-features/RGB/v=qmsQ-obL1Z4__#00-25-35_00-29-02_label_B6-0-0,310,1,car_accident
Hear.Me.2009__#00-11-00_00-15-08_label_A,train,/home/aarf101/xd_official/i3d-features/RGB/Hear.Me.2009__#00-11-00_00-15-08_label_A,372,0,
v=mzFahABTUtw__#1_label_B4-0-0,train,/home/aarf101/xd_official/i3d-features/RGB/v=mzFahABTUtw__#1_label_B4-0-0,287,1,riot
Lord.of.War__#00-16-00_00-16-40_label_B2-0-0,train,/home/aarf101/xd_official/i3d-features/RGB/Lord.of.War__#00-16-00_00-16-40_label_B2-0-0,60,1,shooting
v=WxiUccHD1Bc__#1_label_A,train,/home/aarf101/xd_official/i3d-features/RGB/v=WxiUccHD1Bc__#1_label_A,123,0,
v=TrP9Ssg_W-k__#1_label_A,train,/home/aarf101/xd_official/i3d-features/RGB/v=TrP9Ssg_W-k__#1_label_A,260,0,
v=ZTzEHsJVZhA__#00-02-50_00-04-33_label_G-0-0,train,/home/aarf101/xd_official/i3d-features/RGB/v=ZTzEHsJVZhA__#00-02-50_00-04-33_label_G-0-0,154,1,explosion
v=0N3BKmDiKmc__#00-00-00_00-00-51_label_B6-0-0,train,/home/aarf101/xd_official/i3d-features/RGB/v=0N3BKmDiKmc__#00-00-00_00-00-51_label_B6-0-0,76,1,car_accident
v=jltJrNKnrNQ__#1_label_A,train,/home/aarf101/xd_official/i3d-features/RGB/v=jltJrNKnrNQ__#1_label_A,306,0,
v=pPnODBy9ZMw__#1_label_A,train,/home/aarf101/xd_official/i3d-features/RGB/v=pPnODBy9ZMw__#1_label_A,333,0,
Sin.City.2005__#0-37-08_0-37-50_label_B1-0-0,train,/home/aarf101/xd_official/i3d-features/RGB/Sin.City.2005__#0-37-08_0-37-50_label_B1-0-0,62,1,fighting
City.of.God.2002__#01-32-31_01-33-11_label_B2-0-0,train,/home/aarf101/xd_official/i3d-features/RGB/City.of.God.2002__#01-32-31_01-33-11_label_B2-0-0,60,1,shooting
v=FdA-ojxyKLU__#1_label_B4-0-0,train,/home/aarf101/xd_official/i3d-features/RGB/v=FdA-ojxyKLU__#1_label_B4-0-0,223,1,riot
v=H5W58Loofks__#00-01-40_00-02-45_label_B6-0-0,train,/home/aarf101/xd_official/i3d-features/RGB/v=H5W58Loofks__#00-01-40_00-02-45_label_B6-0-0,97,1,car_accident
Mission.Impossible.III.2006__#01-47-33_01-49-14_label_B1-B2-0,train,/home/aarf101/xd_official/i3d-features/RGB/Mission.Impossible.III.2006__#01-47-33_01-49-14_label_B1-B2-0,151,1,fighting|shooting
Ip.Man.2008__#01-19-09_01-20-43_label_B1-0-0,train,/home/aarf101/xd_official/i3d-features/RGB/Ip.Man.2008__#01-19-09_01-20-43_label_B1-0-0,141,1,fighting
The.Bourne.Identity.2002__#0-35-57_0-42-18_label_A,train,/home/aarf101/xd_official/i3d-features/RGB/The.Bourne.Identity.2002__#0-35-57_0-42-18_label_A,571,0,
v=nMayX35FkEk__#1_label_G-0-0,train,/home/aarf101/xd_official/i3d-features/RGB/v=nMayX35FkEk__#1_label_G-0-0,145,1,explosion
v=eAgqJnO3kr8__#00-12-00_00-18-00_label_A,train,/home/aarf101/xd_official/i3d-features/RGB/v=eAgqJnO3kr8__#00-12-00_00-18-00_label_A,540,0,
The.Bourne.Supremacy.2004__#01-27-46_01-28-00_label_B1-0-0,train,/home/aarf101/xd_official/i3d-features/RGB/The.Bourne.Supremacy.2004__#01-27-46_01-28-00_label_B1-0-0,21,1,fighting
Be.with.You.2018__#00-05-52_00-08-22_label_A,train,/home/aarf101/xd_official/i3d-features/RGB/Be.with.You.2018__#00-05-52_00-08-22_label_A,225,0,
v=7NuWGTbPcEA__#1_label_A,train,/home/aarf101/xd_official/i3d-features/RGB/v=7NuWGTbPcEA__#1_label_A,160,0,
v=KMidGHu1vMA__#1_label_B1-0-0,train,/home/aarf101/xd_official/i3d-features/RGB/v=KMidGHu1vMA__#1_label_B1-0-0,200,1,fighting
Operation.Red.Sea.2018__#0-36-25_0-38-01_label_B2-0-0,train,/home/aarf101/xd_official/i3d-features/RGB/Operation.Red.Sea.2018__#0-36-25_0-38-01_label_B2-0-0,143,1,shooting
v=0_qTxNIQy7I__#1_label_A,train,/home/aarf101/xd_official/i3d-features/RGB/v=0_qTxNIQy7I__#1_label_A,265,0,
Fast.Five.2011__#00-38-01_00-40-44_label_A,train,/home/aarf101/xd_official/i3d-features/RGB/Fast.Five.2011__#00-38-01_00-40-44_label_A,244,0,
v=C1ZCZ-PBGzI__#00-08-10_00-09-51_label_B6-0-0,train,/home/aarf101/xd_official/i3d-features/RGB/v=C1ZCZ-PBGzI__#00-08-10_00-09-51_label_B6-0-0,151,1,car_accident
Kill.Bill.Vol.1.2003__#01-15-45_01-16-10_label_B1-0-0,train,/home/aarf101/xd_official/i3d-features/RGB/Kill.Bill.Vol.1.2003__#01-15-45_01-16-10_label_B1-0-0,37,1,fighting
v=sM814jqUPXw__#00-01-00_00-02-45_label_B6-0-0,train,/home/aarf101/xd_official/i3d-features/RGB/v=sM814jqUPXw__#00-01-00_00-02-45_label_B6-0-0,157,1,car_accident
v=gGlqujwrhbI__#00-06-00_00-09-00_label_A,train,/home/aarf101/xd_official/i3d-features/RGB/v=gGlqujwrhbI__#00-06-00_00-09-00_label_A,270,0,
v=Y1rKmZ0xLKw__#1_label_B4-0-0,train,/home/aarf101/xd_official/i3d-features/RGB/v=Y1rKmZ0xLKw__#1_label_B4-0-0,405,1,riot
Lord.of.War__#00-28-20_00-29-08_label_A,train,/home/aarf101/xd_official/i3d-features/RGB/Lord.of.War__#00-28-20_00-29-08_label_A,72,0,
The.Intouchables.2011__#00-16-18_00-17-27_label_A,train,/home/aarf101/xd_official/i3d-features/RGB/The.Intouchables.2011__#00-16-18_00-17-27_label_A,103,0,
v=fkps18H3SXY__#01-18-00_01-24-00_label_A,train,/home/aarf101/xd_official/i3d-features/RGB/v=fkps18H3SXY__#01-18-00_01-24-00_label_A,540,0,
Bullet.in.the.Head.1990__#01-52-56_01-54-05_label_G-B2-0,train,/home/aarf101/xd_official/i3d-features/RGB/Bullet.in.the.Head.1990__#01-52-56_01-54-05_label_G-B2-0,103,1,explosion|shooting
Sin.City.2005__#01-34-55_01-36-09_label_A,train,/home/aarf101/xd_official/i3d-features/RGB/Sin.City.2005__#01-34-55_01-36-09_label_A,111,0,
v=vFPQ_NiDBIU__#01-18-00_01-24-00_label_A,train,/home/aarf101/xd_official/i3d-features/RGB/v=vFPQ_NiDBIU__#01-18-00_01-24-00_label_A,539,0,
v=_5JyqD0kzS8__#1_label_G-0-0,train,/home/aarf101/xd_official/i3d-features/RGB/v=_5JyqD0kzS8__#1_label_G-0-0,101,1,explosion
v=Ja6m-BBGKMk__#1_label_A,train,/home/aarf101/xd_official/i3d-features/RGB/v=Ja6m-BBGKMk__#1_label_A,28,0,
v=oiVq0JE1_DQ__#1_label_A,train,/home/aarf101/xd_official/i3d-features/RGB/v=oiVq0JE1_DQ__#1_label_A,87,0,
Mission.Impossible.II.2000__#00-04-25_00-04-55_label_B5-0-0,train,/home/aarf101/xd_official/i3d-features/RGB/Mission.Impossible.II.2000__#00-04-25_00-04-55_label_B5-0-0,45,1,abuse
v=900cEU2L-ng__#1_label_A,train,/home/aarf101/xd_official/i3d-features/RGB/v=900cEU2L-ng__#1_label_A,297,0,
v=0vVOXlgHC1U__#00-06-00_00-12-00_label_A,train,/home/aarf101/xd_official/i3d-features/RGB/v=0vVOXlgHC1U__#00-06-00_00-12-00_label_A,540,0,
v=f6j3YWgVBto__#00-01-00_00-01-50_label_A,train,/home/aarf101/xd_official/i3d-features/RGB/v=f6j3YWgVBto__#00-01-00_00-01-50_label_A,74,0,
Good.Will.Hunting.1997__#01-27-20_01-29-40_label_A,train,/home/aarf101/xd_official/i3d-features/RGB/Good.Will.Hunting.1997__#01-27-20_01-29-40_label_A,210,0,
v=nSGwiA89DYw__#00-04-00_00-05-15_label_B6-0-0,train,/home/aarf101/xd_official/i3d-features/RGB/v=nSGwiA89DYw__#00-04-00_00-05-15_label_B6-0-0,112,1,car_accident
Kill.Bill.Vol.1.2003__#0-42-09_0-42-50_label_B2-0-0,train,/home/aarf101/xd_official/i3d-features/RGB/Kill.Bill.Vol.1.2003__#0-42-09_0-42-50_label_B2-0-0,61,1,shooting
v=JSD-dBpNfjw__#1_label_B4-0-0,train,/home/aarf101/xd_official/i3d-features/RGB/v=JSD-dBpNfjw__#1_label_B4-0-0,208,1,riot
The.Intouchables.2011__#00-45-40_00-47-30_label_A,train,/home/aarf101/xd_official/i3d-features/RGB/The.Intouchables.2011__#00-45-40_00-47-30_label_A,165,0,
v=7YvFzEgLiMk__#1_label_A,train,/home/aarf101/xd_official/i3d-features/RGB/v=7YvFzEgLiMk__#1_label_A,296,0,
Before.Sunrise.1995__#00-01-45_00-02-50_label_A,train,/home/aarf101/xd_official/i3d-features/RGB/Before.Sunrise.1995__#00-01-45_00-02-50_label_A,97,0,
Love.Actually.2003__#00-21-59_00-24-04_label_A,train,/home/aarf101/xd_official/i3d-features/RGB/Love.Actually.2003__#00-21-59_00-24-04_label_A,187,0,
Be.with.You.2018__#00-45-40_00-47-30_label_A,train,/home/aarf101/xd_official/i3d-features/RGB/Be.with.You.2018__#00-45-40_00-47-30_label_A,165,0,
v=H9Y5_X1sEEA__#00-00-00_00-03-00_label_A,train,/home/aarf101/xd_official/i3d-features/RGB/v=H9Y5_X1sEEA__#00-00-00_00-03-00_label_A,270,0,
Love.Actually.2003__#00-40-52_00-43-31_label_A,train,/home/aarf101/xd_official/i3d-features/RGB/Love.Actually.2003__#00-40-52_00-43-31_label_A,238,0,
Kill.Bill.Vol.1.2003__#01-16-11_01-17-12_label_B1-0-0,train,/home/aarf101/xd_official/i3d-features/RGB/Kill.Bill.Vol.1.2003__#01-16-11_01-17-12_label_B1-0-0,91,1,fighting
v=9eME1y6V-T4__#00-54-00_01-00-00_label_A,train,/home/aarf101/xd_official/i3d-features/RGB/v=9eME1y6V-T4__#00-54-00_01-00-00_label_A,540,0,
v=KG1SyO8GXCU__#1_label_B4-0-0,train,/home/aarf101/xd_official/i3d-features/RGB/v=KG1SyO8GXCU__#1_label_B4-0-0,124,1,riot
v=F5tQN7Wvqac__#1_label_B1-0-0,train,/home/aarf101/xd_official/i3d-features/RGB/v=F5tQN7Wvqac__#1_label_B1-0-0,249,1,fighting
v=nLAapCIlr-o__#00-06-10_00-07-19_label_B6-0-0,train,/home/aarf101/xd_official/i3d-features/RGB/v=nLAapCIlr-o__#00-06-10_00-07-19_label_B6-0-0,103,1,car_accident
Bullet.in.the.Head.1990__#00-48-53_00-51-45_label_A,train,/home/aarf101/xd_official/i3d-features/RGB/Bullet.in.the.Head.1990__#00-48-53_00-51-45_label_A,257,0,
A.Beautiful.Mind.2001__#01-26-10_01-28-00_label_A,train,/home/aarf101/xd_official/i3d-features/RGB/A.Beautiful.Mind.2001__#01-26-10_01-28-00_label_A,165,0,
v=aaFoHfBfv_8__#1_label_B4-0-0,train,/home/aarf101/xd_official/i3d-features/RGB/v=aaFoHfBfv_8__#1_label_B4-0-0,186,1,riot
v=I8Na13j54CI__#1_label_A,train,/home/aarf101/xd_official/i3d-features/RGB/v=I8Na13j54CI__#1_label_A,1945,0,
v=qAVEja5DXr4__#1_label_A,train,/home/aarf101/xd_official/i3d-features/RGB/v=qAVEja5DXr4__#1_label_A,480,0,
v=aDupD4_oWOk__#1_label_B4-0-0,train,/home/aarf101/xd_official/i3d-features/RGB/v=aDupD4_oWOk__#1_label_B4-0-0,323,1,riot
Still.Walking.2008__#01-04-40_01-06-59_label_A,train,/home/aarf101/xd_official/i3d-features/RGB/Still.Walking.2008__#01-04-40_01-06-59_label_A,208,0,
v=fS0dDKInWUI__#1_label_G-0-0,train,/home/aarf101/xd_official/i3d-features/RGB/v=fS0dDKInWUI__#1_label_G-0-0,24,1,explosion
One.Day.2011__#00-08-55_00-10-50_label_A,train,/home/aarf101/xd_official/i3d-features/RGB/One.Day.2011__#00-08-55_00-10-50_label_A,172,0,
v=JzrpCC7XmyE__#01-36-00_01-40-40_label_A,train,/home/aarf101/xd_official/i3d-features/RGB/v=JzrpCC7XmyE__#01-36-00_01-40-40_label_A,420,0,
v=5gOoBB_BxRM__#1_label_B4-0-0,train,/home/aarf101/xd_official/i3d-features/RGB/v=5gOoBB_BxRM__#1_label_B4-0-0,292,1,riot
Be.with.You.2018__#01-33-18_01-36-11_label_A,train,/home/aarf101/xd_official/i3d-features/RGB/Be.with.You.2018__#01-33-18_01-36-11_label_A,259,0,
v=7QOdBpDrmKk__#00-08-35_00-10-25_label_B6-0-0,train,/home/aarf101/xd_official/i3d-features/RGB/v=7QOdBpDrmKk__#00-08-35_00-10-25_label_B6-0-0,165,1,car_accident
Shoot.Em.Up.2007__#00-41-32_00-43-32_label_A,train,/home/aarf101/xd_official/i3d-features/RGB/Shoot.Em.Up.2007__#00-41-32_00-43-32_label_A,180,0,
Fast.Furious.6.2013__#00-06-50_00-08-50_label_A,train,/home/aarf101/xd_official/i3d-features/RGB/Fast.Furious.6.2013__#00-06-50_00-08-50_label_A,180,0,
v=zW0GpJ9-RTo__#1_label_A,train,/home/aarf101/xd_official/i3d-features/RGB/v=zW0GpJ9-RTo__#1_label_A,494,0,
v=5BEugKgdrxU__#1_label_A,train,/home/aarf101/xd_official/i3d-features/RGB/v=5BEugKgdrxU__#1_label_A,149,0,
Operation.Red.Sea.2018__#0-23-37_0-24-25_label_A,train,/home/aarf101/xd_official/i3d-features/RGB/Operation.Red.Sea.2018__#0-23-37_0-24-25_label_A,71,0,
Lord.of.War__#00-17-10_00-17-50_label_B2-0-0,train,/home/aarf101/xd_official/i3d-features/RGB/Lord.of.War__#00-17-10_00-17-50_label_B2-0-0,60,1,shooting
Brick.Mansions.2014__#00-15-12_00-15-27_label_B2-0-0,train,/home/aarf101/xd_official/i3d-features/RGB/Brick.Mansions.2014__#00-15-12_00-15-27_label_B2-0-0,22,1,shooting
v=vFPQ_NiDBIU__#02-30-00_02-36-00_label_A,train,/home/aarf101/xd_official/i3d-features/RGB/v=vFPQ_NiDBIU__#02-30-00_02-36-00_label_A,539,0,
v=zoIn2hOrUIM__#00-03-00_00-04-09_label_B6-0-0,train,/home/aarf101/xd_official/i3d-features/RGB/v=zoIn2hOrUIM__#00-03-00_00-04-09_label_B6-0-0,103,1,car_accident
v=txpfvf01Ojc__#00-00-00_00-04-07_label_B1-0-0,train,/home/aarf101/xd_official/i3d-features/RGB/v=txpfvf01Ojc__#00-00-00_00-04-07_label_B1-0-0,370,1,fighting
One.Day.2011__#00-40-52_00-42-01_label_A,train,/home/aarf101/xd_official/i3d-features/RGB/One.Day.2011__#00-40-52_00-42-01_label_A,103,0,
v=PQnFFCyJ3Eo__#00-00-00_00-08-57_label_B4-0-0,train,/home/aarf101/xd_official/i3d-features/RGB/v=PQnFFCyJ3Eo__#00-00-00_00-08-57_label_B4-0-0,805,1,riot
v=XjRhYP-OXdM__#00-03-00_00-06-00_label_A,train,/home/aarf101/xd_official/i3d-features/RGB/v=XjRhYP-OXdM__#00-03-00_00-06-00_label_A,269,0,
v=gglk0Q4xupk__#1_label_A,train,/home/aarf101/xd_official/i3d-features/RGB/v=gglk0Q4xupk__#1_label_A,209,0,
v=y7JEq-kf-2I__#00-00-00_00-01-00_label_A,train,/home/aarf101/xd_official/i3d-features/RGB/v=y7JEq-kf-2I__#00-00-00_00-01-00_label_A,89,0,
Election.2005__#00-05-30_00-06-56_label_A,train,/home/aarf101/xd_official/i3d-features/RGB/Election.2005__#00-05-30_00-06-56_label_A,128,0,
Tropa.de.Elite.2.2010__#00-43-02_00-44-01_label_A,train,/home/aarf101/xd_official/i3d-features/RGB/Tropa.de.Elite.2.2010__#00-43-02_00-44-01_label_A,88,0,
The.Bourne.Legacy.2012__#0-09-06_0-11-10_label_A,train,/home/aarf101/xd_official/i3d-features/RGB/The.Bourne.Legacy.2012__#0-09-06_0-11-10_label_A,186,0,
Saving.Private.Ryan.1998__#02-27-23_02-28-20_label_G-0-0,train,/home/aarf101/xd_official/i3d-features/RGB/Saving.Private.Ryan.1998__#02-27-23_02-28-20_label_G-0-0,85,1,explosion
v=cvEJ5WFk2KE__#00-15-00_00-18-00_label_A,train,/home/aarf101/xd_official/i3d-features/RGB/v=cvEJ5WFk2KE__#00-15-00_00-18-00_label_A,270,0,
v=vhACO_m5pH0__#00-06-50_00-07-40_label_B6-0-0,train,/home/aarf101/xd_official/i3d-features/RGB/v=vhACO_m5pH0__#00-06-50_00-07-40_label_B6-0-0,75,1,car_accident
Fury.2014__#01-27-52_01-30-09_label_A,train,/home/aarf101/xd_official/i3d-features/RGB/Fury.2014__#01-27-52_01-30-09_label_A,205,0,
Love.Death.and.Robots.S01E16__#0-00-35_0-02-15_label_A,train,/home/aarf101/xd_official/i3d-features/RGB/Love.Death.and.Robots.S01E16__#0-00-35_0-02-15_label_A,149,0,
v=5dRZK_P5D3c__#1_label_A,train,/home/aarf101/xd_official/i3d-features/RGB/v=5dRZK_P5D3c__#1_label_A,113,0,
v=BGPGknpq3e0__#1_label_A,train,/home/aarf101/xd_official/i3d-features/RGB/v=BGPGknpq3e0__#1_label_A,203,0,
v=7QOdBpDrmKk__#00-03-00_00-04-09_label_B6-0-0,train,/home/aarf101/xd_official/i3d-features/RGB/v=7QOdBpDrmKk__#00-03-00_00-04-09_label_B6-0-0,103,1,car_accident
Be.with.You.2018__#01-58-20_02-01-10_label_A,train,/home/aarf101/xd_official/i3d-features/RGB/Be.with.You.2018__#01-58-20_02-01-10_label_A,254,0,
Brick.Mansions.2014__#00-53-40_00-55-05_label_A,train,/home/aarf101/xd_official/i3d-features/RGB/Brick.Mansions.2014__#00-53-40_00-55-05_label_A,127,0,
City.of.God.2002__#00-34-55_00-35-50_label_A,train,/home/aarf101/xd_official/i3d-features/RGB/City.of.God.2002__#00-34-55_00-35-50_label_A,82,0,
Fury.2014__#01-24-39_01-26-24_label_A,train,/home/aarf101/xd_official/i3d-features/RGB/Fury.2014__#01-24-39_01-26-24_label_A,157,0,
v=Ru4V3dPJGYw__#1_label_B4-0-0,train,/home/aarf101/xd_official/i3d-features/RGB/v=Ru4V3dPJGYw__#1_label_B4-0-0,59,1,riot
GoldenEye.1995__#00-25-13_00-25-45_label_A,train,/home/aarf101/xd_official/i3d-features/RGB/GoldenEye.1995__#00-25-13_00-25-45_label_A,48,0,
Casino.Royale.2006__#00-01-52_00-02-13_label_B1-0-0,train,/home/aarf101/xd_official/i3d-features/RGB/Casino.Royale.2006__#00-01-52_00-02-13_label_B1-0-0,31,1,fighting
Mission.Impossible.III.2006__#00-18-41_00-19-45_label_B2-0-0,train,/home/aarf101/xd_official/i3d-features/RGB/Mission.Impossible.III.2006__#00-18-41_00-19-45_label_B2-0-0,96,1,shooting
v=fZI47tH5GPs__#1_label_A,train,/home/aarf101/xd_official/i3d-features/RGB/v=fZI47tH5GPs__#1_label_A,1143,0,
The.Intouchables.2011__#01-34-18_01-38-11_label_A,train,/home/aarf101/xd_official/i3d-features/RGB/The.Intouchables.2011__#01-34-18_01-38-11_label_A,349,0,
Bullet.in.the.Head.1990__#00-39-01_00-41-00_label_B2-0-0,train,/home/aarf101/xd_official/i3d-features/RGB/Bullet.in.the.Head.1990__#00-39-01_00-41-00_label_B2-0-0,178,1,shooting
Young.And.Dangerous.I.1996__#01-38-25_01-38-49_label_A,train,/home/aarf101/xd_official/i3d-features/RGB/Young.And.Dangerous.I.1996__#01-38-25_01-38-49_label_A,36,0,
Operation.Red.Sea.2018__#01-32-16_01-33-29_label_B2-G-0,train,/home/aarf101/xd_official/i3d-features/RGB/Operation.Red.Sea.2018__#01-32-16_01-33-29_label_B2-G-0,109,1,shooting|explosion
v=Z-U7_Pyxwkc__#1_label_B4-0-0,train,/home/aarf101/xd_official/i3d-features/RGB/v=Z-U7_Pyxwkc__#1_label_B4-0-0,173,1,riot
v=C5UX5hanMsQ__#1_label_A,train,/home/aarf101/xd_official/i3d-features/RGB/v=C5UX5hanMsQ__#1_label_A,315,0,
v=XjRhYP-OXdM__#00-18-00_00-22-00_label_A,train,/home/aarf101/xd_official/i3d-features/RGB/v=XjRhYP-OXdM__#00-18-00_00-22-00_label_A,359,0,
v=d_T0lqsypw8__#1_label_A,train,/home/aarf101/xd_official/i3d-features/RGB/v=d_T0lqsypw8__#1_label_A,326,0,
Jason.Bourne.2016__#0-16-14_0-16-43_label_B4-0-0,train,/home/aarf101/xd_official/i3d-features/RGB/Jason.Bourne.2016__#0-16-14_0-16-43_label_B4-0-0,43,1,riot
The.Bourne.Supremacy.2004__#0-52-00_0-52-52_label_A,train,/home/aarf101/xd_official/i3d-features/RGB/The.Bourne.Supremacy.2004__#0-52-00_0-52-52_label_A,78,0,
v=zK2uHh96pFU__#1_label_A,train,/home/aarf101/xd_official/i3d-features/RGB/v=zK2uHh96pFU__#1_label_A,148,0,
v=qYGIqrHVxMc__#1_label_B1-0-0,train,/home/aarf101/xd_official/i3d-features/RGB/v=qYGIqrHVxMc__#1_label_B1-0-0,283,1,fighting
Hot.Fuzz.2007__#01-45-55_01-46-39_label_B2-0-0,train,/home/aarf101/xd_official/i3d-features/RGB/Hot.Fuzz.2007__#01-45-55_01-46-39_label_B2-0-0,65,1,shooting
v=4fTFFShKMbs__#1_label_G-0-0,train,/home/aarf101/xd_official/i3d-features/RGB/v=4fTFFShKMbs__#1_label_G-0-0,97,1,explosion
Sin.City.2005__#0-39-32_0-40-12_label_A,train,/home/aarf101/xd_official/i3d-features/RGB/Sin.City.2005__#0-39-32_0-40-12_label_A,60,0,
v=Mqr21vlZ7JM__#1_label_G-0-0,train,/home/aarf101/xd_official/i3d-features/RGB/v=Mqr21vlZ7JM__#1_label_G-0-0,286,1,explosion
v=cMhNmjxGWHA__#1_label_A,train,/home/aarf101/xd_official/i3d-features/RGB/v=cMhNmjxGWHA__#1_label_A,78,0,
v=x4o5-WFBHCY__#1_label_B6-0-0,train,/home/aarf101/xd_official/i3d-features/RGB/v=x4o5-WFBHCY__#1_label_B6-0-0,468,1,car_accident
New.Kids.Turbo.2010__#00-01-11_00-02-07_label_A,train,/home/aarf101/xd_official/i3d-features/RGB/New.Kids.Turbo.2010__#00-01-11_00-02-07_label_A,83,0,
v=X1arMZmYhsk__#00-04-10_00-06-09_label_B6-0-0,train,/home/aarf101/xd_official/i3d-features/RGB/v=X1arMZmYhsk__#00-04-10_00-06-09_label_B6-0-0,178,1,car_accident
v=aRYJ9u0sEE4__#1_label_A,train,/home/aarf101/xd_official/i3d-features/RGB/v=aRYJ9u0sEE4__#1_label_A,993,0,
v=SNdbq7_2MXg__#1_label_B1-0-0,train,/home/aarf101/xd_official/i3d-features/RGB/v=SNdbq7_2MXg__#1_label_B1-0-0,73,1,fighting
wangted.2008__#0-04-55_0-05-58_label_B2-0-0,train,/home/aarf101/xd_official/i3d-features/RGB/wangted.2008__#0-04-55_0-05-58_label_B2-0-0,94,1,shooting
Taken.Extended.Cut.2008__#00-36-58_00-37-40_label_B1-B5-0,train,/home/aarf101/xd_official/i3d-features/RGB/Taken.Extended.Cut.2008__#00-36-58_00-37-40_label_B1-B5-0,62,1,fighting|abuse
Black.Hawk.Down.2001__#00-47-30_00-47-58_label_G-0-0,train,/home/aarf101/xd_official/i3d-features/RGB/Black.Hawk.Down.2001__#00-47-30_00-47-58_label_G-0-0,42,1,explosion
Mission.Impossible.II.2000__#01-16-32_01-16-58_label_B2-0-0,train,/home/aarf101/xd_official/i3d-features/RGB/Mission.Impossible.II.2000__#01-16-32_01-16-58_label_B2-0-0,39,1,shooting
Hear.Me.2009__#00-04-20_00-06-05_label_A,train,/home/aarf101/xd_official/i3d-features/RGB/Hear.Me.2009__#00-04-20_00-06-05_label_A,157,0,
v=qqsd-cZr01k__#00-00-00_00-00-51_label_B6-0-0,train,/home/aarf101/xd_official/i3d-features/RGB/v=qqsd-cZr01k__#00-00-00_00-00-51_label_B6-0-0,76,1,car_accident
v=rcZTt_yQur8__#1_label_B1-0-0,train,/home/aarf101/xd_official/i3d-features/RGB/v=rcZTt_yQur8__#1_label_B1-0-0,865,1,fighting
Fury.2014__#00-46-02_00-48-53_label_B2-G-0,train,/home/aarf101/xd_official/i3d-features/RGB/Fury.2014__#00-46-02_00-48-53_label_B2-G-0,256,1,shooting|explosion
Mission.Impossible.V.Rogue.Nation.2015__#01-57-48_01-59-18_label_B1-0-0,train,/home/aarf101/xd_official/i3d-features/RGB/Mission.Impossible.V.Rogue.Nation.2015__#01-57-48_01-59-18_label_B1-0-0,135,1,fighting
v=AmcdLCavXS4__#1_label_A,train,/home/aarf101/xd_official/i3d-features/RGB/v=AmcdLCavXS4__#1_label_A,222,0,
Spectre.2015__#02-02-16_02-02-33_label_B2-0-0,train,/home/aarf101/xd_official/i3d-features/RGB/Spectre.2015__#02-02-16_02-02-33_label_B2-0-0,25,1,shooting
Good.Will.Hunting.1997__#01-39-05_01-41-00_label_A,train,/home/aarf101/xd_official/i3d-features/RGB/Good.Will.Hunting.1997__#01-39-05_01-41-00_label_A,172,0,
v=0N5-9mps6z4__#1_label_B4-0-0,train,/home/aarf101/xd_official/i3d-features/RGB/v=0N5-9mps6z4__#1_label_B4-0-0,194,1,riot
v=k7R_Qo-BiAw__#00-06-10_00-07-19_label_B6-0-0,train,/home/aarf101/xd_official/i3d-features/RGB/v=k7R_Qo-BiAw__#00-06-10_00-07-19_label_B6-0-0,103,1,car_accident
One.Day.2011__#00-32-07_00-35-00_label_A,train,/home/aarf101/xd_official/i3d-features/RGB/One.Day.2011__#00-32-07_00-35-00_label_A,259,0,
v=OjUzOiOzUa0__#00-00-00_00-01-37_label_B6-0-0,train,/home/aarf101/xd_official/i3d-features/RGB/v=OjUzOiOzUa0__#00-00-00_00-01-37_label_B6-0-0,145,1,car_accident
v=vFPQ_NiDBIU__#00-00-00_00-06-00_label_A,train,/home/aarf101/xd_official/i3d-features/RGB/v=vFPQ_NiDBIU__#00-00-00_00-06-00_label_A,539,0,
v=8UzJN4Z-_yQ__#1_label_A,train,/home/aarf101/xd_official/i3d-features/RGB/v=8UzJN4Z-_yQ__#1_label_A,124,0,
v=4FzhVu2PR8Y__#1_label_B1,train,/home/aarf101/xd_official/i3d-features/RGB/v=4FzhVu2PR8Y__#1_label_B1,344,1,fighting
Saving.Private.Ryan.1998__#01-26-59_01-27-49_label_B2-0-0,train,/home/aarf101/xd_official/i3d-features/RGB/Saving.Private.Ryan.1998__#01-26-59_01-27-49_label_B2-0-0,75,1,shooting
The.Intouchables.2011__#01-21-00_01-26-08_label_A,train,/home/aarf101/xd_official/i3d-features/RGB/The.Intouchables.2011__#01-21-00_01-26-08_label_A,462,0,
Fast.Furious.2009__#00-51-30_00-53-14_label_A,train,/home/aarf101/xd_official/i3d-features/RGB/Fast.Furious.2009__#00-51-30_00-53-14_label_A,156,0,
Still.Walking.2008__#00-38-52_00-40-31_label_A,train,/home/aarf101/xd_official/i3d-features/RGB/Still.Walking.2008__#00-38-52_00-40-31_label_A,148,0,
v=p2ggHwtb-Zg__#00-03-00_00-06-00_label_A,train,/home/aarf101/xd_official/i3d-features/RGB/v=p2ggHwtb-Zg__#00-03-00_00-06-00_label_A,270,0,
Saving.Private.Ryan.1998__#02-22-13_02-23-00_label_B2-0-0,train,/home/aarf101/xd_official/i3d-features/RGB/Saving.Private.Ryan.1998__#02-22-13_02-23-00_label_B2-0-0,70,1,shooting
The.Notebook.2004__#00-04-20_00-05-35_label_A,train,/home/aarf101/xd_official/i3d-features/RGB/The.Notebook.2004__#00-04-20_00-05-35_label_A,112,0,
Spectre.2015__#02-01-20_02-01-40_label_B6-0-0,train,/home/aarf101/xd_official/i3d-features/RGB/Spectre.2015__#02-01-20_02-01-40_label_B6-0-0,30,1,car_accident
Be.with.You.2018__#00-50-26_00-55-16_label_A,train,/home/aarf101/xd_official/i3d-features/RGB/Be.with.You.2018__#00-50-26_00-55-16_label_A,435,0,
Braveheart.1995__#01-23-50_01-25-30_label_B1-0-0,train,/home/aarf101/xd_official/i3d-features/RGB/Braveheart.1995__#01-23-50_01-25-30_label_B1-0-0,150,1,fighting
Bad.Boys.1995__#01-17-05_01-19-29_label_A,train,/home/aarf101/xd_official/i3d-features/RGB/Bad.Boys.1995__#01-17-05_01-19-29_label_A,216,0,
wangted.2008__#0-44-27_0-44-44_label_G-0-0,train,/home/aarf101/xd_official/i3d-features/RGB/wangted.2008__#0-44-27_0-44-44_label_G-0-0,25,1,explosion
v=7QOdBpDrmKk__#00-06-10_00-07-19_label_B6-0-0,train,/home/aarf101/xd_official/i3d-features/RGB/v=7QOdBpDrmKk__#00-06-10_00-07-19_label_B6-0-0,103,1,car_accident
Ip.Man.3.2015__#00-29-44_00-31-40_label_A,train,/home/aarf101/xd_official/i3d-features/RGB/Ip.Man.3.2015__#00-29-44_00-31-40_label_A,173,0,
v=f6j3YWgVBto__#00-00-00_00-01-00_label_A,train,/home/aarf101/xd_official/i3d-features/RGB/v=f6j3YWgVBto__#00-00-00_00-01-00_label_A,89,0,
The.Bourne.Legacy.2012__#0-05-22_0-06-49_label_A,train,/home/aarf101/xd_official/i3d-features/RGB/The.Bourne.Legacy.2012__#0-05-22_0-06-49_label_A,130,0,
Skyfall.2012__#01-04-50_01-05-13_label_B1-0-0,train,/home/aarf101/xd_official/i3d-features/RGB/Skyfall.2012__#01-04-50_01-05-13_label_B1-0-0,34,1,fighting
Taken.2.UNRATED.EXTENDED.2012__#00-05-10_00-06-20_label_A,train,/home/aarf101/xd_official/i3d-features/RGB/Taken.2.UNRATED.EXTENDED.2012__#00-05-10_00-06-20_label_A,105,0,
v=_UFEMMxxxH4__#1_label_A,train,/home/aarf101/xd_official/i3d-features/RGB/v=_UFEMMxxxH4__#1_label_A,144,0,
Crank.Dircut.2006__#0-41-11_0-42-10_label_B6-0-0,train,/home/aarf101/xd_official/i3d-features/RGB/Crank.Dircut.2006__#0-41-11_0-42-10_label_B6-0-0,88,1,car_accident
Saving.Private.Ryan.1998__#02-39-02_02-42-32_label_A,train,/home/aarf101/xd_official/i3d-features/RGB/Saving.Private.Ryan.1998__#02-39-02_02-42-32_label_A,314,0,
Shoplifters.2018__#00-38-52_00-40-31_label_A,train,/home/aarf101/xd_official/i3d-features/RGB/Shoplifters.2018__#00-38-52_00-40-31_label_A,148,0,
v=9eME1y6V-T4__#00-30-00_00-36-00_label_A,train,/home/aarf101/xd_official/i3d-features/RGB/v=9eME1y6V-T4__#00-30-00_00-36-00_label_A,540,0,
Spectre.2015__#01-59-32_02-00-38_label_A,train,/home/aarf101/xd_official/i3d-features/RGB/Spectre.2015__#01-59-32_02-00-38_label_A,99,0,
The.World.Is.Not.Enough.1999__#01-18-30_01-18-45_label_G-0-0,train,/home/aarf101/xd_official/i3d-features/RGB/The.World.Is.Not.Enough.1999__#01-18-30_01-18-45_label_G-0-0,22,1,explosion
Brick.Mansions.2014__#00-35-46_00-36-04_label_B1-0-0,train,/home/aarf101/xd_official/i3d-features/RGB/Brick.Mansions.2014__#00-35-46_00-36-04_label_B1-0-0,26,1,fighting
v=lT_4Z0i2ld0__#1_label_A,train,/home/aarf101/xd_official/i3d-features/RGB/v=lT_4Z0i2ld0__#1_label_A,82,0,
Skyfall.2012__#00-03-40_00-04-10_label_B2-0-0,train,/home/aarf101/xd_official/i3d-features/RGB/Skyfall.2012__#00-03-40_00-04-10_label_B2-0-0,45,1,shooting
Hear.Me.2009__#00-45-40_00-47-30_label_A,train,/home/aarf101/xd_official/i3d-features/RGB/Hear.Me.2009__#00-45-40_00-47-30_label_A,165,0,
v=FHzT8e5kR2Y__#1_label_B1-0-0,train,/home/aarf101/xd_official/i3d-features/RGB/v=FHzT8e5kR2Y__#1_label_B1-0-0,189,1,fighting
v=6pNGAwElTF4__#1_label_A,train,/home/aarf101/xd_official/i3d-features/RGB/v=6pNGAwElTF4__#1_label_A,63,0,
v=AkmE_lsuwok__#1_label_A,train,/home/aarf101/xd_official/i3d-features/RGB/v=AkmE_lsuwok__#1_label_A,468,0,
Salt.2010__#00-28-36_00-29-00_label_G-0-0,train,/home/aarf101/xd_official/i3d-features/RGB/Salt.2010__#00-28-36_00-29-00_label_G-0-0,36,1,explosion
Spectre.2015__#00-51-10_00-52-18_label_A,train,/home/aarf101/xd_official/i3d-features/RGB/Spectre.2015__#00-51-10_00-52-18_label_A,102,0,
Fast.Five.2011__#00-26-55_00-28-33_label_A,train,/home/aarf101/xd_official/i3d-features/RGB/Fast.Five.2011__#00-26-55_00-28-33_label_A,147,0,
Gladiator.2000__#00-02-03_00-04-28_label_A,train,/home/aarf101/xd_official/i3d-features/RGB/Gladiator.2000__#00-02-03_00-04-28_label_A,217,0,
v=0aOC63IZPTs__#00-00-00_00-01-51_label_B6-0-0,train,/home/aarf101/xd_official/i3d-features/RGB/v=0aOC63IZPTs__#00-00-00_00-01-51_label_B6-0-0,166,1,car_accident
v=XRHvCMyX6qM__#1_label_B6-0-0,train,/home/aarf101/xd_official/i3d-features/RGB/v=XRHvCMyX6qM__#1_label_B6-0-0,132,1,car_accident
Operation.Red.Sea.2018__#02-12-05_02-12-26_label_G-0-0,train,/home/aarf101/xd_official/i3d-features/RGB/Operation.Red.Sea.2018__#02-12-05_02-12-26_label_G-0-0,31,1,explosion
Jason.Bourne.2016__#0-22-15_0-22-52_label_B4-0-0,train,/home/aarf101/xd_official/i3d-features/RGB/Jason.Bourne.2016__#0-22-15_0-22-52_label_B4-0-0,55,1,riot
Fast.Furious.6.2013__#01-44-00_01-46-40_label_B1-B2-0,train,/home/aarf101/xd_official/i3d-features/RGB/Fast.Furious.6.2013__#01-44-00_01-46-40_label_B1-B2-0,240,1,fighting|shooting
The.Attorney.2013__#01-41-56_01-45-11_label_A,train,/home/aarf101/xd_official/i3d-features/RGB/The.Attorney.2013__#01-41-56_01-45-11_label_A,292,0,
IP.Man.2.2010__#01-19-49_01-20-49_label_A,train,/home/aarf101/xd_official/i3d-features/RGB/IP.Man.2.2010__#01-19-49_01-20-49_label_A,89,0,
Deadpool.2.2018__#0-52-40_0-53-06_label_G-0-0,train,/home/aarf101/xd_official/i3d-features/RGB/Deadpool.2.2018__#0-52-40_0-53-06_label_G-0-0,39,1,explosion
Deadpool.2.2018__#01-16-32_01-16-51_label_G-B6-0,train,/home/aarf101/xd_official/i3d-features/RGB/Deadpool.2.2018__#01-16-32_01-16-51_label_G-B6-0,28,1,explosion|car_accident
Hear.Me.2009__#00-56-40_01-02-02_label_A,train,/home/aarf101/xd_official/i3d-features/RGB/Hear.Me.2009__#00-56-40_01-02-02_label_A,483,0,
City.of.God.2002__#02-00-11_02-01-40_label_B2-0-0,train,/home/aarf101/xd_official/i3d-features/RGB/City.of.God.2002__#02-00-11_02-01-40_label_B2-0-0,133,1,shooting
v=gGlqujwrhbI__#00-03-00_00-06-00_label_A,train,/home/aarf101/xd_official/i3d-features/RGB/v=gGlqujwrhbI__#00-03-00_00-06-00_label_A,270,0,
v=Gk11cLZ_67g__#1_label_A,train,/home/aarf101/xd_official/i3d-features/RGB/v=Gk11cLZ_67g__#1_label_A,63,0,
v=kIa4dC2XJaY__#1_label_G-0-0,train,/home/aarf101/xd_official/i3d-features/RGB/v=kIa4dC2XJaY__#1_label_G-0-0,119,1,explosion
v=ZSbjQ72vuXE__#1_label_A,train,/home/aarf101/xd_official/i3d-features/RGB/v=ZSbjQ72vuXE__#1_label_A,259,0,
v=Yr41_8QOTF8__#00-42-00_00-45-00_label_A,train,/home/aarf101/xd_official/i3d-features/RGB/v=Yr41_8QOTF8__#00-42-00_00-45-00_label_A,270,0,
Casino.Royale.2006__#01-05-46_01-17-09_label_A,train,/home/aarf101/xd_official/i3d-features/RGB/Casino.Royale.2006__#01-05-46_01-17-09_label_A,1024,0,
v=hOS0VtiFuUk__#1_label_B4-0-0,train,/home/aarf101/xd_official/i3d-features/RGB/v=hOS0VtiFuUk__#1_label_B4-0-0,180,1,riot
v=vhACO_m5pH0__#00-11-42_00-12-40_label_B6-0-0,train,/home/aarf101/xd_official/i3d-features/RGB/v=vhACO_m5pH0__#00-11-42_00-12-40_label_B6-0-0,87,1,car_accident
Shoplifters.2018__#00-05-52_00-08-22_label_A,train,/home/aarf101/xd_official/i3d-features/RGB/Shoplifters.2018__#00-05-52_00-08-22_label_A,225,0,
Spectre.2015__#01-56-13_01-57-08_label_B2-G-B1,train,/home/aarf101/xd_official/i3d-features/RGB/Spectre.2015__#01-56-13_01-57-08_label_B2-G-B1,82,1,shooting|explosion|fighting
v=lqlrru1V69E__#1_label_A,train,/home/aarf101/xd_official/i3d-features/RGB/v=lqlrru1V69E__#1_label_A,201,0,
v=fPZoHtF_dRI__#1_label_A,train,/home/aarf101/xd_official/i3d-features/RGB/v=fPZoHtF_dRI__#1_label_A,3187,0,
v=tT-SrQC6Ddw__#00-00-00_00-00-51_label_B6-0-0,train,/home/aarf101/xd_official/i3d-features/RGB/v=tT-SrQC6Ddw__#00-00-00_00-00-51_label_B6-0-0,76,1,car_accident
Jason.Bourne.2016__#0-10-26_0-12-34_label_A,train,/home/aarf101/xd_official/i3d-features/RGB/Jason.Bourne.2016__#0-10-26_0-12-34_label_A,191,0,
Operation.Red.Sea.2018__#01-42-54_01-44-00_label_B2-0-0,train,/home/aarf101/xd_official/i3d-features/RGB/Operation.Red.Sea.2018__#01-42-54_01-44-00_label_B2-0-0,98,1,shooting
v=QZ99HG1YuEE__#1_label_A,train,/home/aarf101/xd_official/i3d-features/RGB/v=QZ99HG1YuEE__#1_label_A,307,0,
v=HSisjzLESak__#00-05-20_00-06-20_label_B6-0-0,train,/home/aarf101/xd_official/i3d-features/RGB/v=HSisjzLESak__#00-05-20_00-06-20_label_B6-0-0,90,1,car_accident
v=uNrCG08man8__#1_label_A,train,/home/aarf101/xd_official/i3d-features/RGB/v=uNrCG08man8__#1_label_A,1189,0,
v=_1M_fvRJq18__#1_label_A,train,/home/aarf101/xd_official/i3d-features/RGB/v=_1M_fvRJq18__#1_label_A,284,0,
v=Tlx-XRyAgnM__#00-16-43_00-23-09_label_B4-0-0,train,/home/aarf101/xd_official/i3d-features/RGB/v=Tlx-XRyAgnM__#00-16-43_00-23-09_label_B4-0-0,579,1,riot
IP.Man.2.2010__#00-29-16_00-30-36_label_A,train,/home/aarf101/xd_official/i3d-features/RGB/IP.Man.2.2010__#00-29-16_00-30-36_label_A,119,0,
Casino.Royale.2006__#00-13-56_00-14-44_label_B1-0-0,train,/home/aarf101/xd_official/i3d-features/RGB/Casino.Royale.2006__#00-13-56_00-14-44_label_B1-0-0,71,1,fighting
v=vbSM_HvjP4c__#1_label_A,train,/home/aarf101/xd_official/i3d-features/RGB/v=vbSM_HvjP4c__#1_label_A,1326,0,
v=4sQE6T2O0EQ__#00-05-50_00-07-20_label_B6-0-0,train,/home/aarf101/xd_official/i3d-features/RGB/v=4sQE6T2O0EQ__#00-05-50_00-07-20_label_B6-0-0,135,1,car_accident
Love.Death.and.Robots.S01E02__#00-08-47_00-10-00_label_A,train,/home/aarf101/xd_official/i3d-features/RGB/Love.Death.and.Robots.S01E02__#00-08-47_00-10-00_label_A,109,0,
v=x-Cgkgj5KR0__#00-12-00_00-15-00_label_A,train,/home/aarf101/xd_official/i3d-features/RGB/v=x-Cgkgj5KR0__#00-12-00_00-15-00_label_A,270,0,
Love.Death.and.Robots.S01E04__#00-03-55_00-04-30_label_A,train,/home/aarf101/xd_official/i3d-features/RGB/Love.Death.and.Robots.S01E04__#00-03-55_00-04-30_label_A,52,0,
v=vsI_pKNcgeQ__#00-09-00_00-12-00_label_A,train,/home/aarf101/xd_official/i3d-features/RGB/v=vsI_pKNcgeQ__#00-09-00_00-12-00_label_A,270,0,
v=qXiWCnZKXvQ__#1_label_A,train,/home/aarf101/xd_official/i3d-features/RGB/v=qXiWCnZKXvQ__#1_label_A,15,0,
The.Bourne.Identity.2002__#01-50-33_01-51-48_label_A,train,/home/aarf101/xd_official/i3d-features/RGB/The.Bourne.Identity.2002__#01-50-33_01-51-48_label_A,112,0,
v=MyM5G7fo7Gg__#00-27-00_00-30-00_label_A,train,/home/aarf101/xd_official/i3d-features/RGB/v=MyM5G7fo7Gg__#00-27-00_00-30-00_label_A,270,0,
v=fhpVE5Yfvhc__#1_label_A,train,/home/aarf101/xd_official/i3d-features/RGB/v=fhpVE5Yfvhc__#1_label_A,319,0,
v=enYITYwvPAQ__#00-12-00_00-15-00_label_A,train,/home/aarf101/xd_official/i3d-features/RGB/v=enYITYwvPAQ__#00-12-00_00-15-00_label_A,270,0,
v=Ia9ATKNeUbY__#00-00-00_00-01-51_label_B6-0-0,train,/home/aarf101/xd_official/i3d-features/RGB/v=Ia9ATKNeUbY__#00-00-00_00-01-51_label_B6-0-0,166,1,car_accident
Braveheart.1995__#02-23-30_02-24-27_label_A,train,/home/aarf101/xd_official/i3d-features/RGB/Braveheart.1995__#02-23-30_02-24-27_label_A,85,0,
v=D-UniZ9NmDg__#1_label_A,train,/home/aarf101/xd_official/i3d-features/RGB/v=D-UniZ9NmDg__#1_label_A,544,0,
Casino.Royale.2006__#01-19-46_01-21-46_label_B1-B2-0,train,/home/aarf101/xd_official/i3d-features/RGB/Casino.Royale.2006__#01-19-46_01-21-46_label_B1-B2-0,180,1,fighting|shooting
Salt.2010__#00-31-00_00-32-01_label_A,train,/home/aarf101/xd_official/i3d-features/RGB/Salt.2010__#00-31-00_00-32-01_label_A,91,0,
v=QAVRvxar5sE__#1_label_G-0-0,train,/home/aarf101/xd_official/i3d-features/RGB/v=QAVRvxar5sE__#1_label_G-0-0,91,1,explosion
v=JqQWV5TLRg8__#1_label_G-0-0,train,/home/aarf101/xd_official/i3d-features/RGB/v=JqQWV5TLRg8__#1_label_G-0-0,42,1,explosion
v=XtogC6upSJg__#1_label_A,train,/home/aarf101/xd_official/i3d-features/RGB/v=XtogC6upSJg__#1_label_A,64,0,
v=Kxr-KoIWoPI__#1_label_A,train,/home/aarf101/xd_official/i3d-features/RGB/v=Kxr-KoIWoPI__#1_label_A,1120,0,
v=3QEKJG5pujA__#1_label_A,train,/home/aarf101/xd_official/i3d-features/RGB/v=3QEKJG5pujA__#1_label_A,138,0,
Jason.Bourne.2016__#01-48-57_01-54-15_label_A,train,/home/aarf101/xd_official/i3d-features/RGB/Jason.Bourne.2016__#01-48-57_01-54-15_label_A,477,0,
Young.And.Dangerous.II.1996__#0-58-10_0-58-30_label_B6-0-0,train,/home/aarf101/xd_official/i3d-features/RGB/Young.And.Dangerous.II.1996__#0-58-10_0-58-30_label_B6-0-0,30,1,car_accident
One.Day.2011__#00-03-00_00-04-05_label_A,train,/home/aarf101/xd_official/i3d-features/RGB/One.Day.2011__#00-03-00_00-04-05_label_A,97,0,
v=CY9gojFu-_U__#1_label_G-0-0,train,/home/aarf101/xd_official/i3d-features/RGB/v=CY9gojFu-_U__#1_label_G-0-0,299,1,explosion
Flipped.2010__#01-02-40_01-06-51_label_A,train,/home/aarf101/xd_official/i3d-features/RGB/Flipped.2010__#01-02-40_01-06-51_label_A,376,0,
v=_jCpBH5zehI__#1_label_A,train,/home/aarf101/xd_official/i3d-features/RGB/v=_jCpBH5zehI__#1_label_A,472,0,
The.Pursuit.of.Happyness.2006__#01-50-00_01-53-10_label_A,train,/home/aarf101/xd_official/i3d-features/RGB/The.Pursuit.of.Happyness.2006__#01-50-00_01-53-10_label_A,285,0,
v=TtwkuoaI2Iw__#1_label_A,train,/home/aarf101/xd_official/i3d-features/RGB/v=TtwkuoaI2Iw__#1_label_A,303,0,
v=IDiqhkK_ucw__#1_label_B4-0-0,train,/home/aarf101/xd_official/i3d-features/RGB/v=IDiqhkK_ucw__#1_label_B4-0-0,294,1,riot
v=6AcZvntrYL8__#1_label_A,train,/home/aarf101/xd_official/i3d-features/RGB/v=6AcZvntrYL8__#1_label_A,276,0,
Operation.Red.Sea.2018__#0-35-18_0-36-03_label_B2-B6-0,train,/home/aarf101/xd_official/i3d-features/RGB/Operation.Red.Sea.2018__#0-35-18_0-36-03_label_B2-B6-0,67,1,shooting|car_accident
v=9jJyq69TWug__#1_label_A,train,/home/aarf101/xd_official/i3d-features/RGB/v=9jJyq69TWug__#1_label_A,202,0,
v=5OGEr2Q-75M__#1_label_B4-0-0,train,/home/aarf101/xd_official/i3d-features/RGB/v=5OGEr2Q-75M__#1_label_B4-0-0,268,1,riot
wangted.2008__#0-22-01_0-22-31_label_A,train,/home/aarf101/xd_official/i3d-features/RGB/wangted.2008__#0-22-01_0-22-31_label_A,45,0,
Spectre.2015__#01-26-15_01-27-29_label_A,train,/home/aarf101/xd_official/i3d-features/RGB/Spectre.2015__#01-26-15_01-27-29_label_A,111,0,
v=Dsi_ItK-j30__#1_label_A,train,/home/aarf101/xd_official/i3d-features/RGB/v=Dsi_ItK-j30__#1_label_A,224,0,
v=66F2bVUq_zk__#00-06-10_00-07-19_label_B6-0-0,train,/home/aarf101/xd_official/i3d-features/RGB/v=66F2bVUq_zk__#00-06-10_00-07-19_label_B6-0-0,103,1,car_accident
The.Bourne.Identity.2002__#0-07-02_0-08-32_label_A,train,/home/aarf101/xd_official/i3d-features/RGB/The.Bourne.Identity.2002__#0-07-02_0-08-32_label_A,134,0,
v=BXR3d22BhHs__#00-04-00_00-06-00_label_B4-0-0,train,/home/aarf101/xd_official/i3d-features/RGB/v=BXR3d22BhHs__#00-04-00_00-06-00_label_B4-0-0,180,1,riot
Hear.Me.2009__#00-17-30_00-19-10_label_A,train,/home/aarf101/xd_official/i3d-features/RGB/Hear.Me.2009__#00-17-30_00-19-10_label_A,150,0,
Good.Will.Hunting.1997__#01-42-06_01-45-53_label_A,train,/home/aarf101/xd_official/i3d-features/RGB/Good.Will.Hunting.1997__#01-42-06_01-45-53_label_A,340,0,
Rush.Hour.3.2007.BluRay__#00-18-47_00-20-11_label_B2-B1-0,train,/home/aarf101/xd_official/i3d-features/RGB/Rush.Hour.3.2007.BluRay__#00-18-47_00-20-11_label_B2-B1-0,125,1,shooting|fighting
v=yGotXLo4I5U__#1_label_A,train,/home/aarf101/xd_official/i3d-features/RGB/v=yGotXLo4I5U__#1_label_A,33,0,
Before.Sunset.2004__#00-31-05_00-32-05_label_A,train,/home/aarf101/xd_official/i3d-features/RGB/Before.Sunset.2004__#00-31-05_00-32-05_label_A,90,0,
v=_f2LLG_CPRQ__#1_label_A,train,/home/aarf101/xd_official/i3d-features/RGB/v=_f2LLG_CPRQ__#1_label_A,1088,0,
v=cvEJ5WFk2KE__#00-21-00_00-24-00_label_A,train,/home/aarf101/xd_official/i3d-features/RGB/v=cvEJ5WFk2KE__#00-21-00_00-24-00_label_A,270,0,
Taken.2.UNRATED.EXTENDED.2012__#01-15-50_01-16-14_label_B1-0-0,train,/home/aarf101/xd_official/i3d-features/RGB/Taken.2.UNRATED.EXTENDED.2012__#01-15-50_01-16-14_label_B1-0-0,36,1,fighting
IP.Man.2.2010__#00-52-23_00-53-29_label_B1-0-0,train,/home/aarf101/xd_official/i3d-features/RGB/IP.Man.2.2010__#00-52-23_00-53-29_label_B1-0-0,98,1,fighting
v=DATZ18HhsQw__#1_label_A,train,/home/aarf101/xd_official/i3d-features/RGB/v=DATZ18HhsQw__#1_label_A,2451,0,
v=BzdfTtOPVnA__#1_label_B4-0-0,train,/home/aarf101/xd_official/i3d-features/RGB/v=BzdfTtOPVnA__#1_label_B4-0-0,429,1,riot
Brick.Mansions.2014__#00-00-54_00-01-24_label_B4-0-0,train,/home/aarf101/xd_official/i3d-features/RGB/Brick.Mansions.2014__#00-00-54_00-01-24_label_B4-0-0,44,1,riot
v=lHaUsFvnxKk__#1_label_A,train,/home/aarf101/xd_official/i3d-features/RGB/v=lHaUsFvnxKk__#1_label_A,109,0,
The.Bourne.Identity.2002__#0-25-42_0-26-56_label_A,train,/home/aarf101/xd_official/i3d-features/RGB/The.Bourne.Identity.2002__#0-25-42_0-26-56_label_A,111,0,
Deadpool.2016__#01-00-24_01-00-35_label_B2-0-0,train,/home/aarf101/xd_official/i3d-features/RGB/Deadpool.2016__#01-00-24_01-00-35_label_B2-0-0,16,1,shooting
Mission.Impossible.II.2000__#00-45-41_00-48-20_label_A,train,/home/aarf101/xd_official/i3d-features/RGB/Mission.Impossible.II.2000__#00-45-41_00-48-20_label_A,238,0,
v=P6njRwz_dMw__#1_label_A,train,/home/aarf101/xd_official/i3d-features/RGB/v=P6njRwz_dMw__#1_label_A,315,0,
City.Of.Men.2007__#01-10-21_01-11-35_label_A,train,/home/aarf101/xd_official/i3d-features/RGB/City.Of.Men.2007__#01-10-21_01-11-35_label_A,111,0,
Casino.Royale.2006__#00-02-13_00-03-13_label_B1-B2-0,train,/home/aarf101/xd_official/i3d-features/RGB/Casino.Royale.2006__#00-02-13_00-03-13_label_B1-B2-0,90,1,fighting|shooting
v=p2ggHwtb-Zg__#00-27-00_00-30-45_label_A,train,/home/aarf101/xd_official/i3d-features/RGB/v=p2ggHwtb-Zg__#00-27-00_00-30-45_label_A,337,0,
v=ycA-QD9IOpE__#1_label_A,train,/home/aarf101/xd_official/i3d-features/RGB/v=ycA-QD9IOpE__#1_label_A,229,0,
Taken.Extended.Cut.2008__#01-07-00_01-07-45_label_A,train,/home/aarf101/xd_official/i3d-features/RGB/Taken.Extended.Cut.2008__#01-07-00_01-07-45_label_A,67,0,
Good.Will.Hunting.1997__#00-42-52_00-45-31_label_A,train,/home/aarf101/xd_official/i3d-features/RGB/Good.Will.Hunting.1997__#00-42-52_00-45-31_label_A,238,0,
Sin.City.2005__#01-48-44_01-49-17_label_B1-0-0,train,/home/aarf101/xd_official/i3d-features/RGB/Sin.City.2005__#01-48-44_01-49-17_label_B1-0-0,49,1,fighting
Fast.Furious.6.2013__#00-05-45_00-06-35_label_B1-0-0,train,/home/aarf101/xd_official/i3d-features/RGB/Fast.Furious.6.2013__#00-05-45_00-06-35_label_B1-0-0,74,1,fighting
v=tG-IGNvfrg8__#1_label_A,train,/home/aarf101/xd_official/i3d-features/RGB/v=tG-IGNvfrg8__#1_label_A,253,0,
v=AF9p0YA0hyA__#00-04-20_00-06-25_label_B4-0-0,train,/home/aarf101/xd_official/i3d-features/RGB/v=AF9p0YA0hyA__#00-04-20_00-06-25_label_B4-0-0,187,1,riot
God.Bless.America.2011__#00-52-07_00-53-55_label_B2-0-0,train,/home/aarf101/xd_official/i3d-features/RGB/God.Bless.America.2011__#00-52-07_00-53-55_label_B2-0-0,162,1,shooting
The.Notebook.2004__#00-42-52_00-45-31_label_A,train,/home/aarf101/xd_official/i3d-features/RGB/The.Notebook.2004__#00-42-52_00-45-31_label_A,238,0,
v=qV4YYnXdQCc__#00-00-00_00-03-00_label_A,train,/home/aarf101/xd_official/i3d-features/RGB/v=qV4YYnXdQCc__#00-00-00_00-03-00_label_A,270,0,
v=tOkyWe-0ssw__#1_label_B4-0-0,train,/home/aarf101/xd_official/i3d-features/RGB/v=tOkyWe-0ssw__#1_label_B4-0-0,136,1,riot
Salt.2010__#01-20-25_01-21-00_label_B2-0-0,train,/home/aarf101/xd_official/i3d-features/RGB/Salt.2010__#01-20-25_01-21-00_label_B2-0-0,52,1,shooting
v=OU0dIK5EJYI__#1_label_G-0-0,train,/home/aarf101/xd_official/i3d-features/RGB/v=OU0dIK5EJYI__#1_label_G-0-0,135,1,explosion
Operation.Red.Sea.2018__#01-52-20_01-54-14_label_G-0-0,train,/home/aarf101/xd_official/i3d-features/RGB/Operation.Red.Sea.2018__#01-52-20_01-54-14_label_G-0-0,170,1,explosion
v=mfiUTd6FFvM__#1_label_A,train,/home/aarf101/xd_official/i3d-features/RGB/v=mfiUTd6FFvM__#1_label_A,228,0,
v=F3weyKD1nlQ__#1_label_B4-0-0,train,/home/aarf101/xd_official/i3d-features/RGB/v=F3weyKD1nlQ__#1_label_B4-0-0,169,1,riot
v=7QOdBpDrmKk__#00-11-00_00-12-45_label_B6-0-0,train,/home/aarf101/xd_official/i3d-features/RGB/v=7QOdBpDrmKk__#00-11-00_00-12-45_label_B6-0-0,157,1,car_accident
Bad.Boys.1995__#00-38-16_00-38-50_label_B2-0-0,train,/home/aarf101/xd_official/i3d-features/RGB/Bad.Boys.1995__#00-38-16_00-38-50_label_B2-0-0,51,1,shooting
v=qV4YYnXdQCc__#00-06-00_00-09-00_label_A,train,/home/aarf101/xd_official/i3d-features/RGB/v=qV4YYnXdQCc__#00-06-00_00-09-00_label_A,270,0,
v=yZ2wlTAN49g__#00-15-00_00-18-00_label_A,train,/home/aarf101/xd_official/i3d-features/RGB/v=yZ2wlTAN49g__#00-15-00_00-18-00_label_A,270,0,
GoldenEye.1995__#01-59-47_02-00-39_label_B1-0-0,train,/home/aarf101/xd_official/i3d-features/RGB/GoldenEye.1995__#01-59-47_02-00-39_label_B1-0-0,78,1,fighting
v=vh9jh5aAcS4__#1_label_G-0-0,train,/home/aarf101/xd_official/i3d-features/RGB/v=vh9jh5aAcS4__#1_label_G-0-0,267,1,explosion
v=WxaM_H8MTpU__#1_label_B4-0-0,train,/home/aarf101/xd_official/i3d-features/RGB/v=WxaM_H8MTpU__#1_label_B4-0-0,199,1,riot
v=LNqowctN3cg__#1_label_A,train,/home/aarf101/xd_official/i3d-features/RGB/v=LNqowctN3cg__#1_label_A,240,0,
v=rg9B6MADj28__#1_label_G-0-0,train,/home/aarf101/xd_official/i3d-features/RGB/v=rg9B6MADj28__#1_label_G-0-0,44,1,explosion
v=vscLBkOSqDU__#1_label_A,train,/home/aarf101/xd_official/i3d-features/RGB/v=vscLBkOSqDU__#1_label_A,111,0,
v=amnnMOUko64__#1_label_A,train,/home/aarf101/xd_official/i3d-features/RGB/v=amnnMOUko64__#1_label_A,202,0,
v=9sORpceJ32U__#1_label_A,train,/home/aarf101/xd_official/i3d-features/RGB/v=9sORpceJ32U__#1_label_A,291,0,
Black.Hawk.Down.2001__#01-51-26_01-51-50_label_G-0-0,train,/home/aarf101/xd_official/i3d-features/RGB/Black.Hawk.Down.2001__#01-51-26_01-51-50_label_G-0-0,36,1,explosion
v=wJWITsqfi5U__#1_label_B1-0-0,train,/home/aarf101/xd_official/i3d-features/RGB/v=wJWITsqfi5U__#1_label_B1-0-0,277,1,fighting
v=SE5fxK7SasU__#00-04-28_00-04-55_label_B1-0-0,train,/home/aarf101/xd_official/i3d-features/RGB/v=SE5fxK7SasU__#00-04-28_00-04-55_label_B1-0-0,40,1,fighting
v=qMKPbXh4870__#1_label_B4-0-0,train,/home/aarf101/xd_official/i3d-features/RGB/v=qMKPbXh4870__#1_label_B4-0-0,191,1,riot
Kill.Bill.Vol.2.2004__#01-19-18_01-21-10_label_B1-0-0,train,/home/aarf101/xd_official/i3d-features/RGB/Kill.Bill.Vol.2.2004__#01-19-18_01-21-10_label_B1-0-0,168,1,fighting
Mission.Impossible.II.2000__#00-01-06_00-03-00_label_A,train,/home/aarf101/xd_official/i3d-features/RGB/Mission.Impossible.II.2000__#00-01-06_00-03-00_label_A,171,0,
v=JzrpCC7XmyE__#00-30-00_00-36-00_label_A,train,/home/aarf101/xd_official/i3d-features/RGB/v=JzrpCC7XmyE__#00-30-00_00-36-00_label_A,540,0,
v=9piAMKGjt8o__#1_label_B1-0-0,train,/home/aarf101/xd_official/i3d-features/RGB/v=9piAMKGjt8o__#1_label_B1-0-0,347,1,fighting
v=omOMoZvDPAo__#1_label_A,train,/home/aarf101/xd_official/i3d-features/RGB/v=omOMoZvDPAo__#1_label_A,305,0,
Bad.Boys.II.2003__#00-23-01_00-25-06_label_A,train,/home/aarf101/xd_official/i3d-features/RGB/Bad.Boys.II.2003__#00-23-01_00-25-06_label_A,187,0,
Saving.Private.Ryan.1998__#00-24-06_00-28-42_label_B2-G-0,train,/home/aarf101/xd_official/i3d-features/RGB/Saving.Private.Ryan.1998__#00-24-06_00-28-42_label_B2-G-0,414,1,shooting|explosion
v=ZwwEdra5d3c__#1_label_A,train,/home/aarf101/xd_official/i3d-features/RGB/v=ZwwEdra5d3c__#1_label_A,1536,0,
Kill.Bill.Vol.1.2003__#0-16-34_0-17-36_label_A,train,/home/aarf101/xd_official/i3d-features/RGB/Kill.Bill.Vol.1.2003__#0-16-34_0-17-36_label_A,93,0,
Kill.Bill.Vol.1.2003__#01-28-19_01-28-50_label_B1-0-0,train,/home/aarf101/xd_official/i3d-features/RGB/Kill.Bill.Vol.1.2003__#01-28-19_01-28-50_label_B1-0-0,46,1,fighting
Still.Walking.2008__#00-01-45_00-02-15_label_A,train,/home/aarf101/xd_official/i3d-features/RGB/Still.Walking.2008__#00-01-45_00-02-15_label_A,45,0,
The.Notebook.2004__#01-34-18_01-38-11_label_A,train,/home/aarf101/xd_official/i3d-features/RGB/The.Notebook.2004__#01-34-18_01-38-11_label_A,349,0,
Flipped.2010__#00-58-18_01-02-30_label_A,train,/home/aarf101/xd_official/i3d-features/RGB/Flipped.2010__#00-58-18_01-02-30_label_A,378,0,
Before.Sunset.2004__#00-45-40_00-47-30_label_A,train,/home/aarf101/xd_official/i3d-features/RGB/Before.Sunset.2004__#00-45-40_00-47-30_label_A,165,0,
v=JiJGOioFhzw__#1_label_A,train,/home/aarf101/xd_official/i3d-features/RGB/v=JiJGOioFhzw__#1_label_A,273,0,
Bad.Boys.II.2003__#00-48-24_00-52-00_label_B2-0-0,train,/home/aarf101/xd_official/i3d-features/RGB/Bad.Boys.II.2003__#00-48-24_00-52-00_label_B2-0-0,324,1,shooting
v=Kt_UHjnR2Tw__#1_label_A,train,/home/aarf101/xd_official/i3d-features/RGB/v=Kt_UHjnR2Tw__#1_label_A,276,0,
The.Pursuit.of.Happyness.2006__#00-05-52_00-08-22_label_A,train,/home/aarf101/xd_official/i3d-features/RGB/The.Pursuit.of.Happyness.2006__#00-05-52_00-08-22_label_A,225,0,
v=FY301WAhRrE__#1_label_A,train,/home/aarf101/xd_official/i3d-features/RGB/v=FY301WAhRrE__#1_label_A,108,0,
v=XbvoojoAl7k__#1_label_B4-0-0,train,/home/aarf101/xd_official/i3d-features/RGB/v=XbvoojoAl7k__#1_label_B4-0-0,83,1,riot
Young.And.Dangerous.I.1996__#01-18-19_01-19-39_label_A,train,/home/aarf101/xd_official/i3d-features/RGB/Young.And.Dangerous.I.1996__#01-18-19_01-19-39_label_A,120,0,
v=VujWCq60Nqc__#1_label_B4-0-0,train,/home/aarf101/xd_official/i3d-features/RGB/v=VujWCq60Nqc__#1_label_B4-0-0,124,1,riot
Bad.Boys.1995__#01-53-29_01-54-33_label_A,train,/home/aarf101/xd_official/i3d-features/RGB/Bad.Boys.1995__#01-53-29_01-54-33_label_A,96,0,
Deadpool.2.2018__#0-09-10_0-10-50_label_A,train,/home/aarf101/xd_official/i3d-features/RGB/Deadpool.2.2018__#0-09-10_0-10-50_label_A,150,0,
v=DZvZckOLw6A__#1_label_G-0-0,train,/home/aarf101/xd_official/i3d-features/RGB/v=DZvZckOLw6A__#1_label_G-0-0,96,1,explosion
v=MyM5G7fo7Gg__#00-24-00_00-27-00_label_A,train,/home/aarf101/xd_official/i3d-features/RGB/v=MyM5G7fo7Gg__#00-24-00_00-27-00_label_A,270,0,
v=0aOC63IZPTs__#00-07-40_00-08-48_label_B6-0-0,train,/home/aarf101/xd_official/i3d-features/RGB/v=0aOC63IZPTs__#00-07-40_00-08-48_label_B6-0-0,102,1,car_accident
Operation.Red.Sea.2018__#01-27-33_01-27-43_label_G-0-0,train,/home/aarf101/xd_official/i3d-features/RGB/Operation.Red.Sea.2018__#01-27-33_01-27-43_label_G-0-0,14,1,explosion
v=a3AtGT-HsK0__#1_label_B4-0-0,train,/home/aarf101/xd_official/i3d-features/RGB/v=a3AtGT-HsK0__#1_label_B4-0-0,196,1,riot
Love.Actually.2003__#01-30-25_01-33-56_label_A,train,/home/aarf101/xd_official/i3d-features/RGB/Love.Actually.2003__#01-30-25_01-33-56_label_A,316,0,
Spectre.2015__#01-15-30_01-16-30_label_A,train,/home/aarf101/xd_official/i3d-features/RGB/Spectre.2015__#01-15-30_01-16-30_label_A,90,0,
Taken.2.UNRATED.EXTENDED.2012__#01-31-05_01-31-58_label_A,train,/home/aarf101/xd_official/i3d-features/RGB/Taken.2.UNRATED.EXTENDED.2012__#01-31-05_01-31-58_label_A,79,0,
Black.Hawk.Down.2001__#01-12-39_01-13-12_label_G-0-0,train,/home/aarf101/xd_official/i3d-features/RGB/Black.Hawk.Down.2001__#01-12-39_01-13-12_label_G-0-0,49,1,explosion
v=aD0ipmvg8qU__#1_label_B1-0-0,train,/home/aarf101/xd_official/i3d-features/RGB/v=aD0ipmvg8qU__#1_label_B1-0-0,428,1,fighting
v=62QZ0WROOKc__#1_label_A,train,/home/aarf101/xd_official/i3d-features/RGB/v=62QZ0WROOKc__#1_label_A,227,0,
v=fkps18H3SXY__#02-24-00_02-30-00_label_A,train,/home/aarf101/xd_official/i3d-features/RGB/v=fkps18H3SXY__#02-24-00_02-30-00_label_A,540,0,
v=CQIDRAlMjeE__#1_label_A,train,/home/aarf101/xd_official/i3d-features/RGB/v=CQIDRAlMjeE__#1_label_A,85,0,
Mission.Impossible.Fallout.2018__#00-17-22_00-20-52_label_A,train,/home/aarf101/xd_official/i3d-features/RGB/Mission.Impossible.Fallout.2018__#00-17-22_00-20-52_label_A,315,0,
v=4Wxn4d0ISV0__#1_label_A,train,/home/aarf101/xd_official/i3d-features/RGB/v=4Wxn4d0ISV0__#1_label_A,270,0,
v=hhqywA44tGU__#1_label_A,train,/home/aarf101/xd_official/i3d-features/RGB/v=hhqywA44tGU__#1_label_A,162,0,
Your.Name.2016__#00-33-52_00-36-00_label_A,train,/home/aarf101/xd_official/i3d-features/RGB/Your.Name.2016__#00-33-52_00-36-00_label_A,192,0,
The.Bourne.Legacy.2012__#01-36-45_01-38-16_label_B1-0-0,train,/home/aarf101/xd_official/i3d-features/RGB/The.Bourne.Legacy.2012__#01-36-45_01-38-16_label_B1-0-0,136,1,fighting
v=tREGcpKagNw__#1_label_A,train,/home/aarf101/xd_official/i3d-features/RGB/v=tREGcpKagNw__#1_label_A,155,0,
Mission.Impossible.Ghost.Protocol.2011__#01-11-27_01-12-11_label_A,train,/home/aarf101/xd_official/i3d-features/RGB/Mission.Impossible.Ghost.Protocol.2011__#01-11-27_01-12-11_label_A,66,0,
wangted.2008__#0-30-23_0-30-41_label_B1-0-0,train,/home/aarf101/xd_official/i3d-features/RGB/wangted.2008__#0-30-23_0-30-41_label_B1-0-0,27,1,fighting
Mission.Impossible.Ghost.Protocol.2011__#00-23-53_00-25-13_label_A,train,/home/aarf101/xd_official/i3d-features/RGB/Mission.Impossible.Ghost.Protocol.2011__#00-23-53_00-25-13_label_A,120,0,
Taken.Extended.Cut.2008__#00-41-50_00-42-32_label_A,train,/home/aarf101/xd_official/i3d-features/RGB/Taken.Extended.Cut.2008__#00-41-50_00-42-32_label_A,62,0,
Deadpool.2016__#0-06-50_0-08-49_label_B1-B2-B6,train,/home/aarf101/xd_official/i3d-features/RGB/Deadpool.2016__#0-06-50_0-08-49_label_B1-B2-B6,178,1,fighting|shooting|car_accident
Mindhunters.2004__#00-07-51_00-08-38_label_B2-0-0,train,/home/aarf101/xd_official/i3d-features/RGB/Mindhunters.2004__#00-07-51_00-08-38_label_B2-0-0,70,1,shooting
v=Ve1hzl3Ikj4__#1_label_B1-0-0,train,/home/aarf101/xd_official/i3d-features/RGB/v=Ve1hzl3Ikj4__#1_label_B1-0-0,243,1,fighting
v=CSUVvyn_IP4__#1_label_A,train,/home/aarf101/xd_official/i3d-features/RGB/v=CSUVvyn_IP4__#1_label_A,30,0,
v=kxP0SgbaGLU__#1_label_B4-0-0,train,/home/aarf101/xd_official/i3d-features/RGB/v=kxP0SgbaGLU__#1_label_B4-0-0,112,1,riot
Hear.Me.2009__#01-21-00_01-26-08_label_A,train,/home/aarf101/xd_official/i3d-features/RGB/Hear.Me.2009__#01-21-00_01-26-08_label_A,462,0,
Haywire.2011__#01-05-21_01-06-37_label_A,train,/home/aarf101/xd_official/i3d-features/RGB/Haywire.2011__#01-05-21_01-06-37_label_A,114,0,
v=tCfJ_3DxJgg__#1_label_A,train,/home/aarf101/xd_official/i3d-features/RGB/v=tCfJ_3DxJgg__#1_label_A,182,0,
Ip.Man.2008__#00-23-19_00-24-27_label_B1-0-0,train,/home/aarf101/xd_official/i3d-features/RGB/Ip.Man.2008__#00-23-19_00-24-27_label_B1-0-0,102,1,fighting
v=VR_5nywcUuQ__#1_label_A,train,/home/aarf101/xd_official/i3d-features/RGB/v=VR_5nywcUuQ__#1_label_A,200,0,
v=MlF2d9E0gB4__#1_label_A,train,/home/aarf101/xd_official/i3d-features/RGB/v=MlF2d9E0gB4__#1_label_A,180,0,
IP.Man.2.2010__#01-04-54_01-06-57_label_B4-B1-0,train,/home/aarf101/xd_official/i3d-features/RGB/IP.Man.2.2010__#01-04-54_01-06-57_label_B4-B1-0,184,1,riot|fighting
Haywire.2011__#00-22-13_00-23-53_label_A,train,/home/aarf101/xd_official/i3d-features/RGB/Haywire.2011__#00-22-13_00-23-53_label_A,150,0,
v=fAMLG8M2oRw__#1_label_A,train,/home/aarf101/xd_official/i3d-features/RGB/v=fAMLG8M2oRw__#1_label_A,114,0,
v=9o3RfUGNDW8__#1_label_A,train,/home/aarf101/xd_official/i3d-features/RGB/v=9o3RfUGNDW8__#1_label_A,159,0,
Tropa.de.Elite.2.2010__#01-13-25_01-14-10_label_B2-0-0,train,/home/aarf101/xd_official/i3d-features/RGB/Tropa.de.Elite.2.2010__#01-13-25_01-14-10_label_B2-0-0,67,1,shooting
Sin.City.2005__#0-12-05_0-12-32_label_B2-0-0,train,/home/aarf101/xd_official/i3d-features/RGB/Sin.City.2005__#0-12-05_0-12-32_label_B2-0-0,40,1,shooting
v=x-Cgkgj5KR0__#00-06-00_00-09-00_label_A,train,/home/aarf101/xd_official/i3d-features/RGB/v=x-Cgkgj5KR0__#00-06-00_00-09-00_label_A,270,0,
v=KkeBFSNtw1M__#1_label_B4-0-0,train,/home/aarf101/xd_official/i3d-features/RGB/v=KkeBFSNtw1M__#1_label_B4-0-0,84,1,riot
Love.Me.If.You.Dare.2003__#00-49-48_00-51-12_label_A,train,/home/aarf101/xd_official/i3d-features/RGB/Love.Me.If.You.Dare.2003__#00-49-48_00-51-12_label_A,126,0,
v=5Tnl7_8RqlA__#00-06-10_00-07-19_label_B6-0-0,train,/home/aarf101/xd_official/i3d-features/RGB/v=5Tnl7_8RqlA__#00-06-10_00-07-19_label_B6-0-0,103,1,car_accident
Braveheart.1995__#01-39-55_01-42-30_label_A,train,/home/aarf101/xd_official/i3d-features/RGB/Braveheart.1995__#01-39-55_01-42-30_label_A,232,0,
v=p2ggHwtb-Zg__#00-15-00_00-18-00_label_A,train,/home/aarf101/xd_official/i3d-features/RGB/v=p2ggHwtb-Zg__#00-15-00_00-18-00_label_A,270,0,
v=gc8b85OnNkI__#1_label_G-0-0,train,/home/aarf101/xd_official/i3d-features/RGB/v=gc8b85OnNkI__#1_label_G-0-0,126,1,explosion
Operation.Red.Sea.2018__#02-13-56_02-14-21_label_A,train,/home/aarf101/xd_official/i3d-features/RGB/Operation.Red.Sea.2018__#02-13-56_02-14-21_label_A,37,0,
v=kjOe4RkFrRw__#1_label_A,train,/home/aarf101/xd_official/i3d-features/RGB/v=kjOe4RkFrRw__#1_label_A,1383,0,
Kill.Bill.Vol.1.2003__#01-41-50_01-42-50_label_A,train,/home/aarf101/xd_official/i3d-features/RGB/Kill.Bill.Vol.1.2003__#01-41-50_01-42-50_label_A,90,0,
v=rs9XTrfuIro__#1_label_A,train,/home/aarf101/xd_official/i3d-features/RGB/v=rs9XTrfuIro__#1_label_A,244,0,
Taken.Extended.Cut.2008__#00-52-12_00-52-31_label_A,train,/home/aarf101/xd_official/i3d-features/RGB/Taken.Extended.Cut.2008__#00-52-12_00-52-31_label_A,28,0,
v=XXRkHOAQP8M__#1_label_B1-0-0,train,/home/aarf101/xd_official/i3d-features/RGB/v=XXRkHOAQP8M__#1_label_B1-0-0,239,1,fighting
v=8jHXvaUbzHc__#1_label_A,train,/home/aarf101/xd_official/i3d-features/RGB/v=8jHXvaUbzHc__#1_label_A,303,0,
Ip.Man.3.2015__#00-55-33_01-00-22_label_A,train,/home/aarf101/xd_official/i3d-features/RGB/Ip.Man.3.2015__#00-55-33_01-00-22_label_A,433,0,
v=kqaNUjTR70A__#1_label_A,train,/home/aarf101/xd_official/i3d-features/RGB/v=kqaNUjTR70A__#1_label_A,1979,0,
v=0aOC63IZPTs__#00-04-00_00-05-19_label_B6-0-0,train,/home/aarf101/xd_official/i3d-features/RGB/v=0aOC63IZPTs__#00-04-00_00-05-19_label_B6-0-0,118,1,car_accident
Mission.Impossible.Fallout.2018__#02-06-21_02-07-31_label_B1-0-0,train,/home/aarf101/xd_official/i3d-features/RGB/Mission.Impossible.Fallout.2018__#02-06-21_02-07-31_label_B1-0-0,105,1,fighting
The.Bourne.Ultimatum.2007__#0-57-29_0-57-56_label_G-0-0,train,/home/aarf101/xd_official/i3d-features/RGB/The.Bourne.Ultimatum.2007__#0-57-29_0-57-56_label_G-0-0,40,1,explosion
Love.Actually.2003__#00-20-35_00-21-06_label_A,train,/home/aarf101/xd_official/i3d-features/RGB/Love.Actually.2003__#00-20-35_00-21-06_label_A,46,0,
v=k7R_Qo-BiAw__#00-14-10_00-15-49_label_B6-0-0,train,/home/aarf101/xd_official/i3d-features/RGB/v=k7R_Qo-BiAw__#00-14-10_00-15-49_label_B6-0-0,148,1,car_accident
Mission.Impossible.Fallout.2018__#01-10-39_01-16-05_label_A,train,/home/aarf101/xd_official/i3d-features/RGB/Mission.Impossible.Fallout.2018__#01-10-39_01-16-05_label_A,489,0,
Kill.Bill.Vol.2.2004__#0-02-00_0-04-00_label_A,train,/home/aarf101/xd_official/i3d-features/RGB/Kill.Bill.Vol.2.2004__#0-02-00_0-04-00_label_A,180,0,
v=lB_fbdAzKUo__#1_label_B4-0-0,train,/home/aarf101/xd_official/i3d-features/RGB/v=lB_fbdAzKUo__#1_label_B4-0-0,149,1,riot
Casino.Royale.2006__#00-12-26_00-12-36_label_G-0-0,train,/home/aarf101/xd_official/i3d-features/RGB/Casino.Royale.2006__#00-12-26_00-12-36_label_G-0-0,15,1,explosion
v=sE-DC2trBkI__#00-07-40_00-08-50_label_B6-0-0,train,/home/aarf101/xd_official/i3d-features/RGB/v=sE-DC2trBkI__#00-07-40_00-08-50_label_B6-0-0,105,1,car_accident
v=xQHgnSWizWE__#00-06-00_00-09-00_label_A,train,/home/aarf101/xd_official/i3d-features/RGB/v=xQHgnSWizWE__#00-06-00_00-09-00_label_A,270,0,
Still.Walking.2008__#01-21-00_01-26-08_label_A,train,/home/aarf101/xd_official/i3d-features/RGB/Still.Walking.2008__#01-21-00_01-26-08_label_A,462,0,
Your.Name.2016__#00-08-55_00-10-50_label_A,train,/home/aarf101/xd_official/i3d-features/RGB/Your.Name.2016__#00-08-55_00-10-50_label_A,172,0,
v=rJaiUINXyiY__#1_label_B4-0-0,train,/home/aarf101/xd_official/i3d-features/RGB/v=rJaiUINXyiY__#1_label_B4-0-0,191,1,riot
v=r22wGeBDJdw__#1_label_A,train,/home/aarf101/xd_official/i3d-features/RGB/v=r22wGeBDJdw__#1_label_A,919,0,
v=yNpCNkHcGTs__#1_label_B1-0-0,train,/home/aarf101/xd_official/i3d-features/RGB/v=yNpCNkHcGTs__#1_label_B1-0-0,236,1,fighting
v=K3E8wjd6DuE__#1_label_A,train,/home/aarf101/xd_official/i3d-features/RGB/v=K3E8wjd6DuE__#1_label_A,1234,0,
v=vu3gsiA1KLs__#1_label_A,train,/home/aarf101/xd_official/i3d-features/RGB/v=vu3gsiA1KLs__#1_label_A,973,0,
Election.2005__#00-58-42_01-01-10_label_B1-B5-0,train,/home/aarf101/xd_official/i3d-features/RGB/Election.2005__#00-58-42_01-01-10_label_B1-B5-0,221,1,fighting|abuse
v=gZR1CvSQntE__#1_label_A,train,/home/aarf101/xd_official/i3d-features/RGB/v=gZR1CvSQntE__#1_label_A,269,0,
v=8m8zfrJEcN8__#1_label_B4-0-0,train,/home/aarf101/xd_official/i3d-features/RGB/v=8m8zfrJEcN8__#1_label_B4-0-0,120,1,riot
v=8bDUGRaV0cs__#1_label_B1-0-0,train,/home/aarf101/xd_official/i3d-features/RGB/v=8bDUGRaV0cs__#1_label_B1-0-0,133,1,fighting
v=YNYqmXkTxA8__#1_label_A,train,/home/aarf101/xd_official/i3d-features/RGB/v=YNYqmXkTxA8__#1_label_A,242,0,
v=m7aF-aNmlaA__#1_label_A,train,/home/aarf101/xd_official/i3d-features/RGB/v=m7aF-aNmlaA__#1_label_A,839,0,
v=fkps18H3SXY__#02-36-00_02-41-00_label_A,train,/home/aarf101/xd_official/i3d-features/RGB/v=fkps18H3SXY__#02-36-00_02-41-00_label_A,450,0,
v=fkps18H3SXY__#01-06-00_01-12-00_label_A,train,/home/aarf101/xd_official/i3d-features/RGB/v=fkps18H3SXY__#01-06-00_01-12-00_label_A,540,0,
v=LLCUqRKnjeY__#00-07-00_00-08-45_label_B6-0-0,train,/home/aarf101/xd_official/i3d-features/RGB/v=LLCUqRKnjeY__#00-07-00_00-08-45_label_B6-0-0,157,1,car_accident
v=4sQE6T2O0EQ__#00-09-12_00-10-15_label_B6-0-0,train,/home/aarf101/xd_official/i3d-features/RGB/v=4sQE6T2O0EQ__#00-09-12_00-10-15_label_B6-0-0,94,1,car_accident
Hot.Fuzz.2007__#00-45-10_00-51-15_label_A,train,/home/aarf101/xd_official/i3d-features/RGB/Hot.Fuzz.2007__#00-45-10_00-51-15_label_A,547,0,
v=oul8c16LzMs__#1_label_B4-0-0,train,/home/aarf101/xd_official/i3d-features/RGB/v=oul8c16LzMs__#1_label_B4-0-0,268,1,riot
v=tQdSoU2vuus__#1_label_A,train,/home/aarf101/xd_official/i3d-features/RGB/v=tQdSoU2vuus__#1_label_A,839,0,
v=D0LwIftpYvo__#1_label_A,train,/home/aarf101/xd_official/i3d-features/RGB/v=D0LwIftpYvo__#1_label_A,333,0,
v=enYITYwvPAQ__#00-00-00_00-03-00_label_A,train,/home/aarf101/xd_official/i3d-features/RGB/v=enYITYwvPAQ__#00-00-00_00-03-00_label_A,269,0,
v=fGEyp4vq2Hk__#1_label_A,train,/home/aarf101/xd_official/i3d-features/RGB/v=fGEyp4vq2Hk__#1_label_A,201,0,
v=5Tnl7_8RqlA__#00-07-22_00-08-19_label_B6-0-0,train,/home/aarf101/xd_official/i3d-features/RGB/v=5Tnl7_8RqlA__#00-07-22_00-08-19_label_B6-0-0,85,1,car_accident
Fast.Five.2011__#01-06-30_01-06-53_label_A,train,/home/aarf101/xd_official/i3d-features/RGB/Fast.Five.2011__#01-06-30_01-06-53_label_A,34,0,
Haywire.2011__#00-17-28_00-18-39_label_A,train,/home/aarf101/xd_official/i3d-features/RGB/Haywire.2011__#00-17-28_00-18-39_label_A,106,0,
Bad.Boys.II.2003__#01-46-00_01-48-35_label_A,train,/home/aarf101/xd_official/i3d-features/RGB/Bad.Boys.II.2003__#01-46-00_01-48-35_label_A,232,0,
v=V-87Zz7xbSA__#1_label_B4-0-0,train,/home/aarf101/xd_official/i3d-features/RGB/v=V-87Zz7xbSA__#1_label_B4-0-0,358,1,riot
v=RUYX8Mpi-Zs__#1_label_G-0-0,train,/home/aarf101/xd_official/i3d-features/RGB/v=RUYX8Mpi-Zs__#1_label_G-0-0,180,1,explosion
The.Bourne.Identity.2002__#01-18-45_01-21-55_label_A,train,/home/aarf101/xd_official/i3d-features/RGB/The.Bourne.Identity.2002__#01-18-45_01-21-55_label_A,285,0,
Before.Sunset.2004__#00-18-18_00-20-09_label_A,train,/home/aarf101/xd_official/i3d-features/RGB/Before.Sunset.2004__#00-18-18_00-20-09_label_A,166,0,
v=tI0S-AcqQ1g__#1_label_B4-0-0,train,/home/aarf101/xd_official/i3d-features/RGB/v=tI0S-AcqQ1g__#1_label_B4-0-0,60,1,riot
Thelma...Louise.1991__#00-23-40_00-24-40_label_A,train,/home/aarf101/xd_official/i3d-features/RGB/Thelma...Louise.1991__#00-23-40_00-24-40_label_A,89,0,
v=s1AZ_zUxzD4__#1_label_G-B2-0,train,/home/aarf101/xd_official/i3d-features/RGB/v=s1AZ_zUxzD4__#1_label_G-B2-0,349,1,explosion|shooting
Skyfall.2012__#02-16-26_02-17-45_label_A,train,/home/aarf101/xd_official/i3d-features/RGB/Skyfall.2012__#02-16-26_02-17-45_label_A,118,0,
v=X1LwYJ8pDhc__#1_label_G-0-0,train,/home/aarf101/xd_official/i3d-features/RGB/v=X1LwYJ8pDhc__#1_label_G-0-0,211,1,explosion
Taken.Extended.Cut.2008__#01-11-17_01-11-42_label_B1-0-0,train,/home/aarf101/xd_official/i3d-features/RGB/Taken.Extended.Cut.2008__#01-11-17_01-11-42_label_B1-0-0,37,1,fighting
v=MeDcqvFz3l4__#1_label_B4-0-0,train,/home/aarf101/xd_official/i3d-features/RGB/v=MeDcqvFz3l4__#1_label_B4-0-0,347,1,riot
Taken.3.2014__#01-44-12_01-44-39_label_B6-0-0,train,/home/aarf101/xd_official/i3d-features/RGB/Taken.3.2014__#01-44-12_01-44-39_label_B6-0-0,40,1,car_accident
v=fkps18H3SXY__#00-06-00_00-12-00_label_A,train,/home/aarf101/xd_official/i3d-features/RGB/v=fkps18H3SXY__#00-06-00_00-12-00_label_A,540,0,
Tropa.de.Elite.2007__#00-59-16_01-00-55_label_B2-0-0,train,/home/aarf101/xd_official/i3d-features/RGB/Tropa.de.Elite.2007__#00-59-16_01-00-55_label_B2-0-0,148,1,shooting
Deadpool.2016__#01-22-32_01-22-41_label_B2-0-0,train,/home/aarf101/xd_official/i3d-features/RGB/Deadpool.2016__#01-22-32_01-22-41_label_B2-0-0,13,1,shooting
v=9eME1y6V-T4__#01-54-00_02-00-00_label_A,train,/home/aarf101/xd_official/i3d-features/RGB/v=9eME1y6V-T4__#01-54-00_02-00-00_label_A,540,0,
Tropa.de.Elite.2.2010__#00-10-02_00-13-15_label_B4-B2-B1,train,/home/aarf101/xd_official/i3d-features/RGB/Tropa.de.Elite.2.2010__#00-10-02_00-13-15_label_B4-B2-B1,289,1,riot|shooting|fighting
Ip.Man.3.2015__#00-42-00_00-42-50_label_B1-0-0,train,/home/aarf101/xd_official/i3d-features/RGB/Ip.Man.3.2015__#00-42-00_00-42-50_label_B1-0-0,74,1,fighting
v=PjYUODTUsvc__#1_label_A,train,/home/aarf101/xd_official/i3d-features/RGB/v=PjYUODTUsvc__#1_label_A,218,0,
v=avP5d16wEp0__#1_label_A,train,/home/aarf101/xd_official/i3d-features/RGB/v=avP5d16wEp0__#1_label_A,158,0,
Be.with.You.2018__#00-40-52_00-42-01_label_A,train,/home/aarf101/xd_official/i3d-features/RGB/Be.with.You.2018__#00-40-52_00-42-01_label_A,103,0,
City.Of.Men.2007__#00-26-43_00-27-53_label_A,train,/home/aarf101/xd_official/i3d-features/RGB/City.Of.Men.2007__#00-26-43_00-27-53_label_A,105,0,
Ip.Man.2008__#01-12-34_01-13-06_label_B1-0-0,train,/home/aarf101/xd_official/i3d-features/RGB/Ip.Man.2008__#01-12-34_01-13-06_label_B1-0-0,48,1,fighting
The.Hurt.Locker.2008__#02-01-02_02-02-22_label_A,train,/home/aarf101/xd_official/i3d-features/RGB/The.Hurt.Locker.2008__#02-01-02_02-02-22_label_A,120,0,
v=d9tHiTMSv1g__#1_label_A,train,/home/aarf101/xd_official/i3d-features/RGB/v=d9tHiTMSv1g__#1_label_A,642,0,
Shoot.Em.Up.2007__#00-06-50_00-07-55_label_B2-0-0,train,/home/aarf101/xd_official/i3d-features/RGB/Shoot.Em.Up.2007__#00-06-50_00-07-55_label_B2-0-0,97,1,shooting
The.Notebook.2004__#00-05-52_00-08-22_label_A,train,/home/aarf101/xd_official/i3d-features/RGB/The.Notebook.2004__#00-05-52_00-08-22_label_A,225,0,
Bullet.in.the.Head.1990__#00-21-30_00-23-30_label_B4-B1-G,train,/home/aarf101/xd_official/i3d-features/RGB/Bullet.in.the.Head.1990__#00-21-30_00-23-30_label_B4-B1-G,180,1,riot|fighting|explosion
v=rVZxrx_qxgA__#00-00-00_00-06-32_label_B4-0-0,train,/home/aarf101/xd_official/i3d-features/RGB/v=rVZxrx_qxgA__#00-00-00_00-06-32_label_B4-0-0,588,1,riot
v=8lvtYiOiCQU__#1_label_B4-0-0,train,/home/aarf101/xd_official/i3d-features/RGB/v=8lvtYiOiCQU__#1_label_B4-0-0,298,1,riot
The.Bourne.Supremacy.2004__#0-40-28_0-43-14_label_B1-0-0,train,/home/aarf101/xd_official/i3d-features/RGB/The.Bourne.Supremacy.2004__#0-40-28_0-43-14_label_B1-0-0,249,1,fighting
Fury.2014__#00-01-50_00-02-58_label_A,train,/home/aarf101/xd_official/i3d-features/RGB/Fury.2014__#00-01-50_00-02-58_label_A,102,0,
v=9eME1y6V-T4__#00-18-00_00-24-00_label_A,train,/home/aarf101/xd_official/i3d-features/RGB/v=9eME1y6V-T4__#00-18-00_00-24-00_label_A,540,0,
v=sirrTXiPFmw__#1_label_A,train,/home/aarf101/xd_official/i3d-features/RGB/v=sirrTXiPFmw__#1_label_A,959,0,
The.Pursuit.of.Happyness.2006__#01-04-40_01-06-59_label_A,train,/home/aarf101/xd_official/i3d-features/RGB/The.Pursuit.of.Happyness.2006__#01-04-40_01-06-59_label_A,208,0,
v=kEFkd1Jw_UY__#1_label_G-0-0,train,/home/aarf101/xd_official/i3d-features/RGB/v=kEFkd1Jw_UY__#1_label_G-0-0,70,1,explosion
v=4scM5pjdavI__#1_label_A,train,/home/aarf101/xd_official/i3d-features/RGB/v=4scM5pjdavI__#1_label_A,239,0,
The.Bourne.Ultimatum.2007__#01-44-21_01-46-05_label_A,train,/home/aarf101/xd_official/i3d-features/RGB/The.Bourne.Ultimatum.2007__#01-44-21_01-46-05_label_A,156,0,
v=H9Y5_X1sEEA__#00-12-00_00-15-00_label_A,train,/home/aarf101/xd_official/i3d-features/RGB/v=H9Y5_X1sEEA__#00-12-00_00-15-00_label_A,270,0,
Kingsman.The.Golden.Circle.2017__#00-01-40_00-04-51_label_B1-B2-B6,train,/home/aarf101/xd_official/i3d-features/RGB/Kingsman.The.Golden.Circle.2017__#00-01-40_00-04-51_label_B1-B2-B6,286,1,fighting|shooting|car_accident
Kingsman.The.Secret.Service.2014__#01-46-30_01-47-10_label_B2-0-0,train,/home/aarf101/xd_official/i3d-features/RGB/Kingsman.The.Secret.Service.2014__#01-46-30_01-47-10_label_B2-0-0,60,1,shooting
Spectre.2015__#00-52-20_00-52-53_label_A,train,/home/aarf101/xd_official/i3d-features/RGB/Spectre.2015__#00-52-20_00-52-53_label_A,49,0,
v=mAWHCHZ2v7I__#1_label_A,train,/home/aarf101/xd_official/i3d-features/RGB/v=mAWHCHZ2v7I__#1_label_A,1307,0,
v=htm7b_saqcs__#1_label_A,train,/home/aarf101/xd_official/i3d-features/RGB/v=htm7b_saqcs__#1_label_A,255,0,
v=tdA0bP3jIIA__#1_label_G-0-0,train,/home/aarf101/xd_official/i3d-features/RGB/v=tdA0bP3jIIA__#1_label_G-0-0,22,1,explosion
Law.Abiding.Citizen.2009__#01-14-22_01-14-38_label_A,train,/home/aarf101/xd_official/i3d-features/RGB/Law.Abiding.Citizen.2009__#01-14-22_01-14-38_label_A,24,0,
v=_YobflFU_HU__#00-00-00_00-00-51_label_B6-0-0,train,/home/aarf101/xd_official/i3d-features/RGB/v=_YobflFU_HU__#00-00-00_00-00-51_label_B6-0-0,76,1,car_accident
Salt.2010__#00-49-20_00-49-46_label_B1-0-0,train,/home/aarf101/xd_official/i3d-features/RGB/Salt.2010__#00-49-20_00-49-46_label_B1-0-0,39,1,fighting
v=3XyOgx9bCUo__#1_label_A,train,/home/aarf101/xd_official/i3d-features/RGB/v=3XyOgx9bCUo__#1_label_A,264,0,
The.Pursuit.of.Happyness.2006__#00-45-40_00-47-30_label_A,train,/home/aarf101/xd_official/i3d-features/RGB/The.Pursuit.of.Happyness.2006__#00-45-40_00-47-30_label_A,165,0,
Operation.Red.Sea.2018__#0-33-45_0-34-20_label_B5-0-0,train,/home/aarf101/xd_official/i3d-features/RGB/Operation.Red.Sea.2018__#0-33-45_0-34-20_label_B5-0-0,52,1,abuse
v=Y6OdlpNMMFM__#1_label_A,train,/home/aarf101/xd_official/i3d-features/RGB/v=Y6OdlpNMMFM__#1_label_A,221,0,
Quantum.Of.Solace.2008__#01-12-38_01-15-48_label_A,train,/home/aarf101/xd_official/i3d-features/RGB/Quantum.Of.Solace.2008__#01-12-38_01-15-48_label_A,285,0,
Before.Sunset.2004__#00-47-55_00-49-50_label_A,train,/home/aarf101/xd_official/i3d-features/RGB/Before.Sunset.2004__#00-47-55_00-49-50_label_A,172,0,
v=k7R_Qo-BiAw__#00-01-00_00-02-45_label_B6-0-0,train,/home/aarf101/xd_official/i3d-features/RGB/v=k7R_Qo-BiAw__#00-01-00_00-02-45_label_B6-0-0,157,1,car_accident
v=nLAapCIlr-o__#00-21-10_00-23-09_label_B6-0-0,train,/home/aarf101/xd_official/i3d-features/RGB/v=nLAapCIlr-o__#00-21-10_00-23-09_label_B6-0-0,178,1,car_accident
Braveheart.1995__#02-19-30_02-20-55_label_B1-0-0,train,/home/aarf101/xd_official/i3d-features/RGB/Braveheart.1995__#02-19-30_02-20-55_label_B1-0-0,127,1,fighting
Taken.2.UNRATED.EXTENDED.2012__#01-17-00_01-17-30_label_B1-0-0,train,/home/aarf101/xd_official/i3d-features/RGB/Taken.2.UNRATED.EXTENDED.2012__#01-17-00_01-17-30_label_B1-0-0,45,1,fighting
v=ll9dxM3KArA__#00-00-00_00-00-51_label_B6-0-0,train,/home/aarf101/xd_official/i3d-features/RGB/v=ll9dxM3KArA__#00-00-00_00-00-51_label_B6-0-0,76,1,car_accident
wangted.2008__#0-03-56_0-04-25_label_B2-0-0,train,/home/aarf101/xd_official/i3d-features/RGB/wangted.2008__#0-03-56_0-04-25_label_B2-0-0,43,1,shooting
Love.Death.and.Robots.S01E15__#0-02-10_0-02-50_label_B2-0-0,train,/home/aarf101/xd_official/i3d-features/RGB/Love.Death.and.Robots.S01E15__#0-02-10_0-02-50_label_B2-0-0,59,1,shooting
v=qr7e5aqvNmQ__#00-04-10_00-06-09_label_B6-0-0,train,/home/aarf101/xd_official/i3d-features/RGB/v=qr7e5aqvNmQ__#00-04-10_00-06-09_label_B6-0-0,178,1,car_accident
From.Dusk.Till.Dawn.1996__#00-24-13_00-24-42_label_B1-0-0,train,/home/aarf101/xd_official/i3d-features/RGB/From.Dusk.Till.Dawn.1996__#00-24-13_00-24-42_label_B1-0-0,43,1,fighting
Jason.Bourne.2016__#0-47-00_0-49-00_label_A,train,/home/aarf101/xd_official/i3d-features/RGB/Jason.Bourne.2016__#0-47-00_0-49-00_label_A,180,0,
v=Vo5KzimeK44__#1_label_A,train,/home/aarf101/xd_official/i3d-features/RGB/v=Vo5KzimeK44__#1_label_A,240,0,
A.Beautiful.Mind.2001__#00-05-52_00-08-22_label_A,train,/home/aarf101/xd_official/i3d-features/RGB/A.Beautiful.Mind.2001__#00-05-52_00-08-22_label_A,225,0,
Mindhunters.2004__#00-59-00_00-59-47_label_A,train,/home/aarf101/xd_official/i3d-features/RGB/Mindhunters.2004__#00-59-00_00-59-47_label_A,70,0,
v=MyM5G7fo7Gg__#00-15-00_00-18-00_label_A,train,/home/aarf101/xd_official/i3d-features/RGB/v=MyM5G7fo7Gg__#00-15-00_00-18-00_label_A,270,0,
City.of.God.2002__#00-49-19_00-50-05_label_A,train,/home/aarf101/xd_official/i3d-features/RGB/City.of.God.2002__#00-49-19_00-50-05_label_A,69,0,
The.Bourne.Identity.2002__#01-49-52_01-50-30_label_A,train,/home/aarf101/xd_official/i3d-features/RGB/The.Bourne.Identity.2002__#01-49-52_01-50-30_label_A,57,0,
v=cCFV9wBiwNc__#1_label_G-0-0,train,/home/aarf101/xd_official/i3d-features/RGB/v=cCFV9wBiwNc__#1_label_G-0-0,507,1,explosion
v=NRgFEYhOqIk__#1_label_A,train,/home/aarf101/xd_official/i3d-features/RGB/v=NRgFEYhOqIk__#1_label_A,283,0,
Operation.Red.Sea.2018__#01-34-55_01-35-22_label_G-0-0,train,/home/aarf101/xd_official/i3d-features/RGB/Operation.Red.Sea.2018__#01-34-55_01-35-22_label_G-0-0,40,1,explosion
v=AndzwGcYF4w__#1_label_A,train,/home/aarf101/xd_official/i3d-features/RGB/v=AndzwGcYF4w__#1_label_A,446,0,
v=L8Oi7KQzoQk__#1_label_G-0-0,train,/home/aarf101/xd_official/i3d-features/RGB/v=L8Oi7KQzoQk__#1_label_G-0-0,28,1,explosion
Rush.Hour.1998.BluRay__#00-49-15_00-51-10_label_A,train,/home/aarf101/xd_official/i3d-features/RGB/Rush.Hour.1998.BluRay__#00-49-15_00-51-10_label_A,172,0,
v=QP8D3W77bW4__#1_label_A,train,/home/aarf101/xd_official/i3d-features/RGB/v=QP8D3W77bW4__#1_label_A,346,0,
v=raoZIWFNBos__#1_label_B4-0-0,train,/home/aarf101/xd_official/i3d-features/RGB/v=raoZIWFNBos__#1_label_B4-0-0,80,1,riot
v=1-oou66siyU__#1_label_B1-0-0,train,/home/aarf101/xd_official/i3d-features/RGB/v=1-oou66siyU__#1_label_B1-0-0,94,1,fighting
Yellow.Sea.2010__#00-42-00_00-42-56_label_B1-0-0,train,/home/aarf101/xd_official/i3d-features/RGB/Yellow.Sea.2010__#00-42-00_00-42-56_label_B1-0-0,84,1,fighting
v=5TPecJ1aUs8__#1_label_A,train,/home/aarf101/xd_official/i3d-features/RGB/v=5TPecJ1aUs8__#1_label_A,90,0,
v=tGPyoma3-o8__#1_label_A,train,/home/aarf101/xd_official/i3d-features/RGB/v=tGPyoma3-o8__#1_label_A,272,0,
Mission.Impossible.II.2000__#01-31-06_01-31-47_label_B1-0-0,train,/home/aarf101/xd_official/i3d-features/RGB/Mission.Impossible.II.2000__#01-31-06_01-31-47_label_B1-0-0,61,1,fighting
Skyfall.2012__#00-51-45_00-53-30_label_A,train,/home/aarf101/xd_official/i3d-features/RGB/Skyfall.2012__#00-51-45_00-53-30_label_A,157,0,
The.Secret.Life.of.Walter.Mitty.2013__#00-05-52_00-08-22_label_A,train,/home/aarf101/xd_official/i3d-features/RGB/The.Secret.Life.of.Walter.Mitty.2013__#00-05-52_00-08-22_label_A,225,0,
Spectre.2015__#01-38-08_01-39-40_label_A,train,/home/aarf101/xd_official/i3d-features/RGB/Spectre.2015__#01-38-08_01-39-40_label_A,137,0,
Love.Me.If.You.Dare.2003__#00-01-45_00-04-15_label_A,train,/home/aarf101/xd_official/i3d-features/RGB/Love.Me.If.You.Dare.2003__#00-01-45_00-04-15_label_A,225,0,
From.Dusk.Till.Dawn.1996__#00-00-36_00-04-16_label_A,train,/home/aarf101/xd_official/i3d-features/RGB/From.Dusk.Till.Dawn.1996__#00-00-36_00-04-16_label_A,329,0,
Be.with.You.2018__#01-26-10_01-28-00_label_A,train,/home/aarf101/xd_official/i3d-features/RGB/Be.with.You.2018__#01-26-10_01-28-00_label_A,165,0,
v=GkZottYDpEE__#1_label_G-0-0,train,/home/aarf101/xd_official/i3d-features/RGB/v=GkZottYDpEE__#1_label_G-0-0,213,1,explosion
Hear.Me.2009__#00-23-50_00-24-31_label_A,train,/home/aarf101/xd_official/i3d-features/RGB/Hear.Me.2009__#00-23-50_00-24-31_label_A,61,0,
Flipped.2010__#01-17-03_01-20-51_label_A,train,/home/aarf101/xd_official/i3d-features/RGB/Flipped.2010__#01-17-03_01-20-51_label_A,342,0,
v=OhdofhZGN4Q__#1_label_B4-0-0,train,/home/aarf101/xd_official/i3d-features/RGB/v=OhdofhZGN4Q__#1_label_B4-0-0,208,1,riot
The.Notebook.2004__#00-50-26_00-55-16_label_A,train,/home/aarf101/xd_official/i3d-features/RGB/The.Notebook.2004__#00-50-26_00-55-16_label_A,435,0,
Bullet.in.the.Head.1990__#01-07-01_01-10-00_label_B2-G-0,train,/home/aarf101/xd_official/i3d-features/RGB/Bullet.in.the.Head.1990__#01-07-01_01-10-00_label_B2-G-0,268,1,shooting|explosion
v=eTNiMMICigY__#00-00-00_00-03-57_label_B4-0-0,train,/home/aarf101/xd_official/i3d-features/RGB/v=eTNiMMICigY__#00-00-00_00-03-57_label_B4-0-0,355,1,riot
Quantum.Of.Solace.2008__#01-29-46_01-30-26_label_B2-G-0,train,/home/aarf101/xd_official/i3d-features/RGB/Quantum.Of.Solace.2008__#01-29-46_01-30-26_label_B2-G-0,60,1,shooting|explosion
v=JWm6LfFFRB4__#1_label_A,train,/home/aarf101/xd_official/i3d-features/RGB/v=JWm6LfFFRB4__#1_label_A,789,0,
The.Bourne.Legacy.2012__#01-51-56_01-52-14_label_B1-B2-0,train,/home/aarf101/xd_official/i3d-features/RGB/The.Bourne.Legacy.2012__#01-51-56_01-52-14_label_B1-B2-0,26,1,fighting|shooting
v=TqNy_Er2-ZA__#1_label_A,train,/home/aarf101/xd_official/i3d-features/RGB/v=TqNy_Er2-ZA__#1_label_A,338,0,
v=b7pncKyAn1o__#1_label_A,train,/home/aarf101/xd_official/i3d-features/RGB/v=b7pncKyAn1o__#1_label_A,316,0,
v=vFPQ_NiDBIU__#01-24-00_01-30-00_label_A,train,/home/aarf101/xd_official/i3d-features/RGB/v=vFPQ_NiDBIU__#01-24-00_01-30-00_label_A,539,0,
v=rMhEu33OqiM__#00-00-50_00-01-20_label_G-0-0,train,/home/aarf101/xd_official/i3d-features/RGB/v=rMhEu33OqiM__#00-00-50_00-01-20_label_G-0-0,45,1,explosion
Fast.Furious.6.2013__#00-10-20_00-11-50_label_A,train,/home/aarf101/xd_official/i3d-features/RGB/Fast.Furious.6.2013__#00-10-20_00-11-50_label_A,135,0,
Gladiator.2000__#01-55-09_01-59-36_label_B1-0-0,train,/home/aarf101/xd_official/i3d-features/RGB/Gladiator.2000__#01-55-09_01-59-36_label_B1-0-0,400,1,fighting
v=NeAC-MfTZzU__#00-09-00_00-12-00_label_A,train,/home/aarf101/xd_official/i3d-features/RGB/v=NeAC-MfTZzU__#00-09-00_00-12-00_label_A,270,0,
v=q2SP66Jb6Cw__#00-42-00_00-48-00_label_A,train,/home/aarf101/xd_official/i3d-features/RGB/v=q2SP66Jb6Cw__#00-42-00_00-48-00_label_A,540,0,
v=12Jq0mFovdg__#1_label_A,train,/home/aarf101/xd_official/i3d-features/RGB/v=12Jq0mFovdg__#1_label_A,82,0,
v=m9yI2LGZRE0__#1_label_A,train,/home/aarf101/xd_official/i3d-features/RGB/v=m9yI2LGZRE0__#1_label_A,1943,0,
Skyfall.2012__#00-07-04_00-07-23_label_B2-0-0,train,/home/aarf101/xd_official/i3d-features/RGB/Skyfall.2012__#00-07-04_00-07-23_label_B2-0-0,28,1,shooting
v=DtFtvq9Swr4__#1_label_B1-0-0,train,/home/aarf101/xd_official/i3d-features/RGB/v=DtFtvq9Swr4__#1_label_B1-0-0,64,1,fighting
v=fnNHjFcCRDs__#1_label_B1-0-0,train,/home/aarf101/xd_official/i3d-features/RGB/v=fnNHjFcCRDs__#1_label_B1-0-0,60,1,fighting
The.Attorney.2013__#00-33-52_00-36-00_label_A,train,/home/aarf101/xd_official/i3d-features/RGB/The.Attorney.2013__#00-33-52_00-36-00_label_A,192,0,
v=x-Cgkgj5KR0__#00-21-00_00-23-13_label_A,train,/home/aarf101/xd_official/i3d-features/RGB/v=x-Cgkgj5KR0__#00-21-00_00-23-13_label_A,199,0,
v=kVl-6-A9ZO4__#00-09-41_00-10-02_label_B6-0-0,train,/home/aarf101/xd_official/i3d-features/RGB/v=kVl-6-A9ZO4__#00-09-41_00-10-02_label_B6-0-0,31,1,car_accident
Tropa.de.Elite.2007__#01-03-35_01-04-05_label_B2-0-0,train,/home/aarf101/xd_official/i3d-features/RGB/Tropa.de.Elite.2007__#01-03-35_01-04-05_label_B2-0-0,45,1,shooting
v=U_VfMqGGqlE__#00-10-35_00-11-47_label_B6-0-0,train,/home/aarf101/xd_official/i3d-features/RGB/v=U_VfMqGGqlE__#00-10-35_00-11-47_label_B6-0-0,108,1,car_accident
v=AqFWYZsOgWY__#00-39-00_00-42-00_label_A,train,/home/aarf101/xd_official/i3d-features/RGB/v=AqFWYZsOgWY__#00-39-00_00-42-00_label_A,270,0,
v=InNwtNprG5A__#1_label_A,train,/home/aarf101/xd_official/i3d-features/RGB/v=InNwtNprG5A__#1_label_A,253,0,
v=1jWM8Ry9kxM__#1_label_B4-0-0,train,/home/aarf101/xd_official/i3d-features/RGB/v=1jWM8Ry9kxM__#1_label_B4-0-0,148,1,riot
Good.Will.Hunting.1997__#00-57-20_00-58-17_label_A,train,/home/aarf101/xd_official/i3d-features/RGB/Good.Will.Hunting.1997__#00-57-20_00-58-17_label_A,85,0,
Bad.Boys.II.2003__#02-13-42_02-15-02_label_B6-G-B2,train,/home/aarf101/xd_official/i3d-features/RGB/Bad.Boys.II.2003__#02-13-42_02-15-02_label_B6-G-B2,120,1,car_accident|explosion|shooting
v=HaQ29cSAXZA__#1_label_A,train,/home/aarf101/xd_official/i3d-features/RGB/v=HaQ29cSAXZA__#1_label_A,190,0,
City.of.God.2002__#01-02-36_01-04-02_label_A,train,/home/aarf101/xd_official/i3d-features/RGB/City.of.God.2002__#01-02-36_01-04-02_label_A,128,0,
v=wH_2Roelsw4__#1_label_B4-0-0,train,/home/aarf101/xd_official/i3d-features/RGB/v=wH_2Roelsw4__#1_label_B4-0-0,249,1,riot
Ip.Man.3.2015__#00-02-00_00-02-50_label_A,train,/home/aarf101/xd_official/i3d-features/RGB/Ip.Man.3.2015__#00-02-00_00-02-50_label_A,74,0,
v=FylYRAYAyY0__#1_label_B1-0-0,train,/home/aarf101/xd_official/i3d-features/RGB/v=FylYRAYAyY0__#1_label_B1-0-0,90,1,fighting
The.Bourne.Identity.2002__#0-59-13_01-03-20_label_A,train,/home/aarf101/xd_official/i3d-features/RGB/The.Bourne.Identity.2002__#0-59-13_01-03-20_label_A,370,0,
v=zoIn2hOrUIM__#00-07-22_00-08-19_label_B6-0-0,train,/home/aarf101/xd_official/i3d-features/RGB/v=zoIn2hOrUIM__#00-07-22_00-08-19_label_B6-0-0,85,1,car_accident
Brick.Mansions.2014__#01-09-47_01-11-55_label_B1-0-0,train,/home/aarf101/xd_official/i3d-features/RGB/Brick.Mansions.2014__#01-09-47_01-11-55_label_B1-0-0,191,1,fighting
v=2ncA53czMOg__#00-00-58_00-01-51_label_B4-0-0,train,/home/aarf101/xd_official/i3d-features/RGB/v=2ncA53czMOg__#00-00-58_00-01-51_label_B4-0-0,79,1,riot
v=lSqZzdpCFPY__#1_label_A,train,/home/aarf101/xd_official/i3d-features/RGB/v=lSqZzdpCFPY__#1_label_A,247,0,
v=JzrpCC7XmyE__#00-42-00_00-48-00_label_A,train,/home/aarf101/xd_official/i3d-features/RGB/v=JzrpCC7XmyE__#00-42-00_00-48-00_label_A,540,0,
Fast.Furious.6.2013__#01-26-10_01-28-12_label_B6-B2-0,train,/home/aarf101/xd_official/i3d-features/RGB/Fast.Furious.6.2013__#01-26-10_01-28-12_label_B6-B2-0,183,1,car_accident|shooting
Kingsman.The.Golden.Circle.2017__#00-17-02_00-18-16_label_A,train,/home/aarf101/xd_official/i3d-features/RGB/Kingsman.The.Golden.Circle.2017__#00-17-02_00-18-16_label_A,111,0,
Braveheart.1995__#01-33-09_01-37-20_label_A,train,/home/aarf101/xd_official/i3d-features/RGB/Braveheart.1995__#01-33-09_01-37-20_label_A,376,0,
Kingsman.The.Secret.Service.2014__#01-18-20_01-19-23_label_B1-B2-0,train,/home/aarf101/xd_official/i3d-features/RGB/Kingsman.The.Secret.Service.2014__#01-18-20_01-19-23_label_B1-B2-0,94,1,fighting|shooting
Flipped.2010__#00-57-20_00-58-17_label_A,train,/home/aarf101/xd_official/i3d-features/RGB/Flipped.2010__#00-57-20_00-58-17_label_A,85,0,
Kingsman.The.Golden.Circle.2017__#00-05-38_00-07-20_label_B2-G-0,train,/home/aarf101/xd_official/i3d-features/RGB/Kingsman.The.Golden.Circle.2017__#00-05-38_00-07-20_label_B2-G-0,153,1,shooting|explosion
v=o1UfPTzL_dM__#1_label_A,train,/home/aarf101/xd_official/i3d-features/RGB/v=o1UfPTzL_dM__#1_label_A,119,0,
Lord.of.War__#01-44-50_01-45-30_label_B2-0-0,train,/home/aarf101/xd_official/i3d-features/RGB/Lord.of.War__#01-44-50_01-45-30_label_B2-0-0,60,1,shooting
Before.Sunrise.1995__#00-20-35_00-23-06_label_A,train,/home/aarf101/xd_official/i3d-features/RGB/Before.Sunrise.1995__#00-20-35_00-23-06_label_A,226,0,
Love.Death.and.Robots.S01E12__#0-00-40_0-05-00_label_A,train,/home/aarf101/xd_official/i3d-features/RGB/Love.Death.and.Robots.S01E12__#0-00-40_0-05-00_label_A,389,0,
Bad.Boys.1995__#00-39-10_00-39-42_label_B2-0-0,train,/home/aarf101/xd_official/i3d-features/RGB/Bad.Boys.1995__#00-39-10_00-39-42_label_B2-0-0,48,1,shooting
v=LziqBwWXi9A__#1_label_B1-0-0,train,/home/aarf101/xd_official/i3d-features/RGB/v=LziqBwWXi9A__#1_label_B1-0-0,136,1,fighting
Jason.Bourne.2016__#0-30-30_0-30-38_label_B2-0-0,train,/home/aarf101/xd_official/i3d-features/RGB/Jason.Bourne.2016__#0-30-30_0-30-38_label_B2-0-0,12,1,shooting
v=ob_XPa4sXVI__#1_label_A,train,/home/aarf101/xd_official/i3d-features/RGB/v=ob_XPa4sXVI__#1_label_A,1176,0,
Mission.Impossible.II.2000__#00-09-32_00-10-00_label_A,train,/home/aarf101/xd_official/i3d-features/RGB/Mission.Impossible.II.2000__#00-09-32_00-10-00_label_A,42,0,
v=JdLDrB-FS2c__#1_label_A,train,/home/aarf101/xd_official/i3d-features/RGB/v=JdLDrB-FS2c__#1_label_A,162,0,
v=ZbqjM3Y7XyU__#1_label_B1-0-0,train,/home/aarf101/xd_official/i3d-features/RGB/v=ZbqjM3Y7XyU__#1_label_B1-0-0,209,1,fighting
v=1LgHkQL7Jms__#00-01-24_00-02-51_label_B6-0-0,train,/home/aarf101/xd_official/i3d-features/RGB/v=1LgHkQL7Jms__#00-01-24_00-02-51_label_B6-0-0,130,1,car_accident
v=ZmKdNIXzVOo__#1_label_A,train,/home/aarf101/xd_official/i3d-features/RGB/v=ZmKdNIXzVOo__#1_label_A,226,0,
v=y7JEq-kf-2I__#00-06-50_00-07-24_label_B6-0-0,train,/home/aarf101/xd_official/i3d-features/RGB/v=y7JEq-kf-2I__#00-06-50_00-07-24_label_B6-0-0,50,1,car_accident
wangted.2008__#0-02-22_0-03-56_label_A,train,/home/aarf101/xd_official/i3d-features/RGB/wangted.2008__#0-02-22_0-03-56_label_A,141,0,
v=KR1iUmq6ilA__#1_label_A,train,/home/aarf101/xd_official/i3d-features/RGB/v=KR1iUmq6ilA__#1_label_A,69,0,
v=cvEJ5WFk2KE__#00-03-00_00-06-00_label_A,train,/home/aarf101/xd_official/i3d-features/RGB/v=cvEJ5WFk2KE__#00-03-00_00-06-00_label_A,270,0,
Operation.Red.Sea.2018__#01-28-15_01-29-05_label_B2-0-0,train,/home/aarf101/xd_official/i3d-features/RGB/Operation.Red.Sea.2018__#01-28-15_01-29-05_label_B2-0-0,74,1,shooting
v=11_7Yfan0Oc__#1_label_G-0-0,train,/home/aarf101/xd_official/i3d-features/RGB/v=11_7Yfan0Oc__#1_label_G-0-0,32,1,explosion
v=S5NWcdq4Wf4__#00-00-00_00-01-27_label_B6-0-0,train,/home/aarf101/xd_official/i3d-features/RGB/v=S5NWcdq4Wf4__#00-00-00_00-01-27_label_B6-0-0,130,1,car_accident
GoldenEye.1995__#01-12-02_01-12-44_label_G-0-0,train,/home/aarf101/xd_official/i3d-features/RGB/GoldenEye.1995__#01-12-02_01-12-44_label_G-0-0,63,1,explosion
wangted.2008__#01-32-25_01-33-30_label_B1-B2-0,train,/home/aarf101/xd_official/i3d-features/RGB/wangted.2008__#01-32-25_01-33-30_label_B1-B2-0,97,1,fighting|shooting
v=enYITYwvPAQ__#00-30-00_00-31-30_label_A,train,/home/aarf101/xd_official/i3d-features/RGB/v=enYITYwvPAQ__#00-30-00_00-31-30_label_A,134,0,
v=n-LQZPL4QSA__#1_label_A,train,/home/aarf101/xd_official/i3d-features/RGB/v=n-LQZPL4QSA__#1_label_A,67,0,
Good.Will.Hunting.1997__#00-35-50_00-40-31_label_A,train,/home/aarf101/xd_official/i3d-features/RGB/Good.Will.Hunting.1997__#00-35-50_00-40-31_label_A,421,0,
v=weOhgv-3OhM__#1_label_B4-0-0,train,/home/aarf101/xd_official/i3d-features/RGB/v=weOhgv-3OhM__#1_label_B4-0-0,203,1,riot
v=Y43UkfAe_bc__#00-04-28_00-05-48_label_B4-0-0,train,/home/aarf101/xd_official/i3d-features/RGB/v=Y43UkfAe_bc__#00-04-28_00-05-48_label_B4-0-0,120,1,riot
The.Bourne.Ultimatum.2007__#0-44-02_0-46-11_label_A,train,/home/aarf101/xd_official/i3d-features/RGB/The.Bourne.Ultimatum.2007__#0-44-02_0-46-11_label_A,193,0,
v=5Rh7DIBWKBk__#00-00-30_00-01-45_label_B6-0-0,train,/home/aarf101/xd_official/i3d-features/RGB/v=5Rh7DIBWKBk__#00-00-30_00-01-45_label_B6-0-0,112,1,car_accident
v=e58QSA0BOws__#1_label_A,train,/home/aarf101/xd_official/i3d-features/RGB/v=e58QSA0BOws__#1_label_A,1122,0,
v=LOBnTy6A8QI__#1_label_B6-0-0,train,/home/aarf101/xd_official/i3d-features/RGB/v=LOBnTy6A8QI__#1_label_B6-0-0,413,1,car_accident
v=fkps18H3SXY__#02-06-00_02-12-00_label_A,train,/home/aarf101/xd_official/i3d-features/RGB/v=fkps18H3SXY__#02-06-00_02-12-00_label_A,540,0,
v=lD7dY_aNjiU__#1_label_B4-0-0,train,/home/aarf101/xd_official/i3d-features/RGB/v=lD7dY_aNjiU__#1_label_B4-0-0,270,1,riot
IP.Man.2.2010__#01-33-45_01-34-55_label_B1-0-0,train,/home/aarf101/xd_official/i3d-features/RGB/IP.Man.2.2010__#01-33-45_01-34-55_label_B1-0-0,104,1,fighting
Yellow.Sea.2010__#00-43-00_00-43-51_label_A,train,/home/aarf101/xd_official/i3d-features/RGB/Yellow.Sea.2010__#00-43-00_00-43-51_label_A,76,0,
The.Intouchables.2011__#00-42-52_00-45-31_label_A,train,/home/aarf101/xd_official/i3d-features/RGB/The.Intouchables.2011__#00-42-52_00-45-31_label_A,238,0,
v=oEmkMvF4Keo__#1_label_A,train,/home/aarf101/xd_official/i3d-features/RGB/v=oEmkMvF4Keo__#1_label_A,157,0,
v=u4r1FL1pwfo__#1_label_A,train,/home/aarf101/xd_official/i3d-features/RGB/v=u4r1FL1pwfo__#1_label_A,222,0,
v=XxVp3LWqZVk__#1_label_B4-0-0,train,/home/aarf101/xd_official/i3d-features/RGB/v=XxVp3LWqZVk__#1_label_B4-0-0,467,1,riot
The.Bourne.Supremacy.2004__#01-25-38_01-26-16_label_B2-B1-0,train,/home/aarf101/xd_official/i3d-features/RGB/The.Bourne.Supremacy.2004__#01-25-38_01-26-16_label_B2-B1-0,57,1,shooting|fighting
v=ArWppRtdTTQ__#1_label_B4-0-0,train,/home/aarf101/xd_official/i3d-features/RGB/v=ArWppRtdTTQ__#1_label_B4-0-0,196,1,riot
v=3E5NyhlB70Q__#1_label_A,train,/home/aarf101/xd_official/i3d-features/RGB/v=3E5NyhlB70Q__#1_label_A,296,0,
Skyfall.2012__#00-22-26_00-22-48_label_A,train,/home/aarf101/xd_official/i3d-features/RGB/Skyfall.2012__#00-22-26_00-22-48_label_A,33,0,
v=fv7Gk-Pg7Rw__#1_label_B4-0-0,train,/home/aarf101/xd_official/i3d-features/RGB/v=fv7Gk-Pg7Rw__#1_label_B4-0-0,171,1,riot
Mission.Impossible.III.2006__#00-23-15_00-23-35_label_G-0-0,train,/home/aarf101/xd_official/i3d-features/RGB/Mission.Impossible.III.2006__#00-23-15_00-23-35_label_G-0-0,30,1,explosion
v=BB5GdhtYpEo__#1_label_A,train,/home/aarf101/xd_official/i3d-features/RGB/v=BB5GdhtYpEo__#1_label_A,283,0,
v=ozDDYcyrCNE__#1_label_A,train,/home/aarf101/xd_official/i3d-features/RGB/v=ozDDYcyrCNE__#1_label_A,183,0,
v=0J7I718Gs9A__#1_label_B4-0-0,train,/home/aarf101/xd_official/i3d-features/RGB/v=0J7I718Gs9A__#1_label_B4-0-0,78,1,riot
Mission.Impossible.III.2006__#01-56-50_01-58-50_label_A,train,/home/aarf101/xd_official/i3d-features/RGB/Mission.Impossible.III.2006__#01-56-50_01-58-50_label_A,180,0,
The.Bourne.Legacy.2012__#02-00-44_02-01-26_label_B1-0-0,train,/home/aarf101/xd_official/i3d-features/RGB/The.Bourne.Legacy.2012__#02-00-44_02-01-26_label_B1-0-0,63,1,fighting
v=EWKna2H3sLI__#1_label_G-0-0,train,/home/aarf101/xd_official/i3d-features/RGB/v=EWKna2H3sLI__#1_label_G-0-0,196,1,explosion
v=sE-DC2trBkI__#00-05-20_00-06-20_label_B6-0-0,train,/home/aarf101/xd_official/i3d-features/RGB/v=sE-DC2trBkI__#00-05-20_00-06-20_label_B6-0-0,90,1,car_accident
Your.Name.2016__#01-32-40_01-36-08_label_A,train,/home/aarf101/xd_official/i3d-features/RGB/Your.Name.2016__#01-32-40_01-36-08_label_A,312,0,
Ip.Man.2008__#01-07-28_01-07-38_label_B1-0-0,train,/home/aarf101/xd_official/i3d-features/RGB/Ip.Man.2008__#01-07-28_01-07-38_label_B1-0-0,15,1,fighting
Kill.Bill.Vol.1.2003__#0-05-55_0-08-54_label_B1-0-0,train,/home/aarf101/xd_official/i3d-features/RGB/Kill.Bill.Vol.1.2003__#0-05-55_0-08-54_label_B1-0-0,268,1,fighting
IP.Man.2.2010__#01-40-31_01-43-41_label_A,train,/home/aarf101/xd_official/i3d-features/RGB/IP.Man.2.2010__#01-40-31_01-43-41_label_A,284,0,
Hear.Me.2009__#01-39-05_01-46-40_label_A,train,/home/aarf101/xd_official/i3d-features/RGB/Hear.Me.2009__#01-39-05_01-46-40_label_A,682,0,
The.Hurt.Locker.2008__#0-54-57_0-56-57_label_B2-0-0,train,/home/aarf101/xd_official/i3d-features/RGB/The.Hurt.Locker.2008__#0-54-57_0-56-57_label_B2-0-0,180,1,shooting
v=dM4c8z0d6Pw__#1_label_A,train,/home/aarf101/xd_official/i3d-features/RGB/v=dM4c8z0d6Pw__#1_label_A,349,0,
Taken.3.2014__#00-24-37_00-25-46_label_A,train,/home/aarf101/xd_official/i3d-features/RGB/Taken.3.2014__#00-24-37_00-25-46_label_A,103,0,
v=ADQNFs9bfFk__#00-00-58_00-01-51_label_B4-0-0,train,/home/aarf101/xd_official/i3d-features/RGB/v=ADQNFs9bfFk__#00-00-58_00-01-51_label_B4-0-0,79,1,riot
v=vFPQ_NiDBIU__#00-18-00_00-24-00_label_A,train,/home/aarf101/xd_official/i3d-features/RGB/v=vFPQ_NiDBIU__#00-18-00_00-24-00_label_A,539,0,
Fast.Five.2011__#01-32-48_01-33-22_label_B2-G-B6,train,/home/aarf101/xd_official/i3d-features/RGB/Fast.Five.2011__#01-32-48_01-33-22_label_B2-G-B6,51,1,shooting|explosion|car_accident
v=qmsQ-obL1Z4__#00-02-00_00-03-26_label_B6-0-0,train,/home/aarf101/xd_official/i3d-features/RGB/v=qmsQ-obL1Z4__#00-02-00_00-03-26_label_B6-0-0,128,1,car_accident
Crank.Dircut.2006__#01-01-10_01-02-01_label_B2-0-0,train,/home/aarf101/xd_official/i3d-features/RGB/Crank.Dircut.2006__#01-01-10_01-02-01_label_B2-0-0,76,1,shooting
v=qmsQ-obL1Z4__#00-32-10_00-37-41_label_B6-0-0,train,/home/aarf101/xd_official/i3d-features/RGB/v=qmsQ-obL1Z4__#00-32-10_00-37-41_label_B6-0-0,496,1,car_accident
GoldenEye.1995__#01-33-05_01-33-39_label_G-0-0,train,/home/aarf101/xd_official/i3d-features/RGB/GoldenEye.1995__#01-33-05_01-33-39_label_G-0-0,51,1,explosion
Mission.Impossible.II.2000__#01-15-10_01-16-32_label_B2-0-0,train,/home/aarf101/xd_official/i3d-features/RGB/Mission.Impossible.II.2000__#01-15-10_01-16-32_label_B2-0-0,123,1,shooting
Kingsman.The.Secret.Service.2014__#00-05-55_00-06-46_label_B1-B2-0,train,/home/aarf101/xd_official/i3d-features/RGB/Kingsman.The.Secret.Service.2014__#00-05-55_00-06-46_label_B1-B2-0,76,1,fighting|shooting
v=5ai3CphP7Mo__#1_label_G-0-0,train,/home/aarf101/xd_official/i3d-features/RGB/v=5ai3CphP7Mo__#1_label_G-0-0,201,1,explosion
Taken.3.2014__#01-34-30_01-36-00_label_B5-B1-B2,train,/home/aarf101/xd_official/i3d-features/RGB/Taken.3.2014__#01-34-30_01-36-00_label_B5-B1-B2,135,1,abuse|fighting|shooting
v=szDuMz-T7b4__#1_label_A,train,/home/aarf101/xd_official/i3d-features/RGB/v=szDuMz-T7b4__#1_label_A,246,0,
v=DeUSwzw847M__#1_label_A,train,/home/aarf101/xd_official/i3d-features/RGB/v=DeUSwzw847M__#1_label_A,321,0,
v=mH7EmmgSZQE__#1_label_A,train,/home/aarf101/xd_official/i3d-features/RGB/v=mH7EmmgSZQE__#1_label_A,218,0,
v=XF7VVP6pZqg__#1_label_A,train,/home/aarf101/xd_official/i3d-features/RGB/v=XF7VVP6pZqg__#1_label_A,168,0,
Bad.Boys.II.2003__#01-29-04_01-30-03_label_B1-0-0,train,/home/aarf101/xd_official/i3d-features/RGB/Bad.Boys.II.2003__#01-29-04_01-30-03_label_B1-0-0,88,1,fighting
v=syqoZ2md7_Q__#1_label_A,train,/home/aarf101/xd_official/i3d-features/RGB/v=syqoZ2md7_Q__#1_label_A,257,0,
v=86HXgfGC7ag__#1_label_A,train,/home/aarf101/xd_official/i3d-features/RGB/v=86HXgfGC7ag__#1_label_A,647,0,
v=nZLg0yIbaV4__#1_label_B4-0-0,train,/home/aarf101/xd_official/i3d-features/RGB/v=nZLg0yIbaV4__#1_label_B4-0-0,187,1,riot
v=vhACO_m5pH0__#00-00-00_00-00-51_label_B6-0-0,train,/home/aarf101/xd_official/i3d-features/RGB/v=vhACO_m5pH0__#00-00-00_00-00-51_label_B6-0-0,76,1,car_accident
Gladiator.2000__#01-44-18_01-46-14_label_A,train,/home/aarf101/xd_official/i3d-features/RGB/Gladiator.2000__#01-44-18_01-46-14_label_A,174,0,
v=WVMpxkB7vV0__#1_label_B4-0-0,train,/home/aarf101/xd_official/i3d-features/RGB/v=WVMpxkB7vV0__#1_label_B4-0-0,132,1,riot
The.Hurt.Locker.2008__#0-54-27_0-54-51_label_G-B2-0,train,/home/aarf101/xd_official/i3d-features/RGB/The.Hurt.Locker.2008__#0-54-27_0-54-51_label_G-B2-0,36,1,explosion|shooting
Skyfall.2012__#00-23-27_00-23-53_label_A,train,/home/aarf101/xd_official/i3d-features/RGB/Skyfall.2012__#00-23-27_00-23-53_label_A,39,0,
v=D5-ASgQr5ys__#1_label_G-0-0,train,/home/aarf101/xd_official/i3d-features/RGB/v=D5-ASgQr5ys__#1_label_G-0-0,71,1,explosion
God.Bless.America.2011__#00-06-59_00-12-23_label_A,train,/home/aarf101/xd_official/i3d-features/RGB/God.Bless.America.2011__#00-06-59_00-12-23_label_A,486,0,
The.Pursuit.of.Happyness.2006__#00-23-50_00-24-31_label_A,train,/home/aarf101/xd_official/i3d-features/RGB/The.Pursuit.of.Happyness.2006__#00-23-50_00-24-31_label_A,61,0,
v=BXR3d22BhHs__#00-02-00_00-03-06_label_B4-0-0,train,/home/aarf101/xd_official/i3d-features/RGB/v=BXR3d22BhHs__#00-02-00_00-03-06_label_B4-0-0,99,1,riot
v=l9jL9nPps2g__#1_label_A,train,/home/aarf101/xd_official/i3d-features/RGB/v=l9jL9nPps2g__#1_label_A,218,0,
Good.Will.Hunting.1997__#00-23-50_00-24-31_label_A,train,/home/aarf101/xd_official/i3d-features/RGB/Good.Will.Hunting.1997__#00-23-50_00-24-31_label_A,61,0,
Deadpool.2.2018__#0-57-55_0-59-15_label_B1-0-0,train,/home/aarf101/xd_official/i3d-features/RGB/Deadpool.2.2018__#0-57-55_0-59-15_label_B1-0-0,120,1,fighting
v=pbDdY9ZOlfw__#1_label_A,train,/home/aarf101/xd_official/i3d-features/RGB/v=pbDdY9ZOlfw__#1_label_A,165,0,
Hear.Me.2009__#00-20-35_00-23-06_label_A,train,/home/aarf101/xd_official/i3d-features/RGB/Hear.Me.2009__#00-20-35_00-23-06_label_A,226,0,
Operation.Red.Sea.2018__#0-07-37_0-07-55_label_G-0-0,train,/home/aarf101/xd_official/i3d-features/RGB/Operation.Red.Sea.2018__#0-07-37_0-07-55_label_G-0-0,26,1,explosion
Saving.Private.Ryan.1998__#00-31-27_00-33-12_label_A,train,/home/aarf101/xd_official/i3d-features/RGB/Saving.Private.Ryan.1998__#00-31-27_00-33-12_label_A,157,0,
The.Notebook.2004__#00-23-50_00-24-31_label_A,train,/home/aarf101/xd_official/i3d-features/RGB/The.Notebook.2004__#00-23-50_00-24-31_label_A,61,0,
Desperado.1995__#01-36-33_01-37-50_label_A,train,/home/aarf101/xd_official/i3d-features/RGB/Desperado.1995__#01-36-33_01-37-50_label_A,115,0,
v=uBXprlsmd18__#00-20-10_00-23-09_label_B6-0-0,train,/home/aarf101/xd_official/i3d-features/RGB/v=uBXprlsmd18__#00-20-10_00-23-09_label_B6-0-0,268,1,car_accident
v=G7AXkLvoEfU__#1_label_G-0-0,train,/home/aarf101/xd_official/i3d-features/RGB/v=G7AXkLvoEfU__#1_label_G-0-0,209,1,explosion
Taken.2.UNRATED.EXTENDED.2012__#01-19-00_01-21-20_label_B2-B1-0,train,/home/aarf101/xd_official/i3d-features/RGB/Taken.2.UNRATED.EXTENDED.2012__#01-19-00_01-21-20_label_B2-B1-0,210,1,shooting|fighting
v=H9Y5_X1sEEA__#00-15-00_00-18-00_label_A,train,/home/aarf101/xd_official/i3d-features/RGB/v=H9Y5_X1sEEA__#00-15-00_00-18-00_label_A,270,0,
Taken.3.2014__#00-49-27_00-50-11_label_A,train,/home/aarf101/xd_official/i3d-features/RGB/Taken.3.2014__#00-49-27_00-50-11_label_A,65,0,
Tropa.de.Elite.2.2010__#00-39-50_00-40-31_label_B2-0-0,train,/home/aarf101/xd_official/i3d-features/RGB/Tropa.de.Elite.2.2010__#00-39-50_00-40-31_label_B2-0-0,61,1,shooting
The.Notebook.2004__#00-40-52_00-42-01_label_A,train,/home/aarf101/xd_official/i3d-features/RGB/The.Notebook.2004__#00-40-52_00-42-01_label_A,103,0,
v=UE_tyZQUU90__#1_label_B4-0-0,train,/home/aarf101/xd_official/i3d-features/RGB/v=UE_tyZQUU90__#1_label_B4-0-0,236,1,riot
The.Bourne.Ultimatum.2007__#01-24-32_01-24-55_label_B2-0-0,train,/home/aarf101/xd_official/i3d-features/RGB/The.Bourne.Ultimatum.2007__#01-24-32_01-24-55_label_B2-0-0,34,1,shooting
The.Bourne.Legacy.2012__#01-55-14_01-55-56_label_B6-0-0,train,/home/aarf101/xd_official/i3d-features/RGB/The.Bourne.Legacy.2012__#01-55-14_01-55-56_label_B6-0-0,63,1,car_accident
IP.Man.2.2010__#00-39-03_00-40-13_label_B1-0-0,train,/home/aarf101/xd_official/i3d-features/RGB/IP.Man.2.2010__#00-39-03_00-40-13_label_B1-0-0,104,1,fighting
v=-8kHD_Ca2cE__#1_label_A,train,/home/aarf101/xd_official/i3d-features/RGB/v=-8kHD_Ca2cE__#1_label_A,115,0,
v=VRn8Tc02TbU__#00-06-00_00-09-00_label_A,train,/home/aarf101/xd_official/i3d-features/RGB/v=VRn8Tc02TbU__#00-06-00_00-09-00_label_A,270,0,
One.Day.2011__#00-12-45_00-15-08_label_A,train,/home/aarf101/xd_official/i3d-features/RGB/One.Day.2011__#00-12-45_00-15-08_label_A,214,0,
Braveheart.1995__#00-41-00_00-44-30_label_B5-B1-0,train,/home/aarf101/xd_official/i3d-features/RGB/Braveheart.1995__#00-41-00_00-44-30_label_B5-B1-0,315,1,abuse|fighting
Jason.Bourne.2016__#0-14-41_0-15-57_label_B1-0-0,train,/home/aarf101/xd_official/i3d-features/RGB/Jason.Bourne.2016__#0-14-41_0-15-57_label_B1-0-0,114,1,fighting
v=7WO1qIXLan4__#1_label_B1-0-0,train,/home/aarf101/xd_official/i3d-features/RGB/v=7WO1qIXLan4__#1_label_B1-0-0,448,1,fighting
Deadpool.2016__#0-13-36_0-14-22_label_B1-0-0,train,/home/aarf101/xd_official/i3d-features/RGB/Deadpool.2016__#0-13-36_0-14-22_label_B1-0-0,69,1,fighting
Taken.Extended.Cut.2008__#00-01-33_00-04-35_label_A,train,/home/aarf101/xd_official/i3d-features/RGB/Taken.Extended.Cut.2008__#00-01-33_00-04-35_label_A,273,0,
Fast.Five.2011__#01-55-07_01-58-50_label_A,train,/home/aarf101/xd_official/i3d-features/RGB/Fast.Five.2011__#01-55-07_01-58-50_label_A,334,0,
v=Wnu-7jcaHvo__#1_label_G-0-0,train,/home/aarf101/xd_official/i3d-features/RGB/v=Wnu-7jcaHvo__#1_label_G-0-0,126,1,explosion
Casino.Royale.2006__#00-11-35_00-12-05_label_B2-B6-0,train,/home/aarf101/xd_official/i3d-features/RGB/Casino.Royale.2006__#00-11-35_00-12-05_label_B2-B6-0,45,1,shooting|car_accident
v=nRWweMDjnKo__#00-03-34_00-06-34_label_B4-0-0,train,/home/aarf101/xd_official/i3d-features/RGB/v=nRWweMDjnKo__#00-03-34_00-06-34_label_B4-0-0,270,1,riot
v=7OM8znTZYkk__#1_label_B4-0-0,train,/home/aarf101/xd_official/i3d-features/RGB/v=7OM8znTZYkk__#1_label_B4-0-0,157,1,riot
v=4cw1WZxwJ3w__#1_label_A,train,/home/aarf101/xd_official/i3d-features/RGB/v=4cw1WZxwJ3w__#1_label_A,261,0,
Spectre.2015__#02-04-25_02-05-13_label_A,train,/home/aarf101/xd_official/i3d-features/RGB/Spectre.2015__#02-04-25_02-05-13_label_A,72,0,
Kingsman.The.Golden.Circle.2017__#01-11-34_01-13-28_label_B1-0-0,train,/home/aarf101/xd_official/i3d-features/RGB/Kingsman.The.Golden.Circle.2017__#01-11-34_01-13-28_label_B1-0-0,171,1,fighting
v=0qtIjyt-7wg__#00-03-00_00-03-55_label_B6-0-0,train,/home/aarf101/xd_official/i3d-features/RGB/v=0qtIjyt-7wg__#00-03-00_00-03-55_label_B6-0-0,82,1,car_accident
v=c7reNk6O0ns__#1_label_B4-0-0,train,/home/aarf101/xd_official/i3d-features/RGB/v=c7reNk6O0ns__#1_label_B4-0-0,8581,1,riot
v=2Rr21qkZEDQ__#00-10-20_00-12-45_label_B6-0-0,train,/home/aarf101/xd_official/i3d-features/RGB/v=2Rr21qkZEDQ__#00-10-20_00-12-45_label_B6-0-0,217,1,car_accident
The.Intouchables.2011__#01-39-05_01-41-00_label_A,train,/home/aarf101/xd_official/i3d-features/RGB/The.Intouchables.2011__#01-39-05_01-41-00_label_A,172,0,
v=7pN6q83gl7E__#1_label_B1-0-0,train,/home/aarf101/xd_official/i3d-features/RGB/v=7pN6q83gl7E__#1_label_B1-0-0,233,1,fighting
v=SMy2_qNO2Y0__#00-03-13_00-07-07_label_G-0-0,train,/home/aarf101/xd_official/i3d-features/RGB/v=SMy2_qNO2Y0__#00-03-13_00-07-07_label_G-0-0,351,1,explosion
Crank.Dircut.2006__#0-29-02_0-29-32_label_B2-0-0,train,/home/aarf101/xd_official/i3d-features/RGB/Crank.Dircut.2006__#0-29-02_0-29-32_label_B2-0-0,45,1,shooting
v=idoD_tYTKtc__#00-03-00_00-04-09_label_B6-0-0,train,/home/aarf101/xd_official/i3d-features/RGB/v=idoD_tYTKtc__#00-03-00_00-04-09_label_B6-0-0,103,1,car_accident
v=vsI_pKNcgeQ__#00-21-00_00-24-00_label_A,train,/home/aarf101/xd_official/i3d-features/RGB/v=vsI_pKNcgeQ__#00-21-00_00-24-00_label_A,270,0,
Bullet.in.the.Head.1990__#01-21-37_01-25-26_label_B2-0-0,train,/home/aarf101/xd_official/i3d-features/RGB/Bullet.in.the.Head.1990__#01-21-37_01-25-26_label_B2-0-0,343,1,shooting
Black.Hawk.Down.2001__#01-21-39_01-22-24_label_G-0-0,train,/home/aarf101/xd_official/i3d-features/RGB/Black.Hawk.Down.2001__#01-21-39_01-22-24_label_G-0-0,67,1,explosion
v=n81Q_AzkVio__#1_label_B6-0-0,train,/home/aarf101/xd_official/i3d-features/RGB/v=n81Q_AzkVio__#1_label_B6-0-0,929,1,car_accident
v=eg4WO6-7tPw__#1_label_A,train,/home/aarf101/xd_official/i3d-features/RGB/v=eg4WO6-7tPw__#1_label_A,207,0,
v=hq_j5icEM9c__#1_label_A,train,/home/aarf101/xd_official/i3d-features/RGB/v=hq_j5icEM9c__#1_label_A,23,0,
v=f0i6Y0_365k__#1_label_B4-0-0,train,/home/aarf101/xd_official/i3d-features/RGB/v=f0i6Y0_365k__#1_label_B4-0-0,211,1,riot
v=E6JnJe8uJN8__#1_label_B6-0-0,train,/home/aarf101/xd_official/i3d-features/RGB/v=E6JnJe8uJN8__#1_label_B6-0-0,1017,1,car_accident
v=ZXWaa5TOqZo__#00-06-55_00-13-46_label_B4-0-0,train,/home/aarf101/xd_official/i3d-features/RGB/v=ZXWaa5TOqZo__#00-06-55_00-13-46_label_B4-0-0,616,1,riot
Bullet.in.the.Head.1990__#01-16-04_01-17-30_label_B2-G-0,train,/home/aarf101/xd_official/i3d-features/RGB/Bullet.in.the.Head.1990__#01-16-04_01-17-30_label_B2-G-0,128,1,shooting|explosion
Salt.2010__#00-24-24_00-24-37_label_G-0-0,train,/home/aarf101/xd_official/i3d-features/RGB/Salt.2010__#00-24-24_00-24-37_label_G-0-0,19,1,explosion
Sin.City.2005__#0-36-50_0-37-08_label_G-B2-0,train,/home/aarf101/xd_official/i3d-features/RGB/Sin.City.2005__#0-36-50_0-37-08_label_G-B2-0,27,1,explosion|shooting
v=UBXehaIFOpc__#1_label_B6-0-0,train,/home/aarf101/xd_official/i3d-features/RGB/v=UBXehaIFOpc__#1_label_B6-0-0,1025,1,car_accident
v=3DrY28VNPfE__#1_label_B1-0-0,train,/home/aarf101/xd_official/i3d-features/RGB/v=3DrY28VNPfE__#1_label_B1-0-0,83,1,fighting
City.Of.Men.2007__#01-33-01_01-34-12_label_A,train,/home/aarf101/xd_official/i3d-features/RGB/City.Of.Men.2007__#01-33-01_01-34-12_label_A,106,0,
v=frYpkIxBPNA__#1_label_A,train,/home/aarf101/xd_official/i3d-features/RGB/v=frYpkIxBPNA__#1_label_A,1300,0,
Hear.Me.2009__#00-33-52_00-38-31_label_A,train,/home/aarf101/xd_official/i3d-features/RGB/Hear.Me.2009__#00-33-52_00-38-31_label_A,418,0,
Spectre.2015__#00-05-40_00-06-05_label_B2-G-0,train,/home/aarf101/xd_official/i3d-features/RGB/Spectre.2015__#00-05-40_00-06-05_label_B2-G-0,37,1,shooting|explosion
Still.Walking.2008__#00-04-20_00-05-35_label_A,train,/home/aarf101/xd_official/i3d-features/RGB/Still.Walking.2008__#00-04-20_00-05-35_label_A,112,0,
v=0k7z2syu-4g__#1_label_A,train,/home/aarf101/xd_official/i3d-features/RGB/v=0k7z2syu-4g__#1_label_A,1047,0,
v=2att1HJqH2o__#1_label_B4-0-0,train,/home/aarf101/xd_official/i3d-features/RGB/v=2att1HJqH2o__#1_label_B4-0-0,209,1,riot
v=6R5hQkU83p4__#1_label_A,train,/home/aarf101/xd_official/i3d-features/RGB/v=6R5hQkU83p4__#1_label_A,261,0,
v=lrwKV07iQLE__#1_label_B4-0-0,train,/home/aarf101/xd_official/i3d-features/RGB/v=lrwKV07iQLE__#1_label_B4-0-0,1818,1,riot
v=aPcQ_nhCi2w__#1_label_G-0-0,train,/home/aarf101/xd_official/i3d-features/RGB/v=aPcQ_nhCi2w__#1_label_G-0-0,30,1,explosion
v=b1XGPvbWn0A__#1_label_A,train,/home/aarf101/xd_official/i3d-features/RGB/v=b1XGPvbWn0A__#1_label_A,174,0,
Jason.Bourne.2016__#0-23-49_0-25-22_label_B4-0-0,train,/home/aarf101/xd_official/i3d-features/RGB/Jason.Bourne.2016__#0-23-49_0-25-22_label_B4-0-0,139,1,riot
Lord.of.War__#01-20-45_01-21-45_label_B2-0-0,train,/home/aarf101/xd_official/i3d-features/RGB/Lord.of.War__#01-20-45_01-21-45_label_B2-0-0,90,1,shooting
Operation.Red.Sea.2018__#01-02-13_01-02-22_label_G-0-0,train,/home/aarf101/xd_official/i3d-features/RGB/Operation.Red.Sea.2018__#01-02-13_01-02-22_label_G-0-0,13,1,explosion
Haywire.2011__#00-05-37_00-07-13_label_A,train,/home/aarf101/xd_official/i3d-features/RGB/Haywire.2011__#00-05-37_00-07-13_label_A,143,0,
v=maP0CAhL_3k__#1_label_B4-0-0,train,/home/aarf101/xd_official/i3d-features/RGB/v=maP0CAhL_3k__#1_label_B4-0-0,79,1,riot
v=vbLIiYsa0Ik__#1_label_A,train,/home/aarf101/xd_official/i3d-features/RGB/v=vbLIiYsa0Ik__#1_label_A,321,0,
v=Yr41_8QOTF8__#00-33-00_00-36-00_label_A,train,/home/aarf101/xd_official/i3d-features/RGB/v=Yr41_8QOTF8__#00-33-00_00-36-00_label_A,270,0,
v=kVl-6-A9ZO4__#00-04-11_00-05-09_label_B6-0-0,train,/home/aarf101/xd_official/i3d-features/RGB/v=kVl-6-A9ZO4__#00-04-11_00-05-09_label_B6-0-0,87,1,car_accident
Taken.Extended.Cut.2008__#01-22-50_01-23-22_label_B2-0-0,train,/home/aarf101/xd_official/i3d-features/RGB/Taken.Extended.Cut.2008__#01-22-50_01-23-22_label_B2-0-0,48,1,shooting
Kingsman.The.Secret.Service.2014__#01-52-00_01-52-50_label_B1-B2-0,train,/home/aarf101/xd_official/i3d-features/RGB/Kingsman.The.Secret.Service.2014__#01-52-00_01-52-50_label_B1-B2-0,74,1,fighting|shooting
v=8EeTfiBWZzU__#1_label_A,train,/home/aarf101/xd_official/i3d-features/RGB/v=8EeTfiBWZzU__#1_label_A,901,0,
v=U_VfMqGGqlE__#00-07-11_00-08-35_label_B6-0-0,train,/home/aarf101/xd_official/i3d-features/RGB/v=U_VfMqGGqlE__#00-07-11_00-08-35_label_B6-0-0,126,1,car_accident
v=XjuvJ6in9kk__#1_label_B4-0-0,train,/home/aarf101/xd_official/i3d-features/RGB/v=XjuvJ6in9kk__#1_label_B4-0-0,344,1,riot
v=8My2FCJXno4__#1_label_A,train,/home/aarf101/xd_official/i3d-features/RGB/v=8My2FCJXno4__#1_label_A,296,0,
City.of.God.2002__#01-56-21_01-57-30_label_B2-0-0,train,/home/aarf101/xd_official/i3d-features/RGB/City.of.God.2002__#01-56-21_01-57-30_label_B2-0-0,103,1,shooting
Ip.Man.3.2015__#00-11-16_00-12-16_label_A,train,/home/aarf101/xd_official/i3d-features/RGB/Ip.Man.3.2015__#00-11-16_00-12-16_label_A,89,0,
Taken.2.UNRATED.EXTENDED.2012__#01-06-50_01-07-40_label_B2-B6-0,train,/home/aarf101/xd_official/i3d-features/RGB/Taken.2.UNRATED.EXTENDED.2012__#01-06-50_01-07-40_label_B2-B6-0,74,1,shooting|car_accident
v=GqMh_HBNWZE__#00-06-10_00-07-19_label_B6-0-0,train,/home/aarf101/xd_official/i3d-features/RGB/v=GqMh_HBNWZE__#00-06-10_00-07-19_label_B6-0-0,103,1,car_accident
Taken.3.2014__#01-11-58_01-12-45_label_B1-B2-0,train,/home/aarf101/xd_official/i3d-features/RGB/Taken.3.2014__#01-11-58_01-12-45_label_B1-B2-0,70,1,fighting|shooting
Skyfall.2012__#00-25-40_00-27-42_label_A,train,/home/aarf101/xd_official/i3d-features/RGB/Skyfall.2012__#00-25-40_00-27-42_label_A,183,0,
v=L94knHdVxbo__#1_label_B4-0-0,train,/home/aarf101/xd_official/i3d-features/RGB/v=L94knHdVxbo__#1_label_B4-0-0,210,1,riot
v=uBXprlsmd18__#00-16-10_00-20-09_label_B6-0-0,train,/home/aarf101/xd_official/i3d-features/RGB/v=uBXprlsmd18__#00-16-10_00-20-09_label_B6-0-0,358,1,car_accident
v=9eME1y6V-T4__#02-12-00_02-18-00_label_A,train,/home/aarf101/xd_official/i3d-features/RGB/v=9eME1y6V-T4__#02-12-00_02-18-00_label_A,540,0,
v=TOEVc-pOEwM__#00-02-00_00-02-52_label_B6-0-0,train,/home/aarf101/xd_official/i3d-features/RGB/v=TOEVc-pOEwM__#00-02-00_00-02-52_label_B6-0-0,78,1,car_accident
v=ziUW4DM40Qg__#1_label_A,train,/home/aarf101/xd_official/i3d-features/RGB/v=ziUW4DM40Qg__#1_label_A,309,0,
v=Znef2C1jHvs__#1_label_B4-0-0,train,/home/aarf101/xd_official/i3d-features/RGB/v=Znef2C1jHvs__#1_label_B4-0-0,339,1,riot
Fast.Furious.2009__#01-10-19_01-11-25_label_B1-0-0,train,/home/aarf101/xd_official/i3d-features/RGB/Fast.Furious.2009__#01-10-19_01-11-25_label_B1-0-0,99,1,fighting
Your.Name.2016__#01-09-30_01-16-59_label_A,train,/home/aarf101/xd_official/i3d-features/RGB/Your.Name.2016__#01-09-30_01-16-59_label_A,673,0,
v=TBGDuYdK_yA__#1_label_B6-0-0,train,/home/aarf101/xd_official/i3d-features/RGB/v=TBGDuYdK_yA__#1_label_B6-0-0,902,1,car_accident
v=yQV7LaFD7Vk__#1_label_A,train,/home/aarf101/xd_official/i3d-features/RGB/v=yQV7LaFD7Vk__#1_label_A,309,0,
v=27FH-nXP1xU__#1_label_B1-0-0,train,/home/aarf101/xd_official/i3d-features/RGB/v=27FH-nXP1xU__#1_label_B1-0-0,181,1,fighting
Jason.Bourne.2016__#0-05-33_0-07-56_label_A,train,/home/aarf101/xd_official/i3d-features/RGB/Jason.Bourne.2016__#0-05-33_0-07-56_label_A,214,0,
Still.Walking.2008__#00-25-20_00-29-40_label_A,train,/home/aarf101/xd_official/i3d-features/RGB/Still.Walking.2008__#00-25-20_00-29-40_label_A,390,0,
Be.with.You.2018__#00-20-35_00-23-06_label_A,train,/home/aarf101/xd_official/i3d-features/RGB/Be.with.You.2018__#00-20-35_00-23-06_label_A,226,0,
Thelma...Louise.1991__#00-21-25_00-21-50_label_B2-0-0,train,/home/aarf101/xd_official/i3d-features/RGB/Thelma...Louise.1991__#00-21-25_00-21-50_label_B2-0-0,37,1,shooting
v=K4XvpPwAN4A__#1_label_G-0-0,train,/home/aarf101/xd_official/i3d-features/RGB/v=K4XvpPwAN4A__#1_label_G-0-0,420,1,explosion
v=CJWl6Hcco_E__#1_label_A,train,/home/aarf101/xd_official/i3d-features/RGB/v=CJWl6Hcco_E__#1_label_A,631,0,
Yellow.Sea.2010__#00-13-00_00-14-07_label_A,train,/home/aarf101/xd_official/i3d-features/RGB/Yellow.Sea.2010__#00-13-00_00-14-07_label_A,100,0,
v=ZoS8gm5OcOM__#00-01-00_00-02-30_label_B6-0-0,train,/home/aarf101/xd_official/i3d-features/RGB/v=ZoS8gm5OcOM__#00-01-00_00-02-30_label_B6-0-0,135,1,car_accident
Young.And.Dangerous.III.1996__#01-04-49_01-05-40_label_B1-0-0,train,/home/aarf101/xd_official/i3d-features/RGB/Young.And.Dangerous.III.1996__#01-04-49_01-05-40_label_B1-0-0,76,1,fighting
Skyfall.2012__#01-37-43_01-38-07_label_G-0-0,train,/home/aarf101/xd_official/i3d-features/RGB/Skyfall.2012__#01-37-43_01-38-07_label_G-0-0,36,1,explosion
Crank.Dircut.2006__#01-03-52_01-04-23_label_B2-0-0,train,/home/aarf101/xd_official/i3d-features/RGB/Crank.Dircut.2006__#01-03-52_01-04-23_label_B2-0-0,46,1,shooting
v=bEShlfxB1Ik__#00-01-50_00-03-13_label_G-0-0,train,/home/aarf101/xd_official/i3d-features/RGB/v=bEShlfxB1Ik__#00-01-50_00-03-13_label_G-0-0,124,1,explosion
Bad.Boys.II.2003__#02-05-15_02-05-36_label_A,train,/home/aarf101/xd_official/i3d-features/RGB/Bad.Boys.II.2003__#02-05-15_02-05-36_label_A,31,0,
v=jpmQSeObStc__#00-05-24_00-06-07_label_B6-0-0,train,/home/aarf101/xd_official/i3d-features/RGB/v=jpmQSeObStc__#00-05-24_00-06-07_label_B6-0-0,64,1,car_accident
Braveheart.1995__#02-13-10_02-14-40_label_A,train,/home/aarf101/xd_official/i3d-features/RGB/Braveheart.1995__#02-13-10_02-14-40_label_A,135,0,
The.Secret.Life.of.Walter.Mitty.2013__#00-11-00_00-15-08_label_A,train,/home/aarf101/xd_official/i3d-features/RGB/The.Secret.Life.of.Walter.Mitty.2013__#00-11-00_00-15-08_label_A,372,0,
City.of.God.2002__#00-54-17_00-55-05_label_B2-0-0,train,/home/aarf101/xd_official/i3d-features/RGB/City.of.God.2002__#00-54-17_00-55-05_label_B2-0-0,71,1,shooting
The.Attorney.2013__#01-17-00_01-19-40_label_A,train,/home/aarf101/xd_official/i3d-features/RGB/The.Attorney.2013__#01-17-00_01-19-40_label_A,240,0,
v=VRn8Tc02TbU__#00-15-00_00-18-00_label_A,train,/home/aarf101/xd_official/i3d-features/RGB/v=VRn8Tc02TbU__#00-15-00_00-18-00_label_A,270,0,
v=Y5z-lRvfXUA__#1_label_A,train,/home/aarf101/xd_official/i3d-features/RGB/v=Y5z-lRvfXUA__#1_label_A,265,0,
v=uBXprlsmd18__#00-01-00_00-02-45_label_B6-0-0,train,/home/aarf101/xd_official/i3d-features/RGB/v=uBXprlsmd18__#00-01-00_00-02-45_label_B6-0-0,157,1,car_accident
The.Intouchables.2011__#00-20-35_00-23-06_label_A,train,/home/aarf101/xd_official/i3d-features/RGB/The.Intouchables.2011__#00-20-35_00-23-06_label_A,226,0,
God.Bless.America.2011__#00-14-02_00-18-05_label_A,train,/home/aarf101/xd_official/i3d-features/RGB/God.Bless.America.2011__#00-14-02_00-18-05_label_A,364,0,
v=KNM8w4kFiB0__#1_label_A,train,/home/aarf101/xd_official/i3d-features/RGB/v=KNM8w4kFiB0__#1_label_A,1614,0,
Young.And.Dangerous.III.1996__#01-21-34_01-21-42_label_G-0-0,train,/home/aarf101/xd_official/i3d-features/RGB/Young.And.Dangerous.III.1996__#01-21-34_01-21-42_label_G-0-0,12,1,explosion
v=736O4Hz4Nk4__#1_label_G-0-0,train,/home/aarf101/xd_official/i3d-features/RGB/v=736O4Hz4Nk4__#1_label_G-0-0,300,1,explosion
v=CUowt8pwRCM__#1_label_A,train,/home/aarf101/xd_official/i3d-features/RGB/v=CUowt8pwRCM__#1_label_A,171,0,
v=q6kaZzhD3nY__#1_label_A,train,/home/aarf101/xd_official/i3d-features/RGB/v=q6kaZzhD3nY__#1_label_A,20,0,
v=JmFOOK5rX6E__#1_label_A,train,/home/aarf101/xd_official/i3d-features/RGB/v=JmFOOK5rX6E__#1_label_A,135,0,
v=y7JEq-kf-2I__#00-01-00_00-01-50_label_A,train,/home/aarf101/xd_official/i3d-features/RGB/v=y7JEq-kf-2I__#00-01-00_00-01-50_label_A,74,0,
Operation.Red.Sea.2018__#0-55-04_0-56-25_label_B2-0-0,train,/home/aarf101/xd_official/i3d-features/RGB/Operation.Red.Sea.2018__#0-55-04_0-56-25_label_B2-0-0,121,1,shooting
GoldenEye.1995__#01-28-03_01-28-24_label_G-0-0,train,/home/aarf101/xd_official/i3d-features/RGB/GoldenEye.1995__#01-28-03_01-28-24_label_G-0-0,31,1,explosion
Love.Me.If.You.Dare.2003__#00-23-50_00-24-31_label_A,train,/home/aarf101/xd_official/i3d-features/RGB/Love.Me.If.You.Dare.2003__#00-23-50_00-24-31_label_A,61,0,
Sin.City.2005__#0-15-15_0-16-11_label_B1-B2-B6,train,/home/aarf101/xd_official/i3d-features/RGB/Sin.City.2005__#0-15-15_0-16-11_label_B1-B2-B6,84,1,fighting|shooting|car_accident
Love.Death.and.Robots.S01E02__#00-04-40_00-06-30_label_A,train,/home/aarf101/xd_official/i3d-features/RGB/Love.Death.and.Robots.S01E02__#00-04-40_00-06-30_label_A,164,0,
About.Time.2013__#00-20-35_00-23-06_label_A,train,/home/aarf101/xd_official/i3d-features/RGB/About.Time.2013__#00-20-35_00-23-06_label_A,226,0,
Bullet.in.the.Head.1990__#00-57-53_01-00-57_label_G-B2-0,train,/home/aarf101/xd_official/i3d-features/RGB/Bullet.in.the.Head.1990__#00-57-53_01-00-57_label_G-B2-0,276,1,explosion|shooting
The.Pursuit.of.Happyness.2006__#01-26-10_01-28-00_label_A,train,/home/aarf101/xd_official/i3d-features/RGB/The.Pursuit.of.Happyness.2006__#01-26-10_01-28-00_label_A,165,0,
v=fCnIw0aIYp4__#00-03-00_00-04-09_label_B6-0-0,train,/home/aarf101/xd_official/i3d-features/RGB/v=fCnIw0aIYp4__#00-03-00_00-04-09_label_B6-0-0,103,1,car_accident
v=YIIhaaPXpVI__#1_label_B1-0-0,train,/home/aarf101/xd_official/i3d-features/RGB/v=YIIhaaPXpVI__#1_label_B1-0-0,122,1,fighting
Skyfall.2012__#00-08-30_00-08-50_label_B2-0-0,train,/home/aarf101/xd_official/i3d-features/RGB/Skyfall.2012__#00-08-30_00-08-50_label_B2-0-0,30,1,shooting
v=ADQNFs9bfFk__#00-03-03_00-04-55_label_B4-0-0,train,/home/aarf101/xd_official/i3d-features/RGB/v=ADQNFs9bfFk__#00-03-03_00-04-55_label_B4-0-0,168,1,riot
v=qo-ph1-SAnQ__#1_label_G-0-0,train,/home/aarf101/xd_official/i3d-features/RGB/v=qo-ph1-SAnQ__#1_label_G-0-0,66,1,explosion
Saving.Private.Ryan.1998__#00-23-55_00-24-06_label_G-0-0,train,/home/aarf101/xd_official/i3d-features/RGB/Saving.Private.Ryan.1998__#00-23-55_00-24-06_label_G-0-0,16,1,explosion
Fast.Furious.6.2013__#00-53-55_00-55-16_label_A,train,/home/aarf101/xd_official/i3d-features/RGB/Fast.Furious.6.2013__#00-53-55_00-55-16_label_A,121,0,
v=idoD_tYTKtc__#00-00-00_00-00-51_label_B6-0-0,train,/home/aarf101/xd_official/i3d-features/RGB/v=idoD_tYTKtc__#00-00-00_00-00-51_label_B6-0-0,76,1,car_accident
v=PyMgIpzcqVA__#1_label_A,train,/home/aarf101/xd_official/i3d-features/RGB/v=PyMgIpzcqVA__#1_label_A,207,0,
Fast.Furious.6.2013__#01-54-05_01-56-30_label_G-B6-0,train,/home/aarf101/xd_official/i3d-features/RGB/Fast.Furious.6.2013__#01-54-05_01-56-30_label_G-B6-0,217,1,explosion|car_accident
v=8cTqh9tMz_I__#1_label_A,train,/home/aarf101/xd_official/i3d-features/RGB/v=8cTqh9tMz_I__#1_label_A,261,0,
Mindhunters.2004__#01-26-00_01-26-50_label_B1-0-0,train,/home/aarf101/xd_official/i3d-features/RGB/Mindhunters.2004__#01-26-00_01-26-50_label_B1-0-0,75,1,fighting
Rush.Hour.3.2007.BluRay__#01-17-08_01-17-48_label_B1-B2-0,train,/home/aarf101/xd_official/i3d-features/RGB/Rush.Hour.3.2007.BluRay__#01-17-08_01-17-48_label_B1-B2-0,60,1,fighting|shooting
Tropa.de.Elite.2007__#00-19-31_00-22-31_label_A,train,/home/aarf101/xd_official/i3d-features/RGB/Tropa.de.Elite.2007__#00-19-31_00-22-31_label_A,269,0,
v=SdYFFo_tsfk__#01-00-00_01-06-00_label_A,train,/home/aarf101/xd_official/i3d-features/RGB/v=SdYFFo_tsfk__#01-00-00_01-06-00_label_A,540,0,
v=f9FMKnfEF2Y__#1_label_B4-0-0,train,/home/aarf101/xd_official/i3d-features/RGB/v=f9FMKnfEF2Y__#1_label_B4-0-0,156,1,riot
Young.And.Dangerous.I.1996__#0-15-16_0-15-30_label_A,train,/home/aarf101/xd_official/i3d-features/RGB/Young.And.Dangerous.I.1996__#0-15-16_0-15-30_label_A,21,0,
v=-pvf8ftpRWg__#1_label_B4-0-0,train,/home/aarf101/xd_official/i3d-features/RGB/v=-pvf8ftpRWg__#1_label_B4-0-0,905,1,riot
Rush.Hour.3.2007.BluRay__#00-55-12_00-58-10_label_A,train,/home/aarf101/xd_official/i3d-features/RGB/Rush.Hour.3.2007.BluRay__#00-55-12_00-58-10_label_A,267,0,
Deadpool.2.2018__#0-59-16_0-59-23_label_G-0-0,train,/home/aarf101/xd_official/i3d-features/RGB/Deadpool.2.2018__#0-59-16_0-59-23_label_G-0-0,10,1,explosion
Brick.Mansions.2014__#01-15-01_01-16-45_label_B1-0-0,train,/home/aarf101/xd_official/i3d-features/RGB/Brick.Mansions.2014__#01-15-01_01-16-45_label_B1-0-0,155,1,fighting
v=_YobflFU_HU__#00-01-00_00-02-45_label_B6-0-0,train,/home/aarf101/xd_official/i3d-features/RGB/v=_YobflFU_HU__#00-01-00_00-02-45_label_B6-0-0,157,1,car_accident
Hot.Fuzz.2007__#01-28-58_01-29-28_label_A,train,/home/aarf101/xd_official/i3d-features/RGB/Hot.Fuzz.2007__#01-28-58_01-29-28_label_A,45,0,
Bullet.in.the.Head.1990__#00-31-50_00-33-20_label_A,train,/home/aarf101/xd_official/i3d-features/RGB/Bullet.in.the.Head.1990__#00-31-50_00-33-20_label_A,135,0,
v=i6ZQv7fVtl8__#1_label_B4-0-0,train,/home/aarf101/xd_official/i3d-features/RGB/v=i6ZQv7fVtl8__#1_label_B4-0-0,238,1,riot
v=MyThli8Qp0Y__#1_label_A,train,/home/aarf101/xd_official/i3d-features/RGB/v=MyThli8Qp0Y__#1_label_A,1998,0,
v=thqbWjiyGnU__#1_label_B4-0-0,train,/home/aarf101/xd_official/i3d-features/RGB/v=thqbWjiyGnU__#1_label_B4-0-0,223,1,riot
The.Bourne.Ultimatum.2007__#0-24-51_0-26-35_label_B2-0-0,train,/home/aarf101/xd_official/i3d-features/RGB/The.Bourne.Ultimatum.2007__#0-24-51_0-26-35_label_B2-0-0,156,1,shooting
v=qV4YYnXdQCc__#00-09-00_00-12-00_label_A,train,/home/aarf101/xd_official/i3d-features/RGB/v=qV4YYnXdQCc__#00-09-00_00-12-00_label_A,270,0,
Taken.3.2014__#01-27-08_01-28-25_label_A,train,/home/aarf101/xd_official/i3d-features/RGB/Taken.3.2014__#01-27-08_01-28-25_label_A,115,0,
v=rVZxrx_qxgA__#00-09-55_00-17-35_label_B4-0-0,train,/home/aarf101/xd_official/i3d-features/RGB/v=rVZxrx_qxgA__#00-09-55_00-17-35_label_B4-0-0,690,1,riot
Yellow.Sea.2010__#00-58-52_00-59-53_label_A,train,/home/aarf101/xd_official/i3d-features/RGB/Yellow.Sea.2010__#00-58-52_00-59-53_label_A,91,0,
The.Hurt.Locker.2008__#0-10-10_0-12-12_label_A,train,/home/aarf101/xd_official/i3d-features/RGB/The.Hurt.Locker.2008__#0-10-10_0-12-12_label_A,183,0,
v=yy-KIWDcBr4__#00-07-22_00-08-19_label_B6-0-0,train,/home/aarf101/xd_official/i3d-features/RGB/v=yy-KIWDcBr4__#00-07-22_00-08-19_label_B6-0-0,85,1,car_accident
v=uprb6aBzymw__#00-00-58_00-01-51_label_B4-0-0,train,/home/aarf101/xd_official/i3d-features/RGB/v=uprb6aBzymw__#00-00-58_00-01-51_label_B4-0-0,79,1,riot
v=I6lFieHFSgw__#1_label_B1-0-0,train,/home/aarf101/xd_official/i3d-features/RGB/v=I6lFieHFSgw__#1_label_B1-0-0,322,1,fighting
Before.Sunset.2004__#00-05-52_00-08-22_label_A,train,/home/aarf101/xd_official/i3d-features/RGB/Before.Sunset.2004__#00-05-52_00-08-22_label_A,225,0,
Good.Will.Hunting.1997__#00-31-05_00-32-05_label_A,train,/home/aarf101/xd_official/i3d-features/RGB/Good.Will.Hunting.1997__#00-31-05_00-32-05_label_A,90,0,
v=QaweJUx8pA4__#1_label_B4-0-0,train,/home/aarf101/xd_official/i3d-features/RGB/v=QaweJUx8pA4__#1_label_B4-0-0,175,1,riot
v=xRI9hkXy-48__#1_label_G-0-0,train,/home/aarf101/xd_official/i3d-features/RGB/v=xRI9hkXy-48__#1_label_G-0-0,292,1,explosion
v=MfgGJY_eZ4Q__#00-00-00_00-00-57_label_B4-0-0,train,/home/aarf101/xd_official/i3d-features/RGB/v=MfgGJY_eZ4Q__#00-00-00_00-00-57_label_B4-0-0,85,1,riot
v=U6GNhmLnjWU__#1_label_A,train,/home/aarf101/xd_official/i3d-features/RGB/v=U6GNhmLnjWU__#1_label_A,1543,0,
About.Time.2013__#00-04-20_00-05-35_label_A,train,/home/aarf101/xd_official/i3d-features/RGB/About.Time.2013__#00-04-20_00-05-35_label_A,112,0,
The.Attorney.2013__#00-08-55_00-10-50_label_A,train,/home/aarf101/xd_official/i3d-features/RGB/The.Attorney.2013__#00-08-55_00-10-50_label_A,172,0,
Taken.3.2014__#01-15-17_01-16-00_label_B5-0-0,train,/home/aarf101/xd_official/i3d-features/RGB/Taken.3.2014__#01-15-17_01-16-00_label_B5-0-0,64,1,abuse
v=KjBaxA1HBvQ__#1_label_A,train,/home/aarf101/xd_official/i3d-features/RGB/v=KjBaxA1HBvQ__#1_label_A,339,0,
v=RcTmLTQSBak__#1_label_A,train,/home/aarf101/xd_official/i3d-features/RGB/v=RcTmLTQSBak__#1_label_A,209,0,
Jason.Bourne.2016__#01-45-05_01-47-57_label_B1-0-0,train,/home/aarf101/xd_official/i3d-features/RGB/Jason.Bourne.2016__#01-45-05_01-47-57_label_B1-0-0,257,1,fighting
v=NCWunnJXdm0__#00-02-06_00-03-33_label_G-0-0,train,/home/aarf101/xd_official/i3d-features/RGB/v=NCWunnJXdm0__#00-02-06_00-03-33_label_G-0-0,130,1,explosion
Rush.Hour.1998.BluRay__#00-43-05_00-43-36_label_G-0-0,train,/home/aarf101/xd_official/i3d-features/RGB/Rush.Hour.1998.BluRay__#00-43-05_00-43-36_label_G-0-0,46,1,explosion
Before.Sunrise.1995__#00-11-00_00-15-08_label_A,train,/home/aarf101/xd_official/i3d-features/RGB/Before.Sunrise.1995__#00-11-00_00-15-08_label_A,372,0,
v=DH-sUloTvG0__#1_label_B6-0-0,train,/home/aarf101/xd_official/i3d-features/RGB/v=DH-sUloTvG0__#1_label_B6-0-0,270,1,car_accident
v=nLAapCIlr-o__#00-01-00_00-02-45_label_B6-0-0,train,/home/aarf101/xd_official/i3d-features/RGB/v=nLAapCIlr-o__#00-01-00_00-02-45_label_B6-0-0,157,1,car_accident
Young.And.Dangerous.III.1996__#00-55-58_00-57-17_label_B2-0-0,train,/home/aarf101/xd_official/i3d-features/RGB/Young.And.Dangerous.III.1996__#00-55-58_00-57-17_label_B2-0-0,118,1,shooting
Mission.Impossible.II.2000__#00-51-08_00-51-35_label_B5-0-0,train,/home/aarf101/xd_official/i3d-features/RGB/Mission.Impossible.II.2000__#00-51-08_00-51-35_label_B5-0-0,40,1,abuse
v=k_BMu4MwItI__#1_label_A,train,/home/aarf101/xd_official/i3d-features/RGB/v=k_BMu4MwItI__#1_label_A,669,0,
v=WDCSolzDRTU__#1_label_A,train,/home/aarf101/xd_official/i3d-features/RGB/v=WDCSolzDRTU__#1_label_A,75,0,
The.Bourne.Supremacy.2004__#01-17-32_01-18-02_label_B2-0-0,train,/home/aarf101/xd_official/i3d-features/RGB/The.Bourne.Supremacy.2004__#01-17-32_01-18-02_label_B2-0-0,45,1,shooting
v=Ez5XEgBSnHc__#1_label_A,train,/home/aarf101/xd_official/i3d-features/RGB/v=Ez5XEgBSnHc__#1_label_A,272,0,
Taken.Extended.Cut.2008__#01-27-31_01-28-02_label_A,train,/home/aarf101/xd_official/i3d-features/RGB/Taken.Extended.Cut.2008__#01-27-31_01-28-02_label_A,46,0,
v=cvEJ5WFk2KE__#00-27-00_00-30-22_label_A,train,/home/aarf101/xd_official/i3d-features/RGB/v=cvEJ5WFk2KE__#00-27-00_00-30-22_label_A,303,0,
v=dzEM_e9ZKJ8__#1_label_A,train,/home/aarf101/xd_official/i3d-features/RGB/v=dzEM_e9ZKJ8__#1_label_A,417,0,
v=5Rtsav021Rs__#00-06-00_00-09-00_label_A,train,/home/aarf101/xd_official/i3d-features/RGB/v=5Rtsav021Rs__#00-06-00_00-09-00_label_A,270,0,
v=m7eOf-BSskk__#1_label_A,train,/home/aarf101/xd_official/i3d-features/RGB/v=m7eOf-BSskk__#1_label_A,351,0,
Love.Me.If.You.Dare.2003__#00-59-50_01-01-45_label_A,train,/home/aarf101/xd_official/i3d-features/RGB/Love.Me.If.You.Dare.2003__#00-59-50_01-01-45_label_A,172,0,
v=7q4Yj0O9DXo__#1_label_B6-0-0,train,/home/aarf101/xd_official/i3d-features/RGB/v=7q4Yj0O9DXo__#1_label_B6-0-0,430,1,car_accident
v=oNHEAtcrn4c__#1_label_A,train,/home/aarf101/xd_official/i3d-features/RGB/v=oNHEAtcrn4c__#1_label_A,291,0,
v=fVCA9TXHDxE__#1_label_B4-0-0,train,/home/aarf101/xd_official/i3d-features/RGB/v=fVCA9TXHDxE__#1_label_B4-0-0,403,1,riot
Skyfall.2012__#01-07-38_01-08-17_label_A,train,/home/aarf101/xd_official/i3d-features/RGB/Skyfall.2012__#01-07-38_01-08-17_label_A,58,0,
v=LxWWnIuUaMY__#1_label_B4-0-0,train,/home/aarf101/xd_official/i3d-features/RGB/v=LxWWnIuUaMY__#1_label_B4-0-0,676,1,riot
v=XtaWdc_oxsY__#1_label_A,train,/home/aarf101/xd_official/i3d-features/RGB/v=XtaWdc_oxsY__#1_label_A,308,0,
v=qr7e5aqvNmQ__#00-03-00_00-04-09_label_B6-0-0,train,/home/aarf101/xd_official/i3d-features/RGB/v=qr7e5aqvNmQ__#00-03-00_00-04-09_label_B6-0-0,103,1,car_accident
v=nSGwiA89DYw__#00-05-20_00-06-40_label_B6-0-0,train,/home/aarf101/xd_official/i3d-features/RGB/v=nSGwiA89DYw__#00-05-20_00-06-40_label_B6-0-0,120,1,car_accident
v=PN8JBYID9hU__#1_label_A,train,/home/aarf101/xd_official/i3d-features/RGB/v=PN8JBYID9hU__#1_label_A,256,0,
v=tlFJIG9mTGQ__#00-00-00_00-03-00_label_A,train,/home/aarf101/xd_official/i3d-features/RGB/v=tlFJIG9mTGQ__#00-00-00_00-03-00_label_A,270,0,
v=sgYJ3bqSkN8__#1_label_A,train,/home/aarf101/xd_official/i3d-features/RGB/v=sgYJ3bqSkN8__#1_label_A,308,0,
v=EocJm3Dry4E__#1_label_A,train,/home/aarf101/xd_official/i3d-features/RGB/v=EocJm3Dry4E__#1_label_A,262,0,
v=Dn_SDu22WpM__#00-01-00_00-02-45_label_B6-0-0,train,/home/aarf101/xd_official/i3d-features/RGB/v=Dn_SDu22WpM__#00-01-00_00-02-45_label_B6-0-0,157,1,car_accident
Bullet.in.the.Head.1990__#01-55-45_01-57-12_label_A,train,/home/aarf101/xd_official/i3d-features/RGB/Bullet.in.the.Head.1990__#01-55-45_01-57-12_label_A,130,0,
v=DD3jfKr8e-k__#00-01-40_00-04-27_label_B4-0-0,train,/home/aarf101/xd_official/i3d-features/RGB/v=DD3jfKr8e-k__#00-01-40_00-04-27_label_B4-0-0,250,1,riot
v=X4I8FhpGJwo__#00-03-00_00-03-50_label_B6-0-0,train,/home/aarf101/xd_official/i3d-features/RGB/v=X4I8FhpGJwo__#00-03-00_00-03-50_label_B6-0-0,75,1,car_accident
The.Bourne.Ultimatum.2007__#01-14-45_01-15-50_label_A,train,/home/aarf101/xd_official/i3d-features/RGB/The.Bourne.Ultimatum.2007__#01-14-45_01-15-50_label_A,97,0,
Election.2005__#01-19-48_01-21-18_label_A,train,/home/aarf101/xd_official/i3d-features/RGB/Election.2005__#01-19-48_01-21-18_label_A,134,0,
Young.And.Dangerous.IV.1997__#0-47-40_0-48-55_label_B6-0-0,train,/home/aarf101/xd_official/i3d-features/RGB/Young.And.Dangerous.IV.1997__#0-47-40_0-48-55_label_B6-0-0,112,1,car_accident
v=hz-OfnN72OU__#1_label_A,train,/home/aarf101/xd_official/i3d-features/RGB/v=hz-OfnN72OU__#1_label_A,342,0,
Deadpool.2016__#0-30-17_0-31-51_label_A,train,/home/aarf101/xd_official/i3d-features/RGB/Deadpool.2016__#0-30-17_0-31-51_label_A,141,0,
v=hqxvfkmQWko__#1_label_A,train,/home/aarf101/xd_official/i3d-features/RGB/v=hqxvfkmQWko__#1_label_A,271,0,
City.Of.Men.2007__#00-53-50_00-54-30_label_B2-0-0,train,/home/aarf101/xd_official/i3d-features/RGB/City.Of.Men.2007__#00-53-50_00-54-30_label_B2-0-0,60,1,shooting
v=4C5rQu7yvJo__#1_label_B1-0-0,train,/home/aarf101/xd_official/i3d-features/RGB/v=4C5rQu7yvJo__#1_label_B1-0-0,195,1,fighting
v=shph7ZJb9tU__#1_label_B6-0-0,train,/home/aarf101/xd_official/i3d-features/RGB/v=shph7ZJb9tU__#1_label_B6-0-0,1324,1,car_accident
The.Fast.and.the.Furious.2001__#00-09-25_00-10-20_label_A,train,/home/aarf101/xd_official/i3d-features/RGB/The.Fast.and.the.Furious.2001__#00-09-25_00-10-20_label_A,82,0,
Operation.Red.Sea.2018__#0-47-28_0-48-15_label_A,train,/home/aarf101/xd_official/i3d-features/RGB/Operation.Red.Sea.2018__#0-47-28_0-48-15_label_A,70,0,
v=LHXgxw6OHX0__#1_label_A,train,/home/aarf101/xd_official/i3d-features/RGB/v=LHXgxw6OHX0__#1_label_A,1668,0,
Young.And.Dangerous.II.1996__#0-35-53_0-36-44_label_B1-0-0,train,/home/aarf101/xd_official/i3d-features/RGB/Young.And.Dangerous.II.1996__#0-35-53_0-36-44_label_B1-0-0,76,1,fighting
Skyfall.2012__#01-19-10_01-20-00_label_B2-0-0,train,/home/aarf101/xd_official/i3d-features/RGB/Skyfall.2012__#01-19-10_01-20-00_label_B2-0-0,75,1,shooting
Election.2005__#00-15-23_00-17-02_label_A,train,/home/aarf101/xd_official/i3d-features/RGB/Election.2005__#00-15-23_00-17-02_label_A,148,0,
v=fkps18H3SXY__#00-30-00_00-36-00_label_A,train,/home/aarf101/xd_official/i3d-features/RGB/v=fkps18H3SXY__#00-30-00_00-36-00_label_A,540,0,
The.Secret.Life.of.Walter.Mitty.2013__#00-51-55_00-55-16_label_A,train,/home/aarf101/xd_official/i3d-features/RGB/The.Secret.Life.of.Walter.Mitty.2013__#00-51-55_00-55-16_label_A,301,0,
v=xm1aLLUp4Fg__#1_label_B4-0-0,train,/home/aarf101/xd_official/i3d-features/RGB/v=xm1aLLUp4Fg__#1_label_B4-0-0,330,1,riot
Taken.3.2014__#01-06-01_01-07-10_label_A,train,/home/aarf101/xd_official/i3d-features/RGB/Taken.3.2014__#01-06-01_01-07-10_label_A,103,0,
Tropa.de.Elite.2007__#00-12-10_00-13-30_label_A,train,/home/aarf101/xd_official/i3d-features/RGB/Tropa.de.Elite.2007__#00-12-10_00-13-30_label_A,120,0,
Mission.Impossible.II.2000__#01-28-24_01-29-00_label_B1-0-0,train,/home/aarf101/xd_official/i3d-features/RGB/Mission.Impossible.II.2000__#01-28-24_01-29-00_label_B1-0-0,54,1,fighting
v=tWpXvUb6AJY__#1_label_B4-0-0,train,/home/aarf101/xd_official/i3d-features/RGB/v=tWpXvUb6AJY__#1_label_B4-0-0,418,1,riot
Young.And.Dangerous.III.1996__#01-18-52_01-19-08_label_B1-0-0,train,/home/aarf101/xd_official/i3d-features/RGB/Young.And.Dangerous.III.1996__#01-18-52_01-19-08_label_B1-0-0,24,1,fighting
Mindhunters.2004__#01-09-00_01-09-53_label_A,train,/home/aarf101/xd_official/i3d-features/RGB/Mindhunters.2004__#01-09-00_01-09-53_label_A,79,0,
v=CqSDWoAhvLU__#1_label_A,train,/home/aarf101/xd_official/i3d-features/RGB/v=CqSDWoAhvLU__#1_label_A,259,0,
v=dKgM6YzASeE__#1_label_G-0-0,train,/home/aarf101/xd_official/i3d-features/RGB/v=dKgM6YzASeE__#1_label_G-0-0,128,1,explosion
v=vM1c_58e6jk__#1_label_B4-0-0,train,/home/aarf101/xd_official/i3d-features/RGB/v=vM1c_58e6jk__#1_label_B4-0-0,255,1,riot
Young.And.Dangerous.III.1996__#01-19-42_01-20-28_label_B2-B1-0,train,/home/aarf101/xd_official/i3d-features/RGB/Young.And.Dangerous.III.1996__#01-19-42_01-20-28_label_B2-B1-0,69,1,shooting|fighting
v=o4nYn7t1zns__#1_label_A,train,/home/aarf101/xd_official/i3d-features/RGB/v=o4nYn7t1zns__#1_label_A,267,0,
v=J24IP08SeXw__#1_label_A,train,/home/aarf101/xd_official/i3d-features/RGB/v=J24IP08SeXw__#1_label_A,511,0,
Shoplifters.2018__#00-20-35_00-23-06_label_A,train,/home/aarf101/xd_official/i3d-features/RGB/Shoplifters.2018__#00-20-35_00-23-06_label_A,226,0,
v=AqFWYZsOgWY__#00-00-00_00-03-00_label_A,train,/home/aarf101/xd_official/i3d-features/RGB/v=AqFWYZsOgWY__#00-00-00_00-03-00_label_A,270,0,
v=hxyhulJYz5I__#00-01-52_00-03-10_label_B6-0-0,train,/home/aarf101/xd_official/i3d-features/RGB/v=hxyhulJYz5I__#00-01-52_00-03-10_label_B6-0-0,117,1,car_accident
v=aBJJ9CDYqUc__#1_label_A,train,/home/aarf101/xd_official/i3d-features/RGB/v=aBJJ9CDYqUc__#1_label_A,275,0,
v=CWR3UhfYsSA__#1_label_A,train,/home/aarf101/xd_official/i3d-features/RGB/v=CWR3UhfYsSA__#1_label_A,284,0,
wangted.2008__#01-23-38_01-24-25_label_A,train,/home/aarf101/xd_official/i3d-features/RGB/wangted.2008__#01-23-38_01-24-25_label_A,70,0,
Gladiator.2000__#00-25-57_00-27-16_label_A,train,/home/aarf101/xd_official/i3d-features/RGB/Gladiator.2000__#00-25-57_00-27-16_label_A,118,0,
Casino.Royale.2006__#02-10-15_02-14-15_label_B2-B1-0,train,/home/aarf101/xd_official/i3d-features/RGB/Casino.Royale.2006__#02-10-15_02-14-15_label_B2-B1-0,360,1,shooting|fighting
Haywire.2011__#01-16-30_01-18-01_label_A,train,/home/aarf101/xd_official/i3d-features/RGB/Haywire.2011__#01-16-30_01-18-01_label_A,136,0,
v=id-k6p-QHPY__#1_label_B4-0-0,train,/home/aarf101/xd_official/i3d-features/RGB/v=id-k6p-QHPY__#1_label_B4-0-0,146,1,riot
v=fkps18H3SXY__#02-12-00_02-18-00_label_A,train,/home/aarf101/xd_official/i3d-features/RGB/v=fkps18H3SXY__#02-12-00_02-18-00_label_A,540,0,
City.of.God.2002__#01-10-36_01-11-40_label_A,train,/home/aarf101/xd_official/i3d-features/RGB/City.of.God.2002__#01-10-36_01-11-40_label_A,96,0,
v=Yr41_8QOTF8__#00-27-00_00-30-00_label_A,train,/home/aarf101/xd_official/i3d-features/RGB/v=Yr41_8QOTF8__#00-27-00_00-30-00_label_A,270,0,
v=66F2bVUq_zk__#00-01-00_00-02-45_label_B6-0-0,train,/home/aarf101/xd_official/i3d-features/RGB/v=66F2bVUq_zk__#00-01-00_00-02-45_label_B6-0-0,157,1,car_accident
v=cvEJ5WFk2KE__#00-09-00_00-12-00_label_A,train,/home/aarf101/xd_official/i3d-features/RGB/v=cvEJ5WFk2KE__#00-09-00_00-12-00_label_A,270,0,
Young.And.Dangerous.II.1996__#0-32-36_0-33-56_label_A,train,/home/aarf101/xd_official/i3d-features/RGB/Young.And.Dangerous.II.1996__#0-32-36_0-33-56_label_A,120,0,
The.World.Is.Not.Enough.1999__#00-24-30_00-26-00_label_A,train,/home/aarf101/xd_official/i3d-features/RGB/The.World.Is.Not.Enough.1999__#00-24-30_00-26-00_label_A,134,0,
v=50hbq24hGIM__#00-00-00_00-01-10_label_G-0-0,train,/home/aarf101/xd_official/i3d-features/RGB/v=50hbq24hGIM__#00-00-00_00-01-10_label_G-0-0,105,1,explosion
v=qmsQ-obL1Z4__#00-05-00_00-08-44_label_B6-0-0,train,/home/aarf101/xd_official/i3d-features/RGB/v=qmsQ-obL1Z4__#00-05-00_00-08-44_label_B6-0-0,335,1,car_accident
v=di_Ck1nrx1g__#1_label_G-0-0,train,/home/aarf101/xd_official/i3d-features/RGB/v=di_Ck1nrx1g__#1_label_G-0-0,109,1,explosion
v=1ifHYTW_AU0__#1_label_A,train,/home/aarf101/xd_official/i3d-features/RGB/v=1ifHYTW_AU0__#1_label_A,1441,0,
v=cGUCq5fpMGo__#1_label_B4-0-0,train,/home/aarf101/xd_official/i3d-features/RGB/v=cGUCq5fpMGo__#1_label_B4-0-0,103,1,riot
v=g36_mKRP3K0__#1_label_A,train,/home/aarf101/xd_official/i3d-features/RGB/v=g36_mKRP3K0__#1_label_A,192,0,
v=ycwXaZK_Wf0__#1_label_B4-0-0,train,/home/aarf101/xd_official/i3d-features/RGB/v=ycwXaZK_Wf0__#1_label_B4-0-0,169,1,riot
v=ZoS8gm5OcOM__#00-03-27_00-04-55_label_B6-0-0,train,/home/aarf101/xd_official/i3d-features/RGB/v=ZoS8gm5OcOM__#00-03-27_00-04-55_label_B6-0-0,132,1,car_accident
v=7QOdBpDrmKk__#00-14-10_00-14-49_label_B6-0-0,train,/home/aarf101/xd_official/i3d-features/RGB/v=7QOdBpDrmKk__#00-14-10_00-14-49_label_B6-0-0,58,1,car_accident
v=0vVOXlgHC1U__#01-00-00_01-06-00_label_A,train,/home/aarf101/xd_official/i3d-features/RGB/v=0vVOXlgHC1U__#01-00-00_01-06-00_label_A,540,0,
Fast.Furious.6.2013__#00-24-40_00-25-40_label_B2-0-0,train,/home/aarf101/xd_official/i3d-features/RGB/Fast.Furious.6.2013__#00-24-40_00-25-40_label_B2-0-0,90,1,shooting
v=8lr4JyJjsOk__#1_label_A,train,/home/aarf101/xd_official/i3d-features/RGB/v=8lr4JyJjsOk__#1_label_A,376,0,
v=vhACO_m5pH0__#00-22-42_00-24-10_label_B6-0-0,train,/home/aarf101/xd_official/i3d-features/RGB/v=vhACO_m5pH0__#00-22-42_00-24-10_label_B6-0-0,132,1,car_accident
v=0gdy9L5whEs__#1_label_B6-0-0,train,/home/aarf101/xd_official/i3d-features/RGB/v=0gdy9L5whEs__#1_label_B6-0-0,1317,1,car_accident
v=vFPQ_NiDBIU__#02-18-00_02-24-00_label_A,train,/home/aarf101/xd_official/i3d-features/RGB/v=vFPQ_NiDBIU__#02-18-00_02-24-00_label_A,539,0,
v=vW34Es48fcs__#1_label_A,train,/home/aarf101/xd_official/i3d-features/RGB/v=vW34Es48fcs__#1_label_A,120,0,
Fast.Furious.6.2013__#01-51-35_01-53-02_label_B1-B6-0,train,/home/aarf101/xd_official/i3d-features/RGB/Fast.Furious.6.2013__#01-51-35_01-53-02_label_B1-B6-0,130,1,fighting|car_accident
v=OjUzOiOzUa0__#00-04-10_00-05-19_label_B6-0-0,train,/home/aarf101/xd_official/i3d-features/RGB/v=OjUzOiOzUa0__#00-04-10_00-05-19_label_B6-0-0,103,1,car_accident
Yellow.Sea.2010__#01-18-40_01-19-32_label_A,train,/home/aarf101/xd_official/i3d-features/RGB/Yellow.Sea.2010__#01-18-40_01-19-32_label_A,77,0,
Gladiator.2000__#01-02-57_01-04-54_label_A,train,/home/aarf101/xd_official/i3d-features/RGB/Gladiator.2000__#01-02-57_01-04-54_label_A,175,0,
Bullet.in.the.Head.1990__#00-28-50_00-31-20_label_B4-B2-B1,train,/home/aarf101/xd_official/i3d-features/RGB/Bullet.in.the.Head.1990__#00-28-50_00-31-20_label_B4-B2-B1,225,1,riot|shooting|fighting
v=p2ggHwtb-Zg__#00-06-00_00-09-00_label_A,train,/home/aarf101/xd_official/i3d-features/RGB/v=p2ggHwtb-Zg__#00-06-00_00-09-00_label_A,270,0,
Jason.Bourne.2016__#0-26-58_0-27-20_label_B2-B6-B1,train,/home/aarf101/xd_official/i3d-features/RGB/Jason.Bourne.2016__#0-26-58_0-27-20_label_B2-B6-B1,33,1,shooting|car_accident|fighting
Bad.Boys.II.2003__#00-11-06_00-12-10_label_A,train,/home/aarf101/xd_official/i3d-features/RGB/Bad.Boys.II.2003__#00-11-06_00-12-10_label_A,96,0,
Still.Walking.2008__#00-11-00_00-15-08_label_A,train,/home/aarf101/xd_official/i3d-features/RGB/Still.Walking.2008__#00-11-00_00-15-08_label_A,372,0,
v=t4RKl9PyOfI__#1_label_G-0-0,train,/home/aarf101/xd_official/i3d-features/RGB/v=t4RKl9PyOfI__#1_label_G-0-0,217,1,explosion
The.Bourne.Identity.2002__#01-25-48_01-26-48_label_G-0-0,train,/home/aarf101/xd_official/i3d-features/RGB/The.Bourne.Identity.2002__#01-25-48_01-26-48_label_G-0-0,90,1,explosion
v=rLVR4f7GyQo__#1_label_A,train,/home/aarf101/xd_official/i3d-features/RGB/v=rLVR4f7GyQo__#1_label_A,119,0,
God.Bless.America.2011__#01-17-10_01-20-20_label_A,train,/home/aarf101/xd_official/i3d-features/RGB/God.Bless.America.2011__#01-17-10_01-20-20_label_A,285,0,
v=VDwMhSobaOg__#1_label_A,train,/home/aarf101/xd_official/i3d-features/RGB/v=VDwMhSobaOg__#1_label_A,256,0,
Fast.Furious.6.2013__#00-32-52_00-36-31_label_A,train,/home/aarf101/xd_official/i3d-features/RGB/Fast.Furious.6.2013__#00-32-52_00-36-31_label_A,328,0,
Jason.Bourne.2016__#0-28-43_0-29-35_label_B6-B4-0,train,/home/aarf101/xd_official/i3d-features/RGB/Jason.Bourne.2016__#0-28-43_0-29-35_label_B6-B4-0,78,1,car_accident|riot
v=KmmZjp2-qTw__#1_label_G-0-0,train,/home/aarf101/xd_official/i3d-features/RGB/v=KmmZjp2-qTw__#1_label_G-0-0,100,1,explosion
v=Ix4xrfIVI8Y__#00-37-48_00-57-50_label_A,train,/home/aarf101/xd_official/i3d-features/RGB/v=Ix4xrfIVI8Y__#00-37-48_00-57-50_label_A,1803,0,
God.Bless.America.2011__#00-48-15_00-49-11_label_B2-0-0,train,/home/aarf101/xd_official/i3d-features/RGB/God.Bless.America.2011__#00-48-15_00-49-11_label_B2-0-0,84,1,shooting
v=idBwMN0E9Qg__#00-00-00_00-05-30_label_B4-0-0,train,/home/aarf101/xd_official/i3d-features/RGB/v=idBwMN0E9Qg__#00-00-00_00-05-30_label_B4-0-0,495,1,riot
v=g6-yFmPcX_o__#1_label_A,train,/home/aarf101/xd_official/i3d-features/RGB/v=g6-yFmPcX_o__#1_label_A,199,0,
A.Beautiful.Mind.2001__#00-42-52_00-45-31_label_A,train,/home/aarf101/xd_official/i3d-features/RGB/A.Beautiful.Mind.2001__#00-42-52_00-45-31_label_A,238,0,
v=idBwMN0E9Qg__#00-18-44_00-24-16_label_B4-0-0,train,/home/aarf101/xd_official/i3d-features/RGB/v=idBwMN0E9Qg__#00-18-44_00-24-16_label_B4-0-0,498,1,riot
v=O143S6bXohw__#1_label_A,train,/home/aarf101/xd_official/i3d-features/RGB/v=O143S6bXohw__#1_label_A,406,0,
Mission.Impossible.III.2006__#00-17-45_00-18-13_label_B2-G-0,train,/home/aarf101/xd_official/i3d-features/RGB/Mission.Impossible.III.2006__#00-17-45_00-18-13_label_B2-G-0,42,1,shooting|explosion
Mindhunters.2004__#01-34-40_01-35-40_label_B1-0-0,train,/home/aarf101/xd_official/i3d-features/RGB/Mindhunters.2004__#01-34-40_01-35-40_label_B1-0-0,90,1,fighting
v=H9Y5_X1sEEA__#00-33-00_00-36-00_label_A,train,/home/aarf101/xd_official/i3d-features/RGB/v=H9Y5_X1sEEA__#00-33-00_00-36-00_label_A,270,0,
Love.Death.and.Robots.S01E10__#0-13-02_0-14-20_label_A,train,/home/aarf101/xd_official/i3d-features/RGB/Love.Death.and.Robots.S01E10__#0-13-02_0-14-20_label_A,116,0,
v=j5vwnjZVgnc__#1_label_B6-G-0,train,/home/aarf101/xd_official/i3d-features/RGB/v=j5vwnjZVgnc__#1_label_B6-G-0,235,1,car_accident|explosion
v=dxpBOFKR6wU__#1_label_A,train,/home/aarf101/xd_official/i3d-features/RGB/v=dxpBOFKR6wU__#1_label_A,222,0,
Love.Death.and.Robots.S01E04__#00-03-01_00-03-44_label_B2-0-0,train,/home/aarf101/xd_official/i3d-features/RGB/Love.Death.and.Robots.S01E04__#00-03-01_00-03-44_label_B2-0-0,64,1,shooting
v=E5l9d5x6uzk__#1_label_A,train,/home/aarf101/xd_official/i3d-features/RGB/v=E5l9d5x6uzk__#1_label_A,239,0,
v=u5cV27GYHKw__#1_label_A,train,/home/aarf101/xd_official/i3d-features/RGB/v=u5cV27GYHKw__#1_label_A,119,0,
New.Kids.Turbo.2010__#00-32-58_00-33-59_label_A,train,/home/aarf101/xd_official/i3d-features/RGB/New.Kids.Turbo.2010__#00-32-58_00-33-59_label_A,91,0,
v=nSGwiA89DYw__#00-00-00_00-00-51_label_B6-0-0,train,/home/aarf101/xd_official/i3d-features/RGB/v=nSGwiA89DYw__#00-00-00_00-00-51_label_B6-0-0,76,1,car_accident
v=rMhEu33OqiM__#00-05-36_00-07-10_label_G-0-0,train,/home/aarf101/xd_official/i3d-features/RGB/v=rMhEu33OqiM__#00-05-36_00-07-10_label_G-0-0,141,1,explosion
Be.with.You.2018__#00-31-05_00-32-05_label_A,train,/home/aarf101/xd_official/i3d-features/RGB/Be.with.You.2018__#00-31-05_00-32-05_label_A,90,0,
v=_iS0bZrdgSo__#1_label_A,train,/home/aarf101/xd_official/i3d-features/RGB/v=_iS0bZrdgSo__#1_label_A,208,0,
Desperado.1995__#00-00-00_00-03-38_label_A,train,/home/aarf101/xd_official/i3d-features/RGB/Desperado.1995__#00-00-00_00-03-38_label_A,326,0,
v=cvEJ5WFk2KE__#00-24-00_00-27-00_label_A,train,/home/aarf101/xd_official/i3d-features/RGB/v=cvEJ5WFk2KE__#00-24-00_00-27-00_label_A,270,0,
Fury.2014__#00-41-33_00-43-12_label_A,train,/home/aarf101/xd_official/i3d-features/RGB/Fury.2014__#00-41-33_00-43-12_label_A,148,0,
v=qmsQ-obL1Z4__#00-29-02_00-32-10_label_B6-0-0,train,/home/aarf101/xd_official/i3d-features/RGB/v=qmsQ-obL1Z4__#00-29-02_00-32-10_label_B6-0-0,281,1,car_accident
Salt.2010__#00-34-53_00-35-20_label_B2-0-0,train,/home/aarf101/xd_official/i3d-features/RGB/Salt.2010__#00-34-53_00-35-20_label_B2-0-0,40,1,shooting
The.Secret.Life.of.Walter.Mitty.2013__#00-23-50_00-24-31_label_A,train,/home/aarf101/xd_official/i3d-features/RGB/The.Secret.Life.of.Walter.Mitty.2013__#00-23-50_00-24-31_label_A,61,0,
v=stnhbj9k99Q__#1_label_B4-0-0,train,/home/aarf101/xd_official/i3d-features/RGB/v=stnhbj9k99Q__#1_label_B4-0-0,236,1,riot
The.Bourne.Identity.2002__#01-45-47_01-48-00_label_B2-B1-0,train,/home/aarf101/xd_official/i3d-features/RGB/The.Bourne.Identity.2002__#01-45-47_01-48-00_label_B2-B1-0,199,1,shooting|fighting
v=WB6xnSfUidw__#1_label_B1-0-0,train,/home/aarf101/xd_official/i3d-features/RGB/v=WB6xnSfUidw__#1_label_B1-0-0,188,1,fighting
The.Bourne.Supremacy.2004__#01-01-23_01-02-25_label_B1-0-0,train,/home/aarf101/xd_official/i3d-features/RGB/The.Bourne.Supremacy.2004__#01-01-23_01-02-25_label_B1-0-0,93,1,fighting
v=fkps18H3SXY__#01-42-00_01-48-00_label_A,train,/home/aarf101/xd_official/i3d-features/RGB/v=fkps18H3SXY__#01-42-00_01-48-00_label_A,540,0,
The.Bourne.Legacy.2012__#01-14-41_01-14-59_label_A,train,/home/aarf101/xd_official/i3d-features/RGB/The.Bourne.Legacy.2012__#01-14-41_01-14-59_label_A,27,0,
Mission.Impossible.III.2006__#01-18-20_01-20-05_label_A,train,/home/aarf101/xd_official/i3d-features/RGB/Mission.Impossible.III.2006__#01-18-20_01-20-05_label_A,157,0,
v=0N3BKmDiKmc__#00-01-00_00-02-45_label_B6-0-0,train,/home/aarf101/xd_official/i3d-features/RGB/v=0N3BKmDiKmc__#00-01-00_00-02-45_label_B6-0-0,157,1,car_accident
v=00UDa4PVpw0__#1_label_B4-0-0,train,/home/aarf101/xd_official/i3d-features/RGB/v=00UDa4PVpw0__#1_label_B4-0-0,216,1,riot
Mission.Impossible.Fallout.2018__#00-08-20_00-10-50_label_B2-0-0,train,/home/aarf101/xd_official/i3d-features/RGB/Mission.Impossible.Fallout.2018__#00-08-20_00-10-50_label_B2-0-0,225,1,shooting
v=ll9dxM3KArA__#00-01-00_00-02-45_label_B6-0-0,train,/home/aarf101/xd_official/i3d-features/RGB/v=ll9dxM3KArA__#00-01-00_00-02-45_label_B6-0-0,157,1,car_accident
Before.Sunset.2004__#00-37-40_00-40-31_label_A,train,/home/aarf101/xd_official/i3d-features/RGB/Before.Sunset.2004__#00-37-40_00-40-31_label_A,256,0,
v=_Z_ijjCZnBg__#1_label_B1-0-0,train,/home/aarf101/xd_official/i3d-features/RGB/v=_Z_ijjCZnBg__#1_label_B1-0-0,92,1,fighting
v=sR-CwpipfCU__#1_label_B4-0-0,train,/home/aarf101/xd_official/i3d-features/RGB/v=sR-CwpipfCU__#1_label_B4-0-0,144,1,riot
v=63q26FQgqjI__#1_label_A,train,/home/aarf101/xd_official/i3d-features/RGB/v=63q26FQgqjI__#1_label_A,156,0,
Fast.Five.2011__#00-32-24_00-32-39_label_B1-B2-0,train,/home/aarf101/xd_official/i3d-features/RGB/Fast.Five.2011__#00-32-24_00-32-39_label_B1-B2-0,22,1,fighting|shooting
v=Q_lCVGhlexs__#1_label_B6-0-0,train,/home/aarf101/xd_official/i3d-features/RGB/v=Q_lCVGhlexs__#1_label_B6-0-0,150,1,car_accident
v=OcoatqJqmX0__#1_label_A,train,/home/aarf101/xd_official/i3d-features/RGB/v=OcoatqJqmX0__#1_label_A,242,0,
v=H9Y5_X1sEEA__#00-54-00_00-57-00_label_A,train,/home/aarf101/xd_official/i3d-features/RGB/v=H9Y5_X1sEEA__#00-54-00_00-57-00_label_A,270,0,
v=fKfaW46vUI8__#1_label_A,train,/home/aarf101/xd_official/i3d-features/RGB/v=fKfaW46vUI8__#1_label_A,179,0,
v=fkps18H3SXY__#02-18-00_02-24-00_label_A,train,/home/aarf101/xd_official/i3d-features/RGB/v=fkps18H3SXY__#02-18-00_02-24-00_label_A,540,0,
The.Bourne.Ultimatum.2007__#0-36-52_0-39-16_label_B2-B1-0,train,/home/aarf101/xd_official/i3d-features/RGB/The.Bourne.Ultimatum.2007__#0-36-52_0-39-16_label_B2-B1-0,215,1,shooting|fighting
v=ZXWaa5TOqZo__#00-00-00_00-04-07_label_B4-0-0,train,/home/aarf101/xd_official/i3d-features/RGB/v=ZXWaa5TOqZo__#00-00-00_00-04-07_label_B4-0-0,370,1,riot
The.Notebook.2004__#00-58-18_01-02-30_label_A,train,/home/aarf101/xd_official/i3d-features/RGB/The.Notebook.2004__#00-58-18_01-02-30_label_A,378,0,
v=vhACO_m5pH0__#00-08-42_00-09-40_label_B6-0-0,train,/home/aarf101/xd_official/i3d-features/RGB/v=vhACO_m5pH0__#00-08-42_00-09-40_label_B6-0-0,87,1,car_accident
v=BXR3d22BhHs__#00-08-00_00-10-00_label_B4-0-0,train,/home/aarf101/xd_official/i3d-features/RGB/v=BXR3d22BhHs__#00-08-00_00-10-00_label_B4-0-0,180,1,riot
v=NYnAnri6KTs__#1_label_B4-0-0,train,/home/aarf101/xd_official/i3d-features/RGB/v=NYnAnri6KTs__#1_label_B4-0-0,140,1,riot
Fast.Five.2011__#00-00-50_00-01-20_label_A,train,/home/aarf101/xd_official/i3d-features/RGB/Fast.Five.2011__#00-00-50_00-01-20_label_A,45,0,
Flipped.2010__#00-25-20_00-29-20_label_A,train,/home/aarf101/xd_official/i3d-features/RGB/Flipped.2010__#00-25-20_00-29-20_label_A,360,0,
v=6AdDLhPwpp4__#1_label_B4-0-0,train,/home/aarf101/xd_official/i3d-features/RGB/v=6AdDLhPwpp4__#1_label_B4-0-0,96,1,riot
Sin.City.2005__#01-15-01_01-15-15_label_G-0-0,train,/home/aarf101/xd_official/i3d-features/RGB/Sin.City.2005__#01-15-01_01-15-15_label_G-0-0,21,1,explosion
Black.Hawk.Down.2001__#00-59-10_01-00-01_label_B2-0-0,train,/home/aarf101/xd_official/i3d-features/RGB/Black.Hawk.Down.2001__#00-59-10_01-00-01_label_B2-0-0,76,1,shooting
Brick.Mansions.2014__#00-16-02_00-16-26_label_B2-0-0,train,/home/aarf101/xd_official/i3d-features/RGB/Brick.Mansions.2014__#00-16-02_00-16-26_label_B2-0-0,35,1,shooting
Good.Will.Hunting.1997__#00-01-45_00-02-50_label_A,train,/home/aarf101/xd_official/i3d-features/RGB/Good.Will.Hunting.1997__#00-01-45_00-02-50_label_A,97,0,
Flipped.2010__#00-32-07_00-36-45_label_A,train,/home/aarf101/xd_official/i3d-features/RGB/Flipped.2010__#00-32-07_00-36-45_label_A,417,0,
v=Tok2GAoeSMI__#1_label_A,train,/home/aarf101/xd_official/i3d-features/RGB/v=Tok2GAoeSMI__#1_label_A,274,0,
v=LMK1VKvqIcU__#1_label_A,train,/home/aarf101/xd_official/i3d-features/RGB/v=LMK1VKvqIcU__#1_label_A,205,0,
v=2eLHANhvuj4__#1_label_B4-0-0,train,/home/aarf101/xd_official/i3d-features/RGB/v=2eLHANhvuj4__#1_label_B4-0-0,351,1,riot
Casino.Royale.2006__#00-19-44_00-21-50_label_A,train,/home/aarf101/xd_official/i3d-features/RGB/Casino.Royale.2006__#00-19-44_00-21-50_label_A,188,0,
Mission.Impossible.Ghost.Protocol.2011__#00-11-35_00-13-35_label_A,train,/home/aarf101/xd_official/i3d-features/RGB/Mission.Impossible.Ghost.Protocol.2011__#00-11-35_00-13-35_label_A,180,0,
Still.Walking.2008__#01-26-10_01-28-00_label_A,train,/home/aarf101/xd_official/i3d-features/RGB/Still.Walking.2008__#01-26-10_01-28-00_label_A,165,0,
v=vsI_pKNcgeQ__#00-18-00_00-21-00_label_A,train,/home/aarf101/xd_official/i3d-features/RGB/v=vsI_pKNcgeQ__#00-18-00_00-21-00_label_A,270,0,
wangted.2008__#01-27-20_01-28-20_label_B2-B6-0,train,/home/aarf101/xd_official/i3d-features/RGB/wangted.2008__#01-27-20_01-28-20_label_B2-B6-0,90,1,shooting|car_accident
v=3ReHk7UqqhA__#1_label_A,train,/home/aarf101/xd_official/i3d-features/RGB/v=3ReHk7UqqhA__#1_label_A,241,0,
Mission.Impossible.III.2006__#00-22-20_00-22-35_label_G-0-0,train,/home/aarf101/xd_official/i3d-features/RGB/Mission.Impossible.III.2006__#00-22-20_00-22-35_label_G-0-0,22,1,explosion
Fast.Furious.6.2013__#00-17-50_00-18-27_label_B2-0-0,train,/home/aarf101/xd_official/i3d-features/RGB/Fast.Furious.6.2013__#00-17-50_00-18-27_label_B2-0-0,55,1,shooting
The.Bourne.Ultimatum.2007__#0-46-12_0-48-39_label_A,train,/home/aarf101/xd_official/i3d-features/RGB/The.Bourne.Ultimatum.2007__#0-46-12_0-48-39_label_A,220,0,
The.Intouchables.2011__#00-31-05_00-32-05_label_A,train,/home/aarf101/xd_official/i3d-features/RGB/The.Intouchables.2011__#00-31-05_00-32-05_label_A,90,0,
v=vsI_pKNcgeQ__#00-03-00_00-06-00_label_A,train,/home/aarf101/xd_official/i3d-features/RGB/v=vsI_pKNcgeQ__#00-03-00_00-06-00_label_A,270,0,
Quantum.Of.Solace.2008__#00-33-42_00-36-22_label_A,train,/home/aarf101/xd_official/i3d-features/RGB/Quantum.Of.Solace.2008__#00-33-42_00-36-22_label_A,240,0,
The.Bourne.Supremacy.2004__#01-40-32_01-41-56_label_A,train,/home/aarf101/xd_official/i3d-features/RGB/The.Bourne.Supremacy.2004__#01-40-32_01-41-56_label_A,126,0,
v=TGNA71NGR8U__#1_label_G-0-0,train,/home/aarf101/xd_official/i3d-features/RGB/v=TGNA71NGR8U__#1_label_G-0-0,209,1,explosion
Fury.2014__#01-18-45_01-24-14_label_B2-G-0,train,/home/aarf101/xd_official/i3d-features/RGB/Fury.2014__#01-18-45_01-24-14_label_B2-G-0,493,1,shooting|explosion
v=BXR3d22BhHs__#00-00-00_00-02-00_label_B4-0-0,train,/home/aarf101/xd_official/i3d-features/RGB/v=BXR3d22BhHs__#00-00-00_00-02-00_label_B4-0-0,180,1,riot
v=WZUoSyEzeeU__#1_label_G-0-0,train,/home/aarf101/xd_official/i3d-features/RGB/v=WZUoSyEzeeU__#1_label_G-0-0,104,1,explosion
v=YhCSFZNwfHc__#00-05-44_00-07-19_label_G-0-0,train,/home/aarf101/xd_official/i3d-features/RGB/v=YhCSFZNwfHc__#00-05-44_00-07-19_label_G-0-0,142,1,explosion
The.Pursuit.of.Happyness.2006__#01-17-00_01-19-40_label_A,train,/home/aarf101/xd_official/i3d-features/RGB/The.Pursuit.of.Happyness.2006__#01-17-00_01-19-40_label_A,240,0,
v=KUiVz3rW_Rg__#1_label_B4-0-0,train,/home/aarf101/xd_official/i3d-features/RGB/v=KUiVz3rW_Rg__#1_label_B4-0-0,186,1,riot
v=KCQwe_AMo74__#1_label_A,train,/home/aarf101/xd_official/i3d-features/RGB/v=KCQwe_AMo74__#1_label_A,601,0,
v=DJTuDVJrhWA__#1_label_A,train,/home/aarf101/xd_official/i3d-features/RGB/v=DJTuDVJrhWA__#1_label_A,171,0,
The.Secret.Life.of.Walter.Mitty.2013__#00-16-18_00-17-27_label_A,train,/home/aarf101/xd_official/i3d-features/RGB/The.Secret.Life.of.Walter.Mitty.2013__#00-16-18_00-17-27_label_A,103,0,
v=cK8jk8dMuJs__#1_label_B1-0-0,train,/home/aarf101/xd_official/i3d-features/RGB/v=cK8jk8dMuJs__#1_label_B1-0-0,185,1,fighting
Good.Will.Hunting.1997__#00-12-45_00-15-08_label_A,train,/home/aarf101/xd_official/i3d-features/RGB/Good.Will.Hunting.1997__#00-12-45_00-15-08_label_A,214,0,
v=nEEtBVPiI44__#1_label_A,train,/home/aarf101/xd_official/i3d-features/RGB/v=nEEtBVPiI44__#1_label_A,409,0,
v=36VcW5DWJyI__#1_label_B1-0-0,train,/home/aarf101/xd_official/i3d-features/RGB/v=36VcW5DWJyI__#1_label_B1-0-0,344,1,fighting
Flipped.2010__#00-16-18_00-18-09_label_A,train,/home/aarf101/xd_official/i3d-features/RGB/Flipped.2010__#00-16-18_00-18-09_label_A,166,0,
Taken.3.2014__#01-05-17_01-05-40_label_G-0-0,train,/home/aarf101/xd_official/i3d-features/RGB/Taken.3.2014__#01-05-17_01-05-40_label_G-0-0,34,1,explosion
v=KUZQsnmCV20__#1_label_A,train,/home/aarf101/xd_official/i3d-features/RGB/v=KUZQsnmCV20__#1_label_A,209,0,
v=5Rtsav021Rs__#00-00-00_00-03-00_label_A,train,/home/aarf101/xd_official/i3d-features/RGB/v=5Rtsav021Rs__#00-00-00_00-03-00_label_A,270,0,
Operation.Red.Sea.2018__#01-31-26_01-31-45_label_G-0-0,train,/home/aarf101/xd_official/i3d-features/RGB/Operation.Red.Sea.2018__#01-31-26_01-31-45_label_G-0-0,28,1,explosion
Ip.Man.2008__#00-28-08_00-33-03_label_B1-0-0,train,/home/aarf101/xd_official/i3d-features/RGB/Ip.Man.2008__#00-28-08_00-33-03_label_B1-0-0,442,1,fighting
Rush.Hour.3.2007.BluRay__#01-12-36_01-13-53_label_B1-0-0,train,/home/aarf101/xd_official/i3d-features/RGB/Rush.Hour.3.2007.BluRay__#01-12-36_01-13-53_label_B1-0-0,115,1,fighting
v=7QOdBpDrmKk__#00-00-00_00-00-51_label_B6-0-0,train,/home/aarf101/xd_official/i3d-features/RGB/v=7QOdBpDrmKk__#00-00-00_00-00-51_label_B6-0-0,76,1,car_accident
v=Zh3eVBs-5Tc__#1_label_A,train,/home/aarf101/xd_official/i3d-features/RGB/v=Zh3eVBs-5Tc__#1_label_A,41,0,
The.Bourne.Supremacy.2004__#0-27-18_0-31-08_label_A,train,/home/aarf101/xd_official/i3d-features/RGB/The.Bourne.Supremacy.2004__#0-27-18_0-31-08_label_A,345,0,
v=h4ipBbKKkXY__#1_label_A,train,/home/aarf101/xd_official/i3d-features/RGB/v=h4ipBbKKkXY__#1_label_A,235,0,
v=stupPQ782U8__#00-02-02_00-04-02_label_G-B6-0,train,/home/aarf101/xd_official/i3d-features/RGB/v=stupPQ782U8__#00-02-02_00-04-02_label_G-B6-0,180,1,explosion|car_accident
Love.Actually.2003__#00-30-50_00-32-31_label_A,train,/home/aarf101/xd_official/i3d-features/RGB/Love.Actually.2003__#00-30-50_00-32-31_label_A,151,0,
Jason.Bourne.2016__#0-34-23_0-36-10_label_A,train,/home/aarf101/xd_official/i3d-features/RGB/Jason.Bourne.2016__#0-34-23_0-36-10_label_A,160,0,
v=hHJcYL0VEsA__#1_label_A,train,/home/aarf101/xd_official/i3d-features/RGB/v=hHJcYL0VEsA__#1_label_A,328,0,
v=fRRcbRdeJOk__#1_label_A,train,/home/aarf101/xd_official/i3d-features/RGB/v=fRRcbRdeJOk__#1_label_A,309,0,
Shoplifters.2018__#00-23-50_00-24-31_label_A,train,/home/aarf101/xd_official/i3d-features/RGB/Shoplifters.2018__#00-23-50_00-24-31_label_A,61,0,
Death.Proof.2007__#00-53-22_00-55-45_label_A,train,/home/aarf101/xd_official/i3d-features/RGB/Death.Proof.2007__#00-53-22_00-55-45_label_A,214,0,
God.Bless.America.2011__#01-15-20_01-16-40_label_A,train,/home/aarf101/xd_official/i3d-features/RGB/God.Bless.America.2011__#01-15-20_01-16-40_label_A,120,0,
v=xgr6p8L4emY__#1_label_B1-0-0,train,/home/aarf101/xd_official/i3d-features/RGB/v=xgr6p8L4emY__#1_label_B1-0-0,244,1,fighting
v=GeQ5tcbDabk__#1_label_B4-0-0,train,/home/aarf101/xd_official/i3d-features/RGB/v=GeQ5tcbDabk__#1_label_B4-0-0,217,1,riot
Before.Sunset.2004__#00-42-52_00-45-31_label_A,train,/home/aarf101/xd_official/i3d-features/RGB/Before.Sunset.2004__#00-42-52_00-45-31_label_A,238,0,
v=-bIDfnyelC4__#1_label_A,train,/home/aarf101/xd_official/i3d-features/RGB/v=-bIDfnyelC4__#1_label_A,350,0,
Skyfall.2012__#00-17-25_00-19-35_label_A,train,/home/aarf101/xd_official/i3d-features/RGB/Skyfall.2012__#00-17-25_00-19-35_label_A,194,0,
Braveheart.1995__#00-49-00_00-52-55_label_B1-0-0,train,/home/aarf101/xd_official/i3d-features/RGB/Braveheart.1995__#00-49-00_00-52-55_label_B1-0-0,352,1,fighting
v=sSUl-Op_EQ0__#1_label_A,train,/home/aarf101/xd_official/i3d-features/RGB/v=sSUl-Op_EQ0__#1_label_A,281,0,
GoldenEye.1995__#01-21-56_01-23-18_label_G-B2-B6,train,/home/aarf101/xd_official/i3d-features/RGB/GoldenEye.1995__#01-21-56_01-23-18_label_G-B2-B6,123,1,explosion|shooting|car_accident
One.Day.2011__#01-14-30_01-16-59_label_A,train,/home/aarf101/xd_official/i3d-features/RGB/One.Day.2011__#01-14-30_01-16-59_label_A,223,0,
v=l_2Hzpaxf6I__#1_label_B1-0-0,train,/home/aarf101/xd_official/i3d-features/RGB/v=l_2Hzpaxf6I__#1_label_B1-0-0,60,1,fighting
Mission.Impossible.Fallout.2018__#01-47-30_01-49-50_label_A,train,/home/aarf101/xd_official/i3d-features/RGB/Mission.Impossible.Fallout.2018__#01-47-30_01-49-50_label_A,210,0,
The.Attorney.2013__#00-25-20_00-29-40_label_A,train,/home/aarf101/xd_official/i3d-features/RGB/The.Attorney.2013__#00-25-20_00-29-40_label_A,390,0,
v=JzrpCC7XmyE__#00-12-00_00-18-00_label_A,train,/home/aarf101/xd_official/i3d-features/RGB/v=JzrpCC7XmyE__#00-12-00_00-18-00_label_A,540,0,
v=tPwuLLL64HM__#1_label_A,train,/home/aarf101/xd_official/i3d-features/RGB/v=tPwuLLL64HM__#1_label_A,344,0,
Saving.Private.Ryan.1998__#01-27-49_01-28-33_label_G-B2-0,train,/home/aarf101/xd_official/i3d-features/RGB/Saving.Private.Ryan.1998__#01-27-49_01-28-33_label_G-B2-0,66,1,explosion|shooting
v=6vuW7zkarfs__#1_label_A,train,/home/aarf101/xd_official/i3d-features/RGB/v=6vuW7zkarfs__#1_label_A,332,0,
v=XJ6lGP57EZY__#1_label_B4-0-0,train,/home/aarf101/xd_official/i3d-features/RGB/v=XJ6lGP57EZY__#1_label_B4-0-0,117,1,riot
Brick.Mansions.2014__#00-59-15_00-59-39_label_B1-0-0,train,/home/aarf101/xd_official/i3d-features/RGB/Brick.Mansions.2014__#00-59-15_00-59-39_label_B1-0-0,35,1,fighting
v=tP19WuyY3IY__#00-01-00_00-02-45_label_B6-0-0,train,/home/aarf101/xd_official/i3d-features/RGB/v=tP19WuyY3IY__#00-01-00_00-02-45_label_B6-0-0,157,1,car_accident
About.Time.2013__#00-33-52_00-38-31_label_A,train,/home/aarf101/xd_official/i3d-features/RGB/About.Time.2013__#00-33-52_00-38-31_label_A,418,0,
v=fuF0Ede79cg__#1_label_A,train,/home/aarf101/xd_official/i3d-features/RGB/v=fuF0Ede79cg__#1_label_A,404,0,
v=y6nWCMYkY-I__#1_label_B4-0-0,train,/home/aarf101/xd_official/i3d-features/RGB/v=y6nWCMYkY-I__#1_label_B4-0-0,67,1,riot
Be.with.You.2018__#00-37-40_00-40-31_label_A,train,/home/aarf101/xd_official/i3d-features/RGB/Be.with.You.2018__#00-37-40_00-40-31_label_A,256,0,
Shoplifters.2018__#00-25-20_00-27-20_label_A,train,/home/aarf101/xd_official/i3d-features/RGB/Shoplifters.2018__#00-25-20_00-27-20_label_A,180,0,
v=jAvOGTD7_pU__#00-00-00_00-03-00_label_A,train,/home/aarf101/xd_official/i3d-features/RGB/v=jAvOGTD7_pU__#00-00-00_00-03-00_label_A,270,0,
v=FfrXebzAwOg__#00-04-10_00-06-09_label_B6-0-0,train,/home/aarf101/xd_official/i3d-features/RGB/v=FfrXebzAwOg__#00-04-10_00-06-09_label_B6-0-0,178,1,car_accident
v=yrOmzQ1DXp8__#1_label_A,train,/home/aarf101/xd_official/i3d-features/RGB/v=yrOmzQ1DXp8__#1_label_A,223,0,
v=PQnFFCyJ3Eo__#00-12-13_00-16-48_label_B4-0-0,train,/home/aarf101/xd_official/i3d-features/RGB/v=PQnFFCyJ3Eo__#00-12-13_00-16-48_label_B4-0-0,412,1,riot
The.Intouchables.2011__#00-38-52_00-40-31_label_A,train,/home/aarf101/xd_official/i3d-features/RGB/The.Intouchables.2011__#00-38-52_00-40-31_label_A,148,0,
Mission.Impossible.III.2006__#01-50-19_01-51-13_label_B1-0-0,train,/home/aarf101/xd_official/i3d-features/RGB/Mission.Impossible.III.2006__#01-50-19_01-51-13_label_B1-0-0,81,1,fighting
v=h0frn7-aeh8__#00-04-00_00-04-55_label_B6-0-0,train,/home/aarf101/xd_official/i3d-features/RGB/v=h0frn7-aeh8__#00-04-00_00-04-55_label_B6-0-0,82,1,car_accident
v=5Tnl7_8RqlA__#00-03-00_00-04-09_label_B6-0-0,train,/home/aarf101/xd_official/i3d-features/RGB/v=5Tnl7_8RqlA__#00-03-00_00-04-09_label_B6-0-0,103,1,car_accident
The.Intouchables.2011__#01-42-06_01-45-53_label_A,train,/home/aarf101/xd_official/i3d-features/RGB/The.Intouchables.2011__#01-42-06_01-45-53_label_A,340,0,
v=hnOPu0_YWhw__#1_label_A,train,/home/aarf101/xd_official/i3d-features/RGB/v=hnOPu0_YWhw__#1_label_A,234,0,
Sin.City.2005__#0-25-40_0-26-30_label_B1-0-0,train,/home/aarf101/xd_official/i3d-features/RGB/Sin.City.2005__#0-25-40_0-26-30_label_B1-0-0,75,1,fighting
v=OjUzOiOzUa0__#00-02-30_00-03-44_label_B6-0-0,train,/home/aarf101/xd_official/i3d-features/RGB/v=OjUzOiOzUa0__#00-02-30_00-03-44_label_B6-0-0,111,1,car_accident
One.Day.2011__#00-58-18_01-02-30_label_A,train,/home/aarf101/xd_official/i3d-features/RGB/One.Day.2011__#00-58-18_01-02-30_label_A,378,0,
Young.And.Dangerous.I.1996__#0-39-30_0-41-40_label_A,train,/home/aarf101/xd_official/i3d-features/RGB/Young.And.Dangerous.I.1996__#0-39-30_0-41-40_label_A,195,0,
Shoplifters.2018__#01-34-18_01-38-11_label_A,train,/home/aarf101/xd_official/i3d-features/RGB/Shoplifters.2018__#01-34-18_01-38-11_label_A,349,0,
v=H9Y5_X1sEEA__#00-57-00_01-00-04_label_A,train,/home/aarf101/xd_official/i3d-features/RGB/v=H9Y5_X1sEEA__#00-57-00_01-00-04_label_A,276,0,
v=k7R_Qo-BiAw__#00-11-00_00-12-45_label_B6-0-0,train,/home/aarf101/xd_official/i3d-features/RGB/v=k7R_Qo-BiAw__#00-11-00_00-12-45_label_B6-0-0,157,1,car_accident
v=iTvBb-HRbKs__#1_label_B1-0-0,train,/home/aarf101/xd_official/i3d-features/RGB/v=iTvBb-HRbKs__#1_label_B1-0-0,297,1,fighting
City.of.God.2002__#01-23-10_01-24-00_label_B1-0-0,train,/home/aarf101/xd_official/i3d-features/RGB/City.of.God.2002__#01-23-10_01-24-00_label_B1-0-0,75,1,fighting
v=vFPQ_NiDBIU__#00-48-00_00-54-00_label_A,train,/home/aarf101/xd_official/i3d-features/RGB/v=vFPQ_NiDBIU__#00-48-00_00-54-00_label_A,539,0,
v=CFfc4UWzVB8__#00-03-39_00-05-44_label_B4-0-0,train,/home/aarf101/xd_official/i3d-features/RGB/v=CFfc4UWzVB8__#00-03-39_00-05-44_label_B4-0-0,187,1,riot
Saving.Private.Ryan.1998__#02-16-11_02-16-30_label_G-0-0,train,/home/aarf101/xd_official/i3d-features/RGB/Saving.Private.Ryan.1998__#02-16-11_02-16-30_label_G-0-0,28,1,explosion
v=2ncA53czMOg__#00-00-00_00-00-58_label_B4-0-0,train,/home/aarf101/xd_official/i3d-features/RGB/v=2ncA53czMOg__#00-00-00_00-00-58_label_B4-0-0,87,1,riot
v=pFamvR9CpYw__#00-35-20_00-45-20_label_B4-0-0,train,/home/aarf101/xd_official/i3d-features/RGB/v=pFamvR9CpYw__#00-35-20_00-45-20_label_B4-0-0,900,1,riot
Operation.Red.Sea.2018__#0-53-51_0-55-00_label_G-0-0,train,/home/aarf101/xd_official/i3d-features/RGB/Operation.Red.Sea.2018__#0-53-51_0-55-00_label_G-0-0,103,1,explosion
v=20kXPI2DX_U__#1_label_B2-G-B6,train,/home/aarf101/xd_official/i3d-features/RGB/v=20kXPI2DX_U__#1_label_B2-G-B6,117,1,shooting|explosion|car_accident
Operation.Red.Sea.2018__#0-34-30_0-34-53_label_B2-G-0,train,/home/aarf101/xd_official/i3d-features/RGB/Operation.Red.Sea.2018__#0-34-30_0-34-53_label_B2-G-0,34,1,shooting|explosion
v=2QKb8ngEucw__#1_label_A,train,/home/aarf101/xd_official/i3d-features/RGB/v=2QKb8ngEucw__#1_label_A,151,0,
Mission.Impossible.III.2006__#00-08-23_00-09-50_label_A,train,/home/aarf101/xd_official/i3d-features/RGB/Mission.Impossible.III.2006__#00-08-23_00-09-50_label_A,130,0,
Good.Will.Hunting.1997__#00-50-26_00-55-16_label_A,train,/home/aarf101/xd_official/i3d-features/RGB/Good.Will.Hunting.1997__#00-50-26_00-55-16_label_A,435,0,
v=H2O6eX33uHQ__#1_label_A,train,/home/aarf101/xd_official/i3d-features/RGB/v=H2O6eX33uHQ__#1_label_A,239,0,
v=73uRcX0Dvfc__#00-01-52_00-03-10_label_B6-0-0,train,/home/aarf101/xd_official/i3d-features/RGB/v=73uRcX0Dvfc__#00-01-52_00-03-10_label_B6-0-0,117,1,car_accident
v=uFqzWIIfupo__#1_label_B1-0-0,train,/home/aarf101/xd_official/i3d-features/RGB/v=uFqzWIIfupo__#1_label_B1-0-0,319,1,fighting
v=L8BrpH-2py0__#1_label_A,train,/home/aarf101/xd_official/i3d-features/RGB/v=L8BrpH-2py0__#1_label_A,116,0,
v=lMXcMGxidG8__#1_label_A,train,/home/aarf101/xd_official/i3d-features/RGB/v=lMXcMGxidG8__#1_label_A,322,0,
v=JzrpCC7XmyE__#01-24-00_01-30-00_label_A,train,/home/aarf101/xd_official/i3d-features/RGB/v=JzrpCC7XmyE__#01-24-00_01-30-00_label_A,540,0,
Deadpool.2.2018__#0-01-55_0-02-34_label_G-0-0,train,/home/aarf101/xd_official/i3d-features/RGB/Deadpool.2.2018__#0-01-55_0-02-34_label_G-0-0,58,1,explosion
v=UMLtkp4AFkc__#1_label_A,train,/home/aarf101/xd_official/i3d-features/RGB/v=UMLtkp4AFkc__#1_label_A,271,0,
Ip.Man.3.2015__#01-02-20_01-05-33_label_B1-0-0,train,/home/aarf101/xd_official/i3d-features/RGB/Ip.Man.3.2015__#01-02-20_01-05-33_label_B1-0-0,289,1,fighting
Jason.Bourne.2016__#01-39-30_01-45-05_label_B6-0-0,train,/home/aarf101/xd_official/i3d-features/RGB/Jason.Bourne.2016__#01-39-30_01-45-05_label_B6-0-0,502,1,car_accident
v=c8vdIL4PzVQ__#1_label_G-0-0,train,/home/aarf101/xd_official/i3d-features/RGB/v=c8vdIL4PzVQ__#1_label_G-0-0,12,1,explosion
Tropa.de.Elite.2.2010__#01-19-31_01-20-58_label_B1-0-0,train,/home/aarf101/xd_official/i3d-features/RGB/Tropa.de.Elite.2.2010__#01-19-31_01-20-58_label_B1-0-0,130,1,fighting
v=gZ6BUYbZ96s__#1_label_G-0-0,train,/home/aarf101/xd_official/i3d-features/RGB/v=gZ6BUYbZ96s__#1_label_G-0-0,16,1,explosion
v=p0h0xyCrkHI__#1_label_A,train,/home/aarf101/xd_official/i3d-features/RGB/v=p0h0xyCrkHI__#1_label_A,17,0,
Good.Will.Hunting.1997__#01-50-50_01-52-00_label_A,train,/home/aarf101/xd_official/i3d-features/RGB/Good.Will.Hunting.1997__#01-50-50_01-52-00_label_A,105,0,
Young.And.Dangerous.III.1996__#01-26-23_01-27-23_label_A,train,/home/aarf101/xd_official/i3d-features/RGB/Young.And.Dangerous.III.1996__#01-26-23_01-27-23_label_A,90,0,
The.Fast.and.the.Furious.2001__#00-31-21_00-33-14_label_A,train,/home/aarf101/xd_official/i3d-features/RGB/The.Fast.and.the.Furious.2001__#00-31-21_00-33-14_label_A,169,0,
The.Bourne.Identity.2002__#01-32-08_01-35-25_label_A,train,/home/aarf101/xd_official/i3d-features/RGB/The.Bourne.Identity.2002__#01-32-08_01-35-25_label_A,295,0,
Shoplifters.2018__#00-01-45_00-02-15_label_A,train,/home/aarf101/xd_official/i3d-features/RGB/Shoplifters.2018__#00-01-45_00-02-15_label_A,45,0,
v=wqPSsu7XQ74__#1_label_A,train,/home/aarf101/xd_official/i3d-features/RGB/v=wqPSsu7XQ74__#1_label_A,59,0,
v=wwU98rvR4Cw__#1_label_A,train,/home/aarf101/xd_official/i3d-features/RGB/v=wwU98rvR4Cw__#1_label_A,297,0,
Brick.Mansions.2014__#00-22-00_00-23-33_label_A,train,/home/aarf101/xd_official/i3d-features/RGB/Brick.Mansions.2014__#00-22-00_00-23-33_label_A,139,0,
v=XjRhYP-OXdM__#00-00-00_00-03-00_label_A,train,/home/aarf101/xd_official/i3d-features/RGB/v=XjRhYP-OXdM__#00-00-00_00-03-00_label_A,269,0,
v=oTegqoBkfp0__#1_label_A,train,/home/aarf101/xd_official/i3d-features/RGB/v=oTegqoBkfp0__#1_label_A,157,0,
v=rKUipxR3bDc__#1_label_A,train,/home/aarf101/xd_official/i3d-features/RGB/v=rKUipxR3bDc__#1_label_A,129,0,
v=07hFujJo-3g__#1_label_A,train,/home/aarf101/xd_official/i3d-features/RGB/v=07hFujJo-3g__#1_label_A,329,0,
v=OjUzOiOzUa0__#00-08-40_00-10-16_label_B6-0-0,train,/home/aarf101/xd_official/i3d-features/RGB/v=OjUzOiOzUa0__#00-08-40_00-10-16_label_B6-0-0,144,1,car_accident
v=N2rnBxCmbIE__#1_label_A,train,/home/aarf101/xd_official/i3d-features/RGB/v=N2rnBxCmbIE__#1_label_A,242,0,
v=sE-DC2trBkI__#00-04-10_00-05-12_label_B6-0-0,train,/home/aarf101/xd_official/i3d-features/RGB/v=sE-DC2trBkI__#00-04-10_00-05-12_label_B6-0-0,93,1,car_accident
Your.Name.2016__#00-20-35_00-23-06_label_A,train,/home/aarf101/xd_official/i3d-features/RGB/Your.Name.2016__#00-20-35_00-23-06_label_A,226,0,
Death.Proof.2007__#01-32-22_01-37-50_label_B6-0-0,train,/home/aarf101/xd_official/i3d-features/RGB/Death.Proof.2007__#01-32-22_01-37-50_label_B6-0-0,492,1,car_accident
v=Yr41_8QOTF8__#00-06-00_00-09-00_label_A,train,/home/aarf101/xd_official/i3d-features/RGB/v=Yr41_8QOTF8__#00-06-00_00-09-00_label_A,270,0,
Saving.Private.Ryan.1998__#02-13-45_02-15-55_label_B2-G-0,train,/home/aarf101/xd_official/i3d-features/RGB/Saving.Private.Ryan.1998__#02-13-45_02-15-55_label_B2-G-0,195,1,shooting|explosion
v=MyM5G7fo7Gg__#00-03-00_00-06-00_label_A,train,/home/aarf101/xd_official/i3d-features/RGB/v=MyM5G7fo7Gg__#00-03-00_00-06-00_label_A,270,0,
Mission.Impossible.III.2006__#00-38-25_00-40-07_label_A,train,/home/aarf101/xd_official/i3d-features/RGB/Mission.Impossible.III.2006__#00-38-25_00-40-07_label_A,153,0,
v=qLYjkTEqxEU__#1_label_A,train,/home/aarf101/xd_official/i3d-features/RGB/v=qLYjkTEqxEU__#1_label_A,147,0,
v=KsjzuLCuV9U__#1_label_B4-0-0,train,/home/aarf101/xd_official/i3d-features/RGB/v=KsjzuLCuV9U__#1_label_B4-0-0,7389,1,riot
v=uFJpq8S99bM__#1_label_A,train,/home/aarf101/xd_official/i3d-features/RGB/v=uFJpq8S99bM__#1_label_A,225,0,
v=BzwNU2xmT64__#00-06-10_00-07-19_label_B6-0-0,train,/home/aarf101/xd_official/i3d-features/RGB/v=BzwNU2xmT64__#00-06-10_00-07-19_label_B6-0-0,103,1,car_accident
v=5plpAWiJ9VA__#1_label_B4-0-0,train,/home/aarf101/xd_official/i3d-features/RGB/v=5plpAWiJ9VA__#1_label_B4-0-0,52,1,riot
v=fx8NZovRGp8__#1_label_A,train,/home/aarf101/xd_official/i3d-features/RGB/v=fx8NZovRGp8__#1_label_A,305,0,
Spectre.2015__#00-33-43_00-33-55_label_B2-0-0,train,/home/aarf101/xd_official/i3d-features/RGB/Spectre.2015__#00-33-43_00-33-55_label_B2-0-0,18,1,shooting
v=xs1sW6V3QV8__#1_label_A,train,/home/aarf101/xd_official/i3d-features/RGB/v=xs1sW6V3QV8__#1_label_A,1397,0,
v=AqFWYZsOgWY__#00-42-00_00-45-00_label_A,train,/home/aarf101/xd_official/i3d-features/RGB/v=AqFWYZsOgWY__#00-42-00_00-45-00_label_A,270,0,
Still.Walking.2008__#01-34-18_01-38-11_label_A,train,/home/aarf101/xd_official/i3d-features/RGB/Still.Walking.2008__#01-34-18_01-38-11_label_A,349,0,
v=qQCTvJq83_s__#1_label_B1-0-0,train,/home/aarf101/xd_official/i3d-features/RGB/v=qQCTvJq83_s__#1_label_B1-0-0,221,1,fighting
The.Secret.Life.of.Walter.Mitty.2013__#00-17-30_00-19-10_label_A,train,/home/aarf101/xd_official/i3d-features/RGB/The.Secret.Life.of.Walter.Mitty.2013__#00-17-30_00-19-10_label_A,150,0,
v=zQNIOEOp63k__#1_label_B4-0-0,train,/home/aarf101/xd_official/i3d-features/RGB/v=zQNIOEOp63k__#1_label_B4-0-0,306,1,riot
Taken.3.2014__#00-51-11_00-52-15_label_A,train,/home/aarf101/xd_official/i3d-features/RGB/Taken.3.2014__#00-51-11_00-52-15_label_A,96,0,
v=u3TKnQb2Vi4__#1_label_B4-0-0,train,/home/aarf101/xd_official/i3d-features/RGB/v=u3TKnQb2Vi4__#1_label_B4-0-0,157,1,riot
v=3I8enjGYp-s__#1_label_A,train,/home/aarf101/xd_official/i3d-features/RGB/v=3I8enjGYp-s__#1_label_A,273,0,
City.of.God.2002__#01-33-30_01-34-50_label_B2-0-0,train,/home/aarf101/xd_official/i3d-features/RGB/City.of.God.2002__#01-33-30_01-34-50_label_B2-0-0,120,1,shooting
Hot.Fuzz.2007__#00-02-45_00-05-20_label_A,train,/home/aarf101/xd_official/i3d-features/RGB/Hot.Fuzz.2007__#00-02-45_00-05-20_label_A,232,0,
Tropa.de.Elite.2.2010__#00-46-55_00-48-20_label_A,train,/home/aarf101/xd_official/i3d-features/RGB/Tropa.de.Elite.2.2010__#00-46-55_00-48-20_label_A,127,0,
Good.Will.Hunting.1997__#01-17-00_01-21-50_label_A,train,/home/aarf101/xd_official/i3d-features/RGB/Good.Will.Hunting.1997__#01-17-00_01-21-50_label_A,435,0,
Bad.Boys.1995__#01-52-45_01-53-19_label_B2-0-0,train,/home/aarf101/xd_official/i3d-features/RGB/Bad.Boys.1995__#01-52-45_01-53-19_label_B2-0-0,51,1,shooting
v=1YSzFo5_DcU__#1_label_B4-0-0,train,/home/aarf101/xd_official/i3d-features/RGB/v=1YSzFo5_DcU__#1_label_B4-0-0,315,1,riot
v=9u_gz0hG0HA__#1_label_B1-0-0,train,/home/aarf101/xd_official/i3d-features/RGB/v=9u_gz0hG0HA__#1_label_B1-0-0,227,1,fighting
Fast.Five.2011__#00-42-00_00-45-37_label_A,train,/home/aarf101/xd_official/i3d-features/RGB/Fast.Five.2011__#00-42-00_00-45-37_label_A,325,0,
v=-RdREpFcycY__#1_label_A,train,/home/aarf101/xd_official/i3d-features/RGB/v=-RdREpFcycY__#1_label_A,216,0,
v=Yr41_8QOTF8__#00-18-00_00-21-00_label_A,train,/home/aarf101/xd_official/i3d-features/RGB/v=Yr41_8QOTF8__#00-18-00_00-21-00_label_A,270,0,
Taken.2.UNRATED.EXTENDED.2012__#00-48-51_00-49-12_label_B5-0-0,train,/home/aarf101/xd_official/i3d-features/RGB/Taken.2.UNRATED.EXTENDED.2012__#00-48-51_00-49-12_label_B5-0-0,31,1,abuse
v=HSisjzLESak__#00-06-30_00-07-20_label_B6-0-0,train,/home/aarf101/xd_official/i3d-features/RGB/v=HSisjzLESak__#00-06-30_00-07-20_label_B6-0-0,75,1,car_accident
v=7QOdBpDrmKk__#00-04-10_00-06-09_label_B6-0-0,train,/home/aarf101/xd_official/i3d-features/RGB/v=7QOdBpDrmKk__#00-04-10_00-06-09_label_B6-0-0,178,1,car_accident
v=Y5v7A4hUM-E__#1_label_B1-0-0,train,/home/aarf101/xd_official/i3d-features/RGB/v=Y5v7A4hUM-E__#1_label_B1-0-0,276,1,fighting
Black.Hawk.Down.2001__#00-55-00_00-55-29_label_G-B2-0,train,/home/aarf101/xd_official/i3d-features/RGB/Black.Hawk.Down.2001__#00-55-00_00-55-29_label_G-B2-0,43,1,explosion|shooting
v=6iCFrgU0HDA__#00-01-50_00-03-22_label_G-0-0,train,/home/aarf101/xd_official/i3d-features/RGB/v=6iCFrgU0HDA__#00-01-50_00-03-22_label_G-0-0,138,1,explosion
Hear.Me.2009__#01-02-18_01-03-10_label_A,train,/home/aarf101/xd_official/i3d-features/RGB/Hear.Me.2009__#01-02-18_01-03-10_label_A,78,0,
The.Notebook.2004__#00-16-18_00-17-27_label_A,train,/home/aarf101/xd_official/i3d-features/RGB/The.Notebook.2004__#00-16-18_00-17-27_label_A,103,0,
The.Intouchables.2011__#00-33-52_00-38-31_label_A,train,/home/aarf101/xd_official/i3d-features/RGB/The.Intouchables.2011__#00-33-52_00-38-31_label_A,418,0,
v=shYGlPTHH1k__#1_label_B4-0-0,train,/home/aarf101/xd_official/i3d-features/RGB/v=shYGlPTHH1k__#1_label_B4-0-0,87,1,riot
Spectre.2015__#01-00-27_01-02-01_label_A,train,/home/aarf101/xd_official/i3d-features/RGB/Spectre.2015__#01-00-27_01-02-01_label_A,141,0,
Braveheart.1995__#02-43-01_02-46-50_label_B5-0-0,train,/home/aarf101/xd_official/i3d-features/RGB/Braveheart.1995__#02-43-01_02-46-50_label_B5-0-0,343,1,abuse
Tropa.de.Elite.2.2010__#01-07-00_01-10-00_label_B2-B6-0,train,/home/aarf101/xd_official/i3d-features/RGB/Tropa.de.Elite.2.2010__#01-07-00_01-10-00_label_B2-B6-0,270,1,shooting|car_accident
v=hELcbseV61o__#1_label_G-0-0,train,/home/aarf101/xd_official/i3d-features/RGB/v=hELcbseV61o__#1_label_G-0-0,152,1,explosion
v=fkps18H3SXY__#01-48-00_01-54-00_label_A,train,/home/aarf101/xd_official/i3d-features/RGB/v=fkps18H3SXY__#01-48-00_01-54-00_label_A,540,0,
v=FOVMrynP_og__#1_label_A,train,/home/aarf101/xd_official/i3d-features/RGB/v=FOVMrynP_og__#1_label_A,8,0,
Mission.Impossible.V.Rogue.Nation.2015__#00-37-00_00-37-59_label_B1-0-0,train,/home/aarf101/xd_official/i3d-features/RGB/Mission.Impossible.V.Rogue.Nation.2015__#00-37-00_00-37-59_label_B1-0-0,88,1,fighting
Kingsman.The.Golden.Circle.2017__#01-23-29_01-25-11_label_A,train,/home/aarf101/xd_official/i3d-features/RGB/Kingsman.The.Golden.Circle.2017__#01-23-29_01-25-11_label_A,153,0,
Spectre.2015__#02-13-30_02-14-05_label_G-0-0,train,/home/aarf101/xd_official/i3d-features/RGB/Spectre.2015__#02-13-30_02-14-05_label_G-0-0,52,1,explosion
v=hdPTRcsFN5w__#00-09-00_00-12-00_label_A,train,/home/aarf101/xd_official/i3d-features/RGB/v=hdPTRcsFN5w__#00-09-00_00-12-00_label_A,270,0,
The.Hurt.Locker.2008__#0-58-45_0-59-11_label_B2-0-0,train,/home/aarf101/xd_official/i3d-features/RGB/The.Hurt.Locker.2008__#0-58-45_0-59-11_label_B2-0-0,39,1,shooting
v=oqGqvg4zjrY__#1_label_B1-0-0,train,/home/aarf101/xd_official/i3d-features/RGB/v=oqGqvg4zjrY__#1_label_B1-0-0,92,1,fighting
v=WuF-VPAnvE0__#1_label_B4-0-0,train,/home/aarf101/xd_official/i3d-features/RGB/v=WuF-VPAnvE0__#1_label_B4-0-0,71,1,riot
Taken.2.UNRATED.EXTENDED.2012__#00-58-30_00-59-12_label_B2-B1-0,train,/home/aarf101/xd_official/i3d-features/RGB/Taken.2.UNRATED.EXTENDED.2012__#00-58-30_00-59-12_label_B2-B1-0,62,1,shooting|fighting
Taken.Extended.Cut.2008__#00-47-30_00-48-36_label_B1-B2-0,train,/home/aarf101/xd_official/i3d-features/RGB/Taken.Extended.Cut.2008__#00-47-30_00-48-36_label_B1-B2-0,99,1,fighting|shooting
v=Yr41_8QOTF8__#00-39-00_00-42-00_label_A,train,/home/aarf101/xd_official/i3d-features/RGB/v=Yr41_8QOTF8__#00-39-00_00-42-00_label_A,269,0,
v=Blga2WdKDXs__#1_label_A,train,/home/aarf101/xd_official/i3d-features/RGB/v=Blga2WdKDXs__#1_label_A,285,0,
v=0a8dod67ecs__#1_label_A,train,/home/aarf101/xd_official/i3d-features/RGB/v=0a8dod67ecs__#1_label_A,71,0,
Hear.Me.2009__#00-01-45_00-04-15_label_A,train,/home/aarf101/xd_official/i3d-features/RGB/Hear.Me.2009__#00-01-45_00-04-15_label_A,225,0,
v=64zaMwzuZBo__#1_label_A,train,/home/aarf101/xd_official/i3d-features/RGB/v=64zaMwzuZBo__#1_label_A,346,0,
v=idBwMN0E9Qg__#00-10-39_00-18-44_label_B4-0-0,train,/home/aarf101/xd_official/i3d-features/RGB/v=idBwMN0E9Qg__#00-10-39_00-18-44_label_B4-0-0,727,1,riot
v=UrDuQviI_pI__#1_label_B4-0-0,train,/home/aarf101/xd_official/i3d-features/RGB/v=UrDuQviI_pI__#1_label_B4-0-0,33,1,riot
v=v1hVhekoeGs__#1_label_A,train,/home/aarf101/xd_official/i3d-features/RGB/v=v1hVhekoeGs__#1_label_A,921,0,
v=Wfo1lz6nntg__#1_label_A,train,/home/aarf101/xd_official/i3d-features/RGB/v=Wfo1lz6nntg__#1_label_A,197,0,
v=Wr7JadZ_P64__#1_label_A,train,/home/aarf101/xd_official/i3d-features/RGB/v=Wr7JadZ_P64__#1_label_A,225,0,
Rush.Hour.1998.BluRay__#00-37-33_00-38-10_label_B1-0-0,train,/home/aarf101/xd_official/i3d-features/RGB/Rush.Hour.1998.BluRay__#00-37-33_00-38-10_label_B1-0-0,55,1,fighting
v=usAvzbDq6-c__#00-24-00_00-27-00_label_A,train,/home/aarf101/xd_official/i3d-features/RGB/v=usAvzbDq6-c__#00-24-00_00-27-00_label_A,270,0,
Taken.3.2014__#01-16-20_01-17-15_label_B5-0-0,train,/home/aarf101/xd_official/i3d-features/RGB/Taken.3.2014__#01-16-20_01-17-15_label_B5-0-0,82,1,abuse
v=fkps18H3SXY__#01-12-00_01-18-00_label_A,train,/home/aarf101/xd_official/i3d-features/RGB/v=fkps18H3SXY__#01-12-00_01-18-00_label_A,540,0,
v=_YobflFU_HU__#00-03-00_00-04-09_label_B6-0-0,train,/home/aarf101/xd_official/i3d-features/RGB/v=_YobflFU_HU__#00-03-00_00-04-09_label_B6-0-0,103,1,car_accident
City.of.God.2002__#00-21-02_00-22-10_label_A,train,/home/aarf101/xd_official/i3d-features/RGB/City.of.God.2002__#00-21-02_00-22-10_label_A,102,0,
GoldenEye.1995__#01-14-10_01-16-51_label_A,train,/home/aarf101/xd_official/i3d-features/RGB/GoldenEye.1995__#01-14-10_01-16-51_label_A,241,0,
v=83hDjkGyF-E__#1_label_A,train,/home/aarf101/xd_official/i3d-features/RGB/v=83hDjkGyF-E__#1_label_A,86,0,
v=Ix4xrfIVI8Y__#00-00-00_00-33-36_label_A,train,/home/aarf101/xd_official/i3d-features/RGB/v=Ix4xrfIVI8Y__#00-00-00_00-33-36_label_A,3024,0,
Kingsman.The.Golden.Circle.2017__#01-55-34_01-57-36_label_B1-0-0,train,/home/aarf101/xd_official/i3d-features/RGB/Kingsman.The.Golden.Circle.2017__#01-55-34_01-57-36_label_B1-0-0,183,1,fighting
The.Intouchables.2011__#01-26-10_01-28-00_label_A,train,/home/aarf101/xd_official/i3d-features/RGB/The.Intouchables.2011__#01-26-10_01-28-00_label_A,165,0,
Good.Will.Hunting.1997__#01-33-18_01-36-11_label_A,train,/home/aarf101/xd_official/i3d-features/RGB/Good.Will.Hunting.1997__#01-33-18_01-36-11_label_A,259,0,
v=CoxsDkB-rWU__#00-10-30_00-14-50_label_B4-0-0,train,/home/aarf101/xd_official/i3d-features/RGB/v=CoxsDkB-rWU__#00-10-30_00-14-50_label_B4-0-0,390,1,riot
v=1Up20_cLdVQ__#1_label_A,train,/home/aarf101/xd_official/i3d-features/RGB/v=1Up20_cLdVQ__#1_label_A,536,0,
v=k7R_Qo-BiAw__#00-08-35_00-10-25_label_B6-0-0,train,/home/aarf101/xd_official/i3d-features/RGB/v=k7R_Qo-BiAw__#00-08-35_00-10-25_label_B6-0-0,165,1,car_accident
v=3ZdoX9iYRuM__#1_label_A,train,/home/aarf101/xd_official/i3d-features/RGB/v=3ZdoX9iYRuM__#1_label_A,176,0,
v=5Rtsav021Rs__#00-09-00_00-12-30_label_A,train,/home/aarf101/xd_official/i3d-features/RGB/v=5Rtsav021Rs__#00-09-00_00-12-30_label_A,315,0,
Tropa.de.Elite.2007__#01-02-00_01-02-50_label_B2-0-0,train,/home/aarf101/xd_official/i3d-features/RGB/Tropa.de.Elite.2007__#01-02-00_01-02-50_label_B2-0-0,74,1,shooting
Rush.Hour.3.2007.BluRay__#01-18-26_01-18-36_label_B2-0-0,train,/home/aarf101/xd_official/i3d-features/RGB/Rush.Hour.3.2007.BluRay__#01-18-26_01-18-36_label_B2-0-0,14,1,shooting
v=883gJGDi8Xw__#1_label_B6-0-0,train,/home/aarf101/xd_official/i3d-features/RGB/v=883gJGDi8Xw__#1_label_B6-0-0,456,1,car_accident
Shoot.Em.Up.2007__#00-47-30_00-49-40_label_A,train,/home/aarf101/xd_official/i3d-features/RGB/Shoot.Em.Up.2007__#00-47-30_00-49-40_label_A,194,0,
v=jYENhkzdpO8__#00-04-10_00-05-19_label_B6-0-0,train,/home/aarf101/xd_official/i3d-features/RGB/v=jYENhkzdpO8__#00-04-10_00-05-19_label_B6-0-0,103,1,car_accident
Hear.Me.2009__#01-34-18_01-38-11_label_A,train,/home/aarf101/xd_official/i3d-features/RGB/Hear.Me.2009__#01-34-18_01-38-11_label_A,349,0,
v=PWWUHblOmm0__#1_label_A,train,/home/aarf101/xd_official/i3d-features/RGB/v=PWWUHblOmm0__#1_label_A,903,0,
Flipped.2010__#00-55-26_00-57-16_label_A,train,/home/aarf101/xd_official/i3d-features/RGB/Flipped.2010__#00-55-26_00-57-16_label_A,165,0,
v=2REkZG-dhHc__#1_label_A,train,/home/aarf101/xd_official/i3d-features/RGB/v=2REkZG-dhHc__#1_label_A,316,0,
Fast.Furious.6.2013__#01-50-00_01-51-02_label_B1-0-0,train,/home/aarf101/xd_official/i3d-features/RGB/Fast.Furious.6.2013__#01-50-00_01-51-02_label_B1-0-0,93,1,fighting
v=W7FVRlyw6Dg__#1_label_B4-0-0,train,/home/aarf101/xd_official/i3d-features/RGB/v=W7FVRlyw6Dg__#1_label_B4-0-0,271,1,riot
v=uprb6aBzymw__#00-01-51_00-03-03_label_B4-0-0,train,/home/aarf101/xd_official/i3d-features/RGB/v=uprb6aBzymw__#00-01-51_00-03-03_label_B4-0-0,108,1,riot
Tropa.de.Elite.2.2010__#00-33-25_00-35-30_label_B1-0-0,train,/home/aarf101/xd_official/i3d-features/RGB/Tropa.de.Elite.2.2010__#00-33-25_00-35-30_label_B1-0-0,187,1,fighting
v=Cv_8TtGVi9A__#1_label_B6-0-0,train,/home/aarf101/xd_official/i3d-features/RGB/v=Cv_8TtGVi9A__#1_label_B6-0-0,908,1,car_accident
Bad.Boys.1995__#01-00-02_01-01-39_label_A,train,/home/aarf101/xd_official/i3d-features/RGB/Bad.Boys.1995__#01-00-02_01-01-39_label_A,145,0,
v=CoxsDkB-rWU__#00-01-20_00-07-06_label_B4-0-0,train,/home/aarf101/xd_official/i3d-features/RGB/v=CoxsDkB-rWU__#00-01-20_00-07-06_label_B4-0-0,519,1,riot
Skyfall.2012__#00-31-20_00-32-35_label_A,train,/home/aarf101/xd_official/i3d-features/RGB/Skyfall.2012__#00-31-20_00-32-35_label_A,112,0,
IP.Man.2.2010__#00-22-00_00-26-30_label_B1-0-0,train,/home/aarf101/xd_official/i3d-features/RGB/IP.Man.2.2010__#00-22-00_00-26-30_label_B1-0-0,404,1,fighting
v=uKM_o9F6lDQ__#1_label_B4-0-0,train,/home/aarf101/xd_official/i3d-features/RGB/v=uKM_o9F6lDQ__#1_label_B4-0-0,344,1,riot
v=JzrpCC7XmyE__#00-54-00_01-00-00_label_A,train,/home/aarf101/xd_official/i3d-features/RGB/v=JzrpCC7XmyE__#00-54-00_01-00-00_label_A,540,0,
v=MnQyX8iL-Qc__#1_label_A,train,/home/aarf101/xd_official/i3d-features/RGB/v=MnQyX8iL-Qc__#1_label_A,178,0,
v=f6j3YWgVBto__#00-04-40_00-06-16_label_A,train,/home/aarf101/xd_official/i3d-features/RGB/v=f6j3YWgVBto__#00-04-40_00-06-16_label_A,143,0,
v=gclZNrpaICM__#1_label_B4-0-0,train,/home/aarf101/xd_official/i3d-features/RGB/v=gclZNrpaICM__#1_label_B4-0-0,297,1,riot
v=5Tnl7_8RqlA__#00-14-10_00-16-09_label_B6-0-0,train,/home/aarf101/xd_official/i3d-features/RGB/v=5Tnl7_8RqlA__#00-14-10_00-16-09_label_B6-0-0,178,1,car_accident
v=orUyQydBg0U__#1_label_A,train,/home/aarf101/xd_official/i3d-features/RGB/v=orUyQydBg0U__#1_label_A,288,0,
Saving.Private.Ryan.1998__#02-17-44_02-18-50_label_B2-0-0,train,/home/aarf101/xd_official/i3d-features/RGB/Saving.Private.Ryan.1998__#02-17-44_02-18-50_label_B2-0-0,99,1,shooting
v=phvMyYKrZLc__#1_label_B1-0-0,train,/home/aarf101/xd_official/i3d-features/RGB/v=phvMyYKrZLc__#1_label_B1-0-0,137,1,fighting
v=C_QhqqlF8N8__#1_label_A,train,/home/aarf101/xd_official/i3d-features/RGB/v=C_QhqqlF8N8__#1_label_A,148,0,
v=xRxt8u-iaGE__#1_label_A,train,/home/aarf101/xd_official/i3d-features/RGB/v=xRxt8u-iaGE__#1_label_A,268,0,
v=o7cMVWadJRY__#1_label_G-0-0,train,/home/aarf101/xd_official/i3d-features/RGB/v=o7cMVWadJRY__#1_label_G-0-0,159,1,explosion
Bullet.in.the.Head.1990__#00-11-50_00-12-33_label_A,train,/home/aarf101/xd_official/i3d-features/RGB/Bullet.in.the.Head.1990__#00-11-50_00-12-33_label_A,64,0,
v=-n1W0wSv_vQ__#00-00-00_00-01-51_label_B6-0-0,train,/home/aarf101/xd_official/i3d-features/RGB/v=-n1W0wSv_vQ__#00-00-00_00-01-51_label_B6-0-0,166,1,car_accident
v=v4kH4NKp8CU__#1_label_B4-0-0,train,/home/aarf101/xd_official/i3d-features/RGB/v=v4kH4NKp8CU__#1_label_B4-0-0,316,1,riot
v=73uRcX0Dvfc__#00-05-19_00-06-09_label_B6-0-0,train,/home/aarf101/xd_official/i3d-features/RGB/v=73uRcX0Dvfc__#00-05-19_00-06-09_label_B6-0-0,75,1,car_accident
v=LLCUqRKnjeY__#00-03-00_00-04-09_label_B6-0-0,train,/home/aarf101/xd_official/i3d-features/RGB/v=LLCUqRKnjeY__#00-03-00_00-04-09_label_B6-0-0,103,1,car_accident
v=yJ6mgj3ibT8__#1_label_B1-0-0,train,/home/aarf101/xd_official/i3d-features/RGB/v=yJ6mgj3ibT8__#1_label_B1-0-0,318,1,fighting
v=9P0QnY6S-6Y__#1_label_A,train,/home/aarf101/xd_official/i3d-features/RGB/v=9P0QnY6S-6Y__#1_label_A,140,0,
Kingsman.The.Golden.Circle.2017__#00-26-28_00-27-05_label_G-0-0,train,/home/aarf101/xd_official/i3d-features/RGB/Kingsman.The.Golden.Circle.2017__#00-26-28_00-27-05_label_G-0-0,55,1,explosion
Bullet.in.the.Head.1990__#00-54-31_00-56-50_label_B2-B5-G,train,/home/aarf101/xd_official/i3d-features/RGB/Bullet.in.the.Head.1990__#00-54-31_00-56-50_label_B2-B5-G,208,1,shooting|abuse|explosion
Tropa.de.Elite.2.2010__#01-36-12_01-37-40_label_A,train,/home/aarf101/xd_official/i3d-features/RGB/Tropa.de.Elite.2.2010__#01-36-12_01-37-40_label_A,132,0,
v=2Rr21qkZEDQ__#00-04-10_00-06-09_label_B6-0-0,train,/home/aarf101/xd_official/i3d-features/RGB/v=2Rr21qkZEDQ__#00-04-10_00-06-09_label_B6-0-0,178,1,car_accident
v=hdPTRcsFN5w__#00-15-00_00-17-53_label_A,train,/home/aarf101/xd_official/i3d-features/RGB/v=hdPTRcsFN5w__#00-15-00_00-17-53_label_A,259,0,
v=RwpwkSAvMhU__#1_label_A,train,/home/aarf101/xd_official/i3d-features/RGB/v=RwpwkSAvMhU__#1_label_A,48,0,
A.Beautiful.Mind.2001__#00-08-55_00-10-50_label_A,train,/home/aarf101/xd_official/i3d-features/RGB/A.Beautiful.Mind.2001__#00-08-55_00-10-50_label_A,172,0,
v=8tqeeBGjnPg__#00-00-00_00-01-51_label_B6-0-0,train,/home/aarf101/xd_official/i3d-features/RGB/v=8tqeeBGjnPg__#00-00-00_00-01-51_label_B6-0-0,166,1,car_accident
The.World.Is.Not.Enough.1999__#01-40-20_01-40-36_label_G-0-0,train,/home/aarf101/xd_official/i3d-features/RGB/The.World.Is.Not.Enough.1999__#01-40-20_01-40-36_label_G-0-0,24,1,explosion
Flipped.2010__#00-23-50_00-24-31_label_A,train,/home/aarf101/xd_official/i3d-features/RGB/Flipped.2010__#00-23-50_00-24-31_label_A,61,0,
Still.Walking.2008__#00-05-52_00-08-22_label_A,train,/home/aarf101/xd_official/i3d-features/RGB/Still.Walking.2008__#00-05-52_00-08-22_label_A,225,0,
v=eGbGj82SQrE__#1_label_B4-0-0,train,/home/aarf101/xd_official/i3d-features/RGB/v=eGbGj82SQrE__#1_label_B4-0-0,280,1,riot
v=wLmMdYhvBg0__#1_label_A,train,/home/aarf101/xd_official/i3d-features/RGB/v=wLmMdYhvBg0__#1_label_A,185,0,
Deadpool.2016__#01-27-52_01-28-33_label_B1-0-0,train,/home/aarf101/xd_official/i3d-features/RGB/Deadpool.2016__#01-27-52_01-28-33_label_B1-0-0,61,1,fighting
v=eTMszLFSMh8__#1_label_A,train,/home/aarf101/xd_official/i3d-features/RGB/v=eTMszLFSMh8__#1_label_A,1198,0,
Black.Hawk.Down.2001__#00-47-58_00-48-58_label_B2-0-0,train,/home/aarf101/xd_official/i3d-features/RGB/Black.Hawk.Down.2001__#00-47-58_00-48-58_label_B2-0-0,89,1,shooting
v=CoPyMeKWX48__#1_label_G-0-0,train,/home/aarf101/xd_official/i3d-features/RGB/v=CoPyMeKWX48__#1_label_G-0-0,306,1,explosion
The.Secret.Life.of.Walter.Mitty.2013__#01-41-56_01-44-11_label_A,train,/home/aarf101/xd_official/i3d-features/RGB/The.Secret.Life.of.Walter.Mitty.2013__#01-41-56_01-44-11_label_A,202,0,
v=SdYFFo_tsfk__#00-30-00_00-36-00_label_A,train,/home/aarf101/xd_official/i3d-features/RGB/v=SdYFFo_tsfk__#00-30-00_00-36-00_label_A,540,0,
v=Wfu3A22UMcs__#1_label_A,train,/home/aarf101/xd_official/i3d-features/RGB/v=Wfu3A22UMcs__#1_label_A,337,0,
v=6mTIikv5iwU__#1_label_B6-0-0,train,/home/aarf101/xd_official/i3d-features/RGB/v=6mTIikv5iwU__#1_label_B6-0-0,1287,1,car_accident
v=ljCrfzOhn3U__#1_label_B4-0-0,train,/home/aarf101/xd_official/i3d-features/RGB/v=ljCrfzOhn3U__#1_label_B4-0-0,284,1,riot
Taken.2.UNRATED.EXTENDED.2012__#00-12-25_00-13-25_label_B5-0-0,train,/home/aarf101/xd_official/i3d-features/RGB/Taken.2.UNRATED.EXTENDED.2012__#00-12-25_00-13-25_label_B5-0-0,90,1,abuse
IP.Man.2.2010__#01-07-48_01-15-21_label_B1-0-0,train,/home/aarf101/xd_official/i3d-features/RGB/IP.Man.2.2010__#01-07-48_01-15-21_label_B1-0-0,679,1,fighting
Fast.Furious.2009__#00-22-36_00-24-00_label_A,train,/home/aarf101/xd_official/i3d-features/RGB/Fast.Furious.2009__#00-22-36_00-24-00_label_A,126,0,
v=TS_92eKcGMI__#1_label_B1-0-0,train,/home/aarf101/xd_official/i3d-features/RGB/v=TS_92eKcGMI__#1_label_B1-0-0,190,1,fighting
Spectre.2015__#02-03-30_02-04-10_label_A,train,/home/aarf101/xd_official/i3d-features/RGB/Spectre.2015__#02-03-30_02-04-10_label_A,60,0,
Taken.2.UNRATED.EXTENDED.2012__#01-07-51_01-08-15_label_B2-0-0,train,/home/aarf101/xd_official/i3d-features/RGB/Taken.2.UNRATED.EXTENDED.2012__#01-07-51_01-08-15_label_B2-0-0,36,1,shooting
v=jAvOGTD7_pU__#00-15-00_00-18-00_label_A,train,/home/aarf101/xd_official/i3d-features/RGB/v=jAvOGTD7_pU__#00-15-00_00-18-00_label_A,270,0,
Taken.Extended.Cut.2008__#01-16-27_01-18-26_label_B5-B1-B2,train,/home/aarf101/xd_official/i3d-features/RGB/Taken.Extended.Cut.2008__#01-16-27_01-18-26_label_B5-B1-B2,178,1,abuse|fighting|shooting
v=3KyiE_NGsrc__#1_label_A,train,/home/aarf101/xd_official/i3d-features/RGB/v=3KyiE_NGsrc__#1_label_A,160,0,
Death.Proof.2007__#01-42-24_01-48-28_label_B6-0-0,train,/home/aarf101/xd_official/i3d-features/RGB/Death.Proof.2007__#01-42-24_01-48-28_label_B6-0-0,546,1,car_accident
v=XjRhYP-OXdM__#00-12-00_00-15-00_label_A,train,/home/aarf101/xd_official/i3d-features/RGB/v=XjRhYP-OXdM__#00-12-00_00-15-00_label_A,269,0,
v=xMXxxkoRsb0__#1_label_A,train,/home/aarf101/xd_official/i3d-features/RGB/v=xMXxxkoRsb0__#1_label_A,56,0,
v=fAExhzs4qKk__#1_label_G-0-0,train,/home/aarf101/xd_official/i3d-features/RGB/v=fAExhzs4qKk__#1_label_G-0-0,181,1,explosion
v=H9Y5_X1sEEA__#00-18-00_00-21-00_label_A,train,/home/aarf101/xd_official/i3d-features/RGB/v=H9Y5_X1sEEA__#00-18-00_00-21-00_label_A,270,0,
Kill.Bill.Vol.1.2003__#0-46-00_0-48-55_label_A,train,/home/aarf101/xd_official/i3d-features/RGB/Kill.Bill.Vol.1.2003__#0-46-00_0-48-55_label_A,262,0,
v=eIWuveQdMfM__#1_label_B6-0-0,train,/home/aarf101/xd_official/i3d-features/RGB/v=eIWuveQdMfM__#1_label_B6-0-0,108,1,car_accident
v=mt1CmPbc1kI__#1_label_A,train,/home/aarf101/xd_official/i3d-features/RGB/v=mt1CmPbc1kI__#1_label_A,84,0,
v=QURTK9G2oCo__#1_label_A,train,/home/aarf101/xd_official/i3d-features/RGB/v=QURTK9G2oCo__#1_label_A,286,0,
v=9PewfYAzMNs__#00-01-00_00-02-45_label_B6-0-0,train,/home/aarf101/xd_official/i3d-features/RGB/v=9PewfYAzMNs__#00-01-00_00-02-45_label_B6-0-0,157,1,car_accident
v=wfkNZ9lg97w__#1_label_A,train,/home/aarf101/xd_official/i3d-features/RGB/v=wfkNZ9lg97w__#1_label_A,349,0,
Jason.Bourne.2016__#0-31-46_0-32-10_label_B2-B6-0,train,/home/aarf101/xd_official/i3d-features/RGB/Jason.Bourne.2016__#0-31-46_0-32-10_label_B2-B6-0,36,1,shooting|car_accident
v=hvVTFz-oVlg__#1_label_B6-0-0,train,/home/aarf101/xd_official/i3d-features/RGB/v=hvVTFz-oVlg__#1_label_B6-0-0,600,1,car_accident
v=sm32v-vwuiQ__#1_label_A,train,/home/aarf101/xd_official/i3d-features/RGB/v=sm32v-vwuiQ__#1_label_A,274,0,
Rush.Hour.1998.BluRay__#01-18-52_01-20-08_label_B2-B6-0,train,/home/aarf101/xd_official/i3d-features/RGB/Rush.Hour.1998.BluRay__#01-18-52_01-20-08_label_B2-B6-0,114,1,shooting|car_accident
v=TqKwiYXy31A__#1_label_G-0-0,train,/home/aarf101/xd_official/i3d-features/RGB/v=TqKwiYXy31A__#1_label_G-0-0,179,1,explosion
Be.with.You.2018__#00-11-00_00-15-08_label_A,train,/home/aarf101/xd_official/i3d-features/RGB/Be.with.You.2018__#00-11-00_00-15-08_label_A,372,0,
v=H9Y5_X1sEEA__#00-51-00_00-54-00_label_A,train,/home/aarf101/xd_official/i3d-features/RGB/v=H9Y5_X1sEEA__#00-51-00_00-54-00_label_A,270,0,
v=FfrXebzAwOg__#00-08-35_00-10-22_label_B6-0-0,train,/home/aarf101/xd_official/i3d-features/RGB/v=FfrXebzAwOg__#00-08-35_00-10-22_label_B6-0-0,160,1,car_accident
v=U6eE_gbvyQc__#1_label_B4-0-0,train,/home/aarf101/xd_official/i3d-features/RGB/v=U6eE_gbvyQc__#1_label_B4-0-0,210,1,riot
wangted.2008__#0-35-20_0-36-50_label_B5-0-0,train,/home/aarf101/xd_official/i3d-features/RGB/wangted.2008__#0-35-20_0-36-50_label_B5-0-0,135,1,abuse
Death.Proof.2007__#01-48-30_01-49-26_label_B5-0-0,train,/home/aarf101/xd_official/i3d-features/RGB/Death.Proof.2007__#01-48-30_01-49-26_label_B5-0-0,83,1,abuse
v=cvEJ5WFk2KE__#00-00-00_00-03-00_label_A,train,/home/aarf101/xd_official/i3d-features/RGB/v=cvEJ5WFk2KE__#00-00-00_00-03-00_label_A,269,0,
One.Day.2011__#01-07-50_01-14-05_label_A,train,/home/aarf101/xd_official/i3d-features/RGB/One.Day.2011__#01-07-50_01-14-05_label_A,562,0,
v=yhv3bjNJb9Q__#1_label_A,train,/home/aarf101/xd_official/i3d-features/RGB/v=yhv3bjNJb9Q__#1_label_A,294,0,
v=tlFJIG9mTGQ__#00-03-00_00-06-00_label_A,train,/home/aarf101/xd_official/i3d-features/RGB/v=tlFJIG9mTGQ__#00-03-00_00-06-00_label_A,270,0,
Young.And.Dangerous.IV.1997__#01-39-21_01-40-16_label_B1-0-0,train,/home/aarf101/xd_official/i3d-features/RGB/Young.And.Dangerous.IV.1997__#01-39-21_01-40-16_label_B1-0-0,82,1,fighting
v=mr0LHzZz2m8__#1_label_B1-0-0,train,/home/aarf101/xd_official/i3d-features/RGB/v=mr0LHzZz2m8__#1_label_B1-0-0,251,1,fighting
v=Iaon8hM2UbM__#00-00-00_00-30-06_label_B4-0-0,train,/home/aarf101/xd_official/i3d-features/RGB/v=Iaon8hM2UbM__#00-00-00_00-30-06_label_B4-0-0,2709,1,riot
Deadpool.2.2018__#0-19-38_0-21-41_label_A,train,/home/aarf101/xd_official/i3d-features/RGB/Deadpool.2.2018__#0-19-38_0-21-41_label_A,184,0,
Your.Name.2016__#01-36-20_01-40-41_label_A,train,/home/aarf101/xd_official/i3d-features/RGB/Your.Name.2016__#01-36-20_01-40-41_label_A,391,0,
v=6QGDA-AS-Ac__#1_label_G-0-0,train,/home/aarf101/xd_official/i3d-features/RGB/v=6QGDA-AS-Ac__#1_label_G-0-0,95,1,explosion
v=Bpg0UfpuUAs__#1_label_B4-0-0,train,/home/aarf101/xd_official/i3d-features/RGB/v=Bpg0UfpuUAs__#1_label_B4-0-0,170,1,riot
v=7JKWRE9yx5M__#1_label_B4-0-0,train,/home/aarf101/xd_official/i3d-features/RGB/v=7JKWRE9yx5M__#1_label_B4-0-0,99,1,riot
v=oF3NZ-HtV70__#1_label_B4-0-0,train,/home/aarf101/xd_official/i3d-features/RGB/v=oF3NZ-HtV70__#1_label_B4-0-0,157,1,riot
v=jAvOGTD7_pU__#00-06-00_00-09-00_label_A,train,/home/aarf101/xd_official/i3d-features/RGB/v=jAvOGTD7_pU__#00-06-00_00-09-00_label_A,270,0,
Sin.City.2005__#01-13-58_01-15-00_label_B2-0-0,train,/home/aarf101/xd_official/i3d-features/RGB/Sin.City.2005__#01-13-58_01-15-00_label_B2-0-0,93,1,shooting
v=3A07-qclqpk__#1_label_A,train,/home/aarf101/xd_official/i3d-features/RGB/v=3A07-qclqpk__#1_label_A,257,0,
Fury.2014__#01-42-02_01-47-12_label_B2-G-0,train,/home/aarf101/xd_official/i3d-features/RGB/Fury.2014__#01-42-02_01-47-12_label_B2-G-0,465,1,shooting|explosion
v=-8O0_tG44IM__#1_label_B6-0-0,train,/home/aarf101/xd_official/i3d-features/RGB/v=-8O0_tG44IM__#1_label_B6-0-0,1147,1,car_accident
Saving.Private.Ryan.1998__#02-23-28_02-23-58_label_B2-0-0,train,/home/aarf101/xd_official/i3d-features/RGB/Saving.Private.Ryan.1998__#02-23-28_02-23-58_label_B2-0-0,45,1,shooting
v=lxpWeUrO9k8__#1_label_B4-0-0,train,/home/aarf101/xd_official/i3d-features/RGB/v=lxpWeUrO9k8__#1_label_B4-0-0,2177,1,riot
v=rv0_7xq2LP4__#1_label_B1-0-0,train,/home/aarf101/xd_official/i3d-features/RGB/v=rv0_7xq2LP4__#1_label_B1-0-0,255,1,fighting
v=uL96EB8N9L8__#1_label_A,train,/home/aarf101/xd_official/i3d-features/RGB/v=uL96EB8N9L8__#1_label_A,274,0,
Ip.Man.2008__#01-07-54_01-08-34_label_B1-0-0,train,/home/aarf101/xd_official/i3d-features/RGB/Ip.Man.2008__#01-07-54_01-08-34_label_B1-0-0,60,1,fighting
Bullet.in.the.Head.1990__#01-54-10_01-55-41_label_A,train,/home/aarf101/xd_official/i3d-features/RGB/Bullet.in.the.Head.1990__#01-54-10_01-55-41_label_A,136,0,
v=xQHgnSWizWE__#00-00-00_00-03-00_label_A,train,/home/aarf101/xd_official/i3d-features/RGB/v=xQHgnSWizWE__#00-00-00_00-03-00_label_A,270,0,
Good.Will.Hunting.1997__#00-32-07_00-35-00_label_A,train,/home/aarf101/xd_official/i3d-features/RGB/Good.Will.Hunting.1997__#00-32-07_00-35-00_label_A,259,0,
Rush.Hour.1998.BluRay__#00-07-26_00-08-02_label_B1-0-0,train,/home/aarf101/xd_official/i3d-features/RGB/Rush.Hour.1998.BluRay__#00-07-26_00-08-02_label_B1-0-0,54,1,fighting
v=nC1GrbpCyd4__#1_label_A,train,/home/aarf101/xd_official/i3d-features/RGB/v=nC1GrbpCyd4__#1_label_A,284,0,
v=qmsQ-obL1Z4__#00-13-00_00-16-10_label_B6-0-0,train,/home/aarf101/xd_official/i3d-features/RGB/v=qmsQ-obL1Z4__#00-13-00_00-16-10_label_B6-0-0,284,1,car_accident
v=hnqpujmdb3g__#1_label_A,train,/home/aarf101/xd_official/i3d-features/RGB/v=hnqpujmdb3g__#1_label_A,177,0,
v=C1ZCZ-PBGzI__#00-14-59_00-15-45_label_B6-0-0,train,/home/aarf101/xd_official/i3d-features/RGB/v=C1ZCZ-PBGzI__#00-14-59_00-15-45_label_B6-0-0,69,1,car_accident
Flipped.2010__#00-11-00_00-15-08_label_A,train,/home/aarf101/xd_official/i3d-features/RGB/Flipped.2010__#00-11-00_00-15-08_label_A,372,0,
v=h0frn7-aeh8__#00-01-00_00-02-45_label_B6-0-0,train,/home/aarf101/xd_official/i3d-features/RGB/v=h0frn7-aeh8__#00-01-00_00-02-45_label_B6-0-0,157,1,car_accident
Lord.of.War__#01-44-03_01-44-50_label_G-B2-B1,train,/home/aarf101/xd_official/i3d-features/RGB/Lord.of.War__#01-44-03_01-44-50_label_G-B2-B1,70,1,explosion|shooting|fighting
v=y7JEq-kf-2I__#00-04-40_00-06-50_label_A,train,/home/aarf101/xd_official/i3d-features/RGB/v=y7JEq-kf-2I__#00-04-40_00-06-50_label_A,194,0,
v=HSisjzLESak__#00-04-10_00-05-12_label_B6-0-0,train,/home/aarf101/xd_official/i3d-features/RGB/v=HSisjzLESak__#00-04-10_00-05-12_label_B6-0-0,93,1,car_accident
v=LdpHrAESsrY__#1_label_A,train,/home/aarf101/xd_official/i3d-features/RGB/v=LdpHrAESsrY__#1_label_A,345,0,
v=X1arMZmYhsk__#00-00-00_00-00-51_label_B6-0-0,train,/home/aarf101/xd_official/i3d-features/RGB/v=X1arMZmYhsk__#00-00-00_00-00-51_label_B6-0-0,76,1,car_accident
Mission.Impossible.III.2006__#00-20-44_00-21-20_label_G-0-0,train,/home/aarf101/xd_official/i3d-features/RGB/Mission.Impossible.III.2006__#00-20-44_00-21-20_label_G-0-0,54,1,explosion
v=uzBQ0QR1jCE__#00-00-00_00-01-00_label_G-0-0,train,/home/aarf101/xd_official/i3d-features/RGB/v=uzBQ0QR1jCE__#00-00-00_00-01-00_label_G-0-0,89,1,explosion
City.of.God.2002__#00-44-06_00-45-30_label_A,train,/home/aarf101/xd_official/i3d-features/RGB/City.of.God.2002__#00-44-06_00-45-30_label_A,125,0,
v=15wDrZJQpsw__#00-07-40_00-08-50_label_B6-0-0,train,/home/aarf101/xd_official/i3d-features/RGB/v=15wDrZJQpsw__#00-07-40_00-08-50_label_B6-0-0,105,1,car_accident
Saving.Private.Ryan.1998__#00-09-34_00-10-31_label_G-B2-0,train,/home/aarf101/xd_official/i3d-features/RGB/Saving.Private.Ryan.1998__#00-09-34_00-10-31_label_G-B2-0,85,1,explosion|shooting
Saving.Private.Ryan.1998__#02-19-02_02-20-00_label_B2-0-0,train,/home/aarf101/xd_official/i3d-features/RGB/Saving.Private.Ryan.1998__#02-19-02_02-20-00_label_B2-0-0,87,1,shooting
Mission.Impossible.II.2000__#01-55-15_01-55-36_label_B2-0-0,train,/home/aarf101/xd_official/i3d-features/RGB/Mission.Impossible.II.2000__#01-55-15_01-55-36_label_B2-0-0,31,1,shooting
Before.Sunset.2004__#00-32-07_00-36-45_label_A,train,/home/aarf101/xd_official/i3d-features/RGB/Before.Sunset.2004__#00-32-07_00-36-45_label_A,417,0,
Shoot.Em.Up.2007__#00-11-10_00-12-10_label_B2-B1-0,train,/home/aarf101/xd_official/i3d-features/RGB/Shoot.Em.Up.2007__#00-11-10_00-12-10_label_B2-B1-0,90,1,shooting|fighting
v=3K40LT7Q_7s__#1_label_A,train,/home/aarf101/xd_official/i3d-features/RGB/v=3K40LT7Q_7s__#1_label_A,92,0,
v=I9qAzdV9AmU__#1_label_A,train,/home/aarf101/xd_official/i3d-features/RGB/v=I9qAzdV9AmU__#1_label_A,143,0,
v=Wj1Xw2_duq8__#1_label_A,train,/home/aarf101/xd_official/i3d-features/RGB/v=Wj1Xw2_duq8__#1_label_A,703,0,
v=hSE6yhm6hW8__#1_label_A,train,/home/aarf101/xd_official/i3d-features/RGB/v=hSE6yhm6hW8__#1_label_A,298,0,
Tropa.de.Elite.2.2010__#00-38-20_00-39-30_label_B2-0-0,train,/home/aarf101/xd_official/i3d-features/RGB/Tropa.de.Elite.2.2010__#00-38-20_00-39-30_label_B2-0-0,105,1,shooting
A.Beautiful.Mind.2001__#00-37-40_00-40-31_label_A,train,/home/aarf101/xd_official/i3d-features/RGB/A.Beautiful.Mind.2001__#00-37-40_00-40-31_label_A,256,0,
Hot.Fuzz.2007__#01-47-20_01-48-30_label_B1-0-0,train,/home/aarf101/xd_official/i3d-features/RGB/Hot.Fuzz.2007__#01-47-20_01-48-30_label_B1-0-0,105,1,fighting
City.of.God.2002__#01-34-52_01-35-26_label_A,train,/home/aarf101/xd_official/i3d-features/RGB/City.of.God.2002__#01-34-52_01-35-26_label_A,51,0,
v=CvLPZjcxvCI__#1_label_B4-0-0,train,/home/aarf101/xd_official/i3d-features/RGB/v=CvLPZjcxvCI__#1_label_B4-0-0,171,1,riot
Jason.Bourne.2016__#0-25-22_0-26-14_label_B1-B4-0,train,/home/aarf101/xd_official/i3d-features/RGB/Jason.Bourne.2016__#0-25-22_0-26-14_label_B1-B4-0,78,1,fighting|riot
Mission.Impossible.V.Rogue.Nation.2015__#00-50-43_00-50-56_label_B2-0-0,train,/home/aarf101/xd_official/i3d-features/RGB/Mission.Impossible.V.Rogue.Nation.2015__#00-50-43_00-50-56_label_B2-0-0,19,1,shooting
Hot.Fuzz.2007__#01-52-53_01-53-34_label_G-0-0,train,/home/aarf101/xd_official/i3d-features/RGB/Hot.Fuzz.2007__#01-52-53_01-53-34_label_G-0-0,61,1,explosion
Deadpool.2.2018__#0-55-12_0-56-27_label_B1-B2-0,train,/home/aarf101/xd_official/i3d-features/RGB/Deadpool.2.2018__#0-55-12_0-56-27_label_B1-B2-0,112,1,fighting|shooting
v=SKv-FNBtPfg__#1_label_B4-0-0,train,/home/aarf101/xd_official/i3d-features/RGB/v=SKv-FNBtPfg__#1_label_B4-0-0,246,1,riot
v=oKaT9PV5b6o__#1_label_A,train,/home/aarf101/xd_official/i3d-features/RGB/v=oKaT9PV5b6o__#1_label_A,319,0,
v=wVey5JDRf_g__#00-02-51_00-04-08_label_B6-0-0,train,/home/aarf101/xd_official/i3d-features/RGB/v=wVey5JDRf_g__#00-02-51_00-04-08_label_B6-0-0,115,1,car_accident
v=LkkoipoWeSs__#00-02-57_00-05-06_label_B4-0-0,train,/home/aarf101/xd_official/i3d-features/RGB/v=LkkoipoWeSs__#00-02-57_00-05-06_label_B4-0-0,193,1,riot
Love.Death.and.Robots.S01E13__#0-07-49_0-11-46_label_B2-G-0,train,/home/aarf101/xd_official/i3d-features/RGB/Love.Death.and.Robots.S01E13__#0-07-49_0-11-46_label_B2-G-0,355,1,shooting|explosion
Fast.Five.2011__#00-35-08_00-36-50_label_A,train,/home/aarf101/xd_official/i3d-features/RGB/Fast.Five.2011__#00-35-08_00-36-50_label_A,153,0,
v=JzrpCC7XmyE__#01-30-00_01-36-00_label_A,train,/home/aarf101/xd_official/i3d-features/RGB/v=JzrpCC7XmyE__#01-30-00_01-36-00_label_A,540,0,
Bullet.in.the.Head.1990__#01-59-31_02-01-50_label_B6-B2-G,train,/home/aarf101/xd_official/i3d-features/RGB/Bullet.in.the.Head.1990__#01-59-31_02-01-50_label_B6-B2-G,208,1,car_accident|shooting|explosion
v=LDAwF7mnYE8__#1_label_A,train,/home/aarf101/xd_official/i3d-features/RGB/v=LDAwF7mnYE8__#1_label_A,722,0,
v=F1ZSPzNiyNE__#1_label_B4-0-0,train,/home/aarf101/xd_official/i3d-features/RGB/v=F1ZSPzNiyNE__#1_label_B4-0-0,75,1,riot
v=l6o4KXvm_AM__#1_label_A,train,/home/aarf101/xd_official/i3d-features/RGB/v=l6o4KXvm_AM__#1_label_A,8,0,
Young.And.Dangerous.III.1996__#00-12-05_00-13-06_label_A,train,/home/aarf101/xd_official/i3d-features/RGB/Young.And.Dangerous.III.1996__#00-12-05_00-13-06_label_A,91,0,
v=tP19WuyY3IY__#00-10-10_00-12-09_label_B6-0-0,train,/home/aarf101/xd_official/i3d-features/RGB/v=tP19WuyY3IY__#00-10-10_00-12-09_label_B6-0-0,178,1,car_accident
Shoplifters.2018__#00-51-55_00-55-16_label_A,train,/home/aarf101/xd_official/i3d-features/RGB/Shoplifters.2018__#00-51-55_00-55-16_label_A,301,0,
v=-n1W0wSv_vQ__#00-05-19_00-06-00_label_B6-0-0,train,/home/aarf101/xd_official/i3d-features/RGB/v=-n1W0wSv_vQ__#00-05-19_00-06-00_label_B6-0-0,61,1,car_accident
v=0vVOXlgHC1U__#00-18-00_00-24-00_label_A,train,/home/aarf101/xd_official/i3d-features/RGB/v=0vVOXlgHC1U__#00-18-00_00-24-00_label_A,540,0,
v=fcnkJ0ZiA20__#1_label_A,train,/home/aarf101/xd_official/i3d-features/RGB/v=fcnkJ0ZiA20__#1_label_A,302,0,
v=9eME1y6V-T4__#01-12-00_01-18-00_label_A,train,/home/aarf101/xd_official/i3d-features/RGB/v=9eME1y6V-T4__#01-12-00_01-18-00_label_A,540,0,
Mission.Impossible.II.2000__#00-32-03_00-32-56_label_A,train,/home/aarf101/xd_official/i3d-features/RGB/Mission.Impossible.II.2000__#00-32-03_00-32-56_label_A,79,0,
v=yOJe0-5FlRc__#1_label_G-0-0,train,/home/aarf101/xd_official/i3d-features/RGB/v=yOJe0-5FlRc__#1_label_G-0-0,33,1,explosion
v=_YobflFU_HU__#00-09-00_00-10-49_label_B6-0-0,train,/home/aarf101/xd_official/i3d-features/RGB/v=_YobflFU_HU__#00-09-00_00-10-49_label_B6-0-0,163,1,car_accident
v=k7R_Qo-BiAw__#00-03-00_00-04-09_label_B6-0-0,train,/home/aarf101/xd_official/i3d-features/RGB/v=k7R_Qo-BiAw__#00-03-00_00-04-09_label_B6-0-0,103,1,car_accident
Tropa.de.Elite.2007__#01-34-17_01-34-40_label_B2-0-0,train,/home/aarf101/xd_official/i3d-features/RGB/Tropa.de.Elite.2007__#01-34-17_01-34-40_label_B2-0-0,34,1,shooting
v=DOMwKUIvcFw__#1_label_B1-0-0,train,/home/aarf101/xd_official/i3d-features/RGB/v=DOMwKUIvcFw__#1_label_B1-0-0,326,1,fighting
Flipped.2010__#01-14-30_01-16-51_label_A,train,/home/aarf101/xd_official/i3d-features/RGB/Flipped.2010__#01-14-30_01-16-51_label_A,211,0,
v=lYIQy0-geiY__#1_label_A,train,/home/aarf101/xd_official/i3d-features/RGB/v=lYIQy0-geiY__#1_label_A,137,0,
Deadpool.2016__#0-28-34_0-29-54_label_B1-0-0,train,/home/aarf101/xd_official/i3d-features/RGB/Deadpool.2016__#0-28-34_0-29-54_label_B1-0-0,120,1,fighting
v=idoD_tYTKtc__#00-04-10_00-05-00_label_B6-0-0,train,/home/aarf101/xd_official/i3d-features/RGB/v=idoD_tYTKtc__#00-04-10_00-05-00_label_B6-0-0,75,1,car_accident
v=Dp8eCpcOgzE__#1_label_A,train,/home/aarf101/xd_official/i3d-features/RGB/v=Dp8eCpcOgzE__#1_label_A,166,0,
Hear.Me.2009__#00-08-55_00-10-50_label_A,train,/home/aarf101/xd_official/i3d-features/RGB/Hear.Me.2009__#00-08-55_00-10-50_label_A,172,0,
Hear.Me.2009__#00-51-55_00-55-16_label_A,train,/home/aarf101/xd_official/i3d-features/RGB/Hear.Me.2009__#00-51-55_00-55-16_label_A,301,0,
Bullet.in.the.Head.1990__#00-46-24_00-48-52_label_A,train,/home/aarf101/xd_official/i3d-features/RGB/Bullet.in.the.Head.1990__#00-46-24_00-48-52_label_A,222,0,
v=WQjp06C3-y4__#1_label_B1-0-0,train,/home/aarf101/xd_official/i3d-features/RGB/v=WQjp06C3-y4__#1_label_B1-0-0,284,1,fighting
v=MlSR27BhmmY__#1_label_A,train,/home/aarf101/xd_official/i3d-features/RGB/v=MlSR27BhmmY__#1_label_A,545,0,
v=FzMOkrfv0uQ__#1_label_B4-0-0,train,/home/aarf101/xd_official/i3d-features/RGB/v=FzMOkrfv0uQ__#1_label_B4-0-0,240,1,riot
City.of.God.2002__#01-26-21_01-27-25_label_B2-0-0,train,/home/aarf101/xd_official/i3d-features/RGB/City.of.God.2002__#01-26-21_01-27-25_label_B2-0-0,96,1,shooting
v=66ZSIgJkQ-o__#1_label_B1-0-0,train,/home/aarf101/xd_official/i3d-features/RGB/v=66ZSIgJkQ-o__#1_label_B1-0-0,101,1,fighting
The.World.Is.Not.Enough.1999__#00-02-15_00-02-45_label_G-B2-B1,train,/home/aarf101/xd_official/i3d-features/RGB/The.World.Is.Not.Enough.1999__#00-02-15_00-02-45_label_G-B2-B1,45,1,explosion|shooting|fighting
Casino.Royale.2006__#01-38-18_01-45-44_label_A,train,/home/aarf101/xd_official/i3d-features/RGB/Casino.Royale.2006__#01-38-18_01-45-44_label_A,669,0,
Fast.Furious.6.2013__#01-57-49_02-02-00_label_A,train,/home/aarf101/xd_official/i3d-features/RGB/Fast.Furious.6.2013__#01-57-49_02-02-00_label_A,376,0,
v=4sbvmkX9mDY__#1_label_A,train,/home/aarf101/xd_official/i3d-features/RGB/v=4sbvmkX9mDY__#1_label_A,307,0,
Operation.Red.Sea.2018__#0-19-56_0-20-58_label_A,train,/home/aarf101/xd_official/i3d-features/RGB/Operation.Red.Sea.2018__#0-19-56_0-20-58_label_A,92,0,
Bullet.in.the.Head.1990__#00-10-30_00-11-45_label_B1-0-0,train,/home/aarf101/xd_official/i3d-features/RGB/Bullet.in.the.Head.1990__#00-10-30_00-11-45_label_B1-0-0,112,1,fighting
Kill.Bill.Vol.2.2004__#0-12-30_0-14-20_label_A,train,/home/aarf101/xd_official/i3d-features/RGB/Kill.Bill.Vol.2.2004__#0-12-30_0-14-20_label_A,165,0,
Taken.3.2014__#01-22-23_01-23-15_label_A,train,/home/aarf101/xd_official/i3d-features/RGB/Taken.3.2014__#01-22-23_01-23-15_label_A,78,0,
v=-_6vGj67Iq8__#1_label_G-0-0,train,/home/aarf101/xd_official/i3d-features/RGB/v=-_6vGj67Iq8__#1_label_G-0-0,212,1,explosion
v=4xBNjEbLekg__#1_label_B4-0-0,train,/home/aarf101/xd_official/i3d-features/RGB/v=4xBNjEbLekg__#1_label_B4-0-0,379,1,riot
v=3FXUw98rrUY__#1_label_A,train,/home/aarf101/xd_official/i3d-features/RGB/v=3FXUw98rrUY__#1_label_A,68,0,
Saving.Private.Ryan.1998__#00-33-15_00-36-11_label_A,train,/home/aarf101/xd_official/i3d-features/RGB/Saving.Private.Ryan.1998__#00-33-15_00-36-11_label_A,264,0,
v=FfrXebzAwOg__#00-00-00_00-00-51_label_B6-0-0,train,/home/aarf101/xd_official/i3d-features/RGB/v=FfrXebzAwOg__#00-00-00_00-00-51_label_B6-0-0,76,1,car_accident
Bad.Boys.1995__#00-12-52_00-15-08_label_A,train,/home/aarf101/xd_official/i3d-features/RGB/Bad.Boys.1995__#00-12-52_00-15-08_label_A,204,0,
Fast.Five.2011__#01-50-02_01-50-38_label_B6-0-0,train,/home/aarf101/xd_official/i3d-features/RGB/Fast.Five.2011__#01-50-02_01-50-38_label_B6-0-0,54,1,car_accident
v=_HKhtGbSyUY__#1_label_A,train,/home/aarf101/xd_official/i3d-features/RGB/v=_HKhtGbSyUY__#1_label_A,112,0,
v=NeAC-MfTZzU__#00-03-00_00-06-00_label_A,train,/home/aarf101/xd_official/i3d-features/RGB/v=NeAC-MfTZzU__#00-03-00_00-06-00_label_A,270,0,
v=dOUiP6CClqc__#1_label_B4-0-0,train,/home/aarf101/xd_official/i3d-features/RGB/v=dOUiP6CClqc__#1_label_B4-0-0,174,1,riot
v=XB4wO2YEEK8__#1_label_B1-0-0,train,/home/aarf101/xd_official/i3d-features/RGB/v=XB4wO2YEEK8__#1_label_B1-0-0,292,1,fighting
Shoot.Em.Up.2007__#00-59-28_01-01-20_label_B2-B6-0,train,/home/aarf101/xd_official/i3d-features/RGB/Shoot.Em.Up.2007__#00-59-28_01-01-20_label_B2-B6-0,168,1,shooting|car_accident
v=oHAl85RbS5w__#00-01-40_00-04-37_label_B4-0-0,train,/home/aarf101/xd_official/i3d-features/RGB/v=oHAl85RbS5w__#00-01-40_00-04-37_label_B4-0-0,265,1,riot
Bullet.in.the.Head.1990__#00-56-51_00-57-52_label_A,train,/home/aarf101/xd_official/i3d-features/RGB/Bullet.in.the.Head.1990__#00-56-51_00-57-52_label_A,91,0,
Brick.Mansions.2014__#00-17-12_00-17-40_label_B2-0-0,train,/home/aarf101/xd_official/i3d-features/RGB/Brick.Mansions.2014__#00-17-12_00-17-40_label_B2-0-0,41,1,shooting
Salt.2010__#00-13-05_00-13-40_label_B5-0-0,train,/home/aarf101/xd_official/i3d-features/RGB/Salt.2010__#00-13-05_00-13-40_label_B5-0-0,52,1,abuse
Gladiator.2000__#00-59-29_01-02-19_label_B1-0-0,train,/home/aarf101/xd_official/i3d-features/RGB/Gladiator.2000__#00-59-29_01-02-19_label_B1-0-0,255,1,fighting
v=enYITYwvPAQ__#00-24-00_00-27-00_label_A,train,/home/aarf101/xd_official/i3d-features/RGB/v=enYITYwvPAQ__#00-24-00_00-27-00_label_A,270,0,
Bad.Boys.1995__#01-07-01_01-08-13_label_B1-0-0,train,/home/aarf101/xd_official/i3d-features/RGB/Bad.Boys.1995__#01-07-01_01-08-13_label_B1-0-0,108,1,fighting
Sin.City.2005__#0-29-56_0-30-21_label_B1-B2-0,train,/home/aarf101/xd_official/i3d-features/RGB/Sin.City.2005__#0-29-56_0-30-21_label_B1-B2-0,37,1,fighting|shooting
v=ll9dxM3KArA__#00-03-00_00-04-09_label_B6-0-0,train,/home/aarf101/xd_official/i3d-features/RGB/v=ll9dxM3KArA__#00-03-00_00-04-09_label_B6-0-0,103,1,car_accident
The.Bourne.Legacy.2012__#0-28-30_0-30-20_label_G-0-0,train,/home/aarf101/xd_official/i3d-features/RGB/The.Bourne.Legacy.2012__#0-28-30_0-30-20_label_G-0-0,165,1,explosion
Mission.Impossible.II.2000__#01-22-53_01-23-16_label_G-0-0,train,/home/aarf101/xd_official/i3d-features/RGB/Mission.Impossible.II.2000__#01-22-53_01-23-16_label_G-0-0,34,1,explosion
Shoplifters.2018__#00-40-52_00-42-31_label_A,train,/home/aarf101/xd_official/i3d-features/RGB/Shoplifters.2018__#00-40-52_00-42-31_label_A,148,0,
Law.Abiding.Citizen.2009__#00-01-31_00-02-49_label_B1-B5-0,train,/home/aarf101/xd_official/i3d-features/RGB/Law.Abiding.Citizen.2009__#00-01-31_00-02-49_label_B1-B5-0,117,1,fighting|abuse
Fast.Five.2011__#01-05-32_01-06-05_label_A,train,/home/aarf101/xd_official/i3d-features/RGB/Fast.Five.2011__#01-05-32_01-06-05_label_A,49,0,
Saving.Private.Ryan.1998__#00-10-58_00-23-50_label_B2-G-0,train,/home/aarf101/xd_official/i3d-features/RGB/Saving.Private.Ryan.1998__#00-10-58_00-23-50_label_B2-G-0,1158,1,shooting|explosion
v=IV9Noc-d41Q__#1_label_A,train,/home/aarf101/xd_official/i3d-features/RGB/v=IV9Noc-d41Q__#1_label_A,234,0,
v=9hbxsGFK4I4__#1_label_B4-0-0,train,/home/aarf101/xd_official/i3d-features/RGB/v=9hbxsGFK4I4__#1_label_B4-0-0,328,1,riot
v=HS61Ej-uuEk__#1_label_A,train,/home/aarf101/xd_official/i3d-features/RGB/v=HS61Ej-uuEk__#1_label_A,89,0,
Salt.2010__#00-38-13_00-39-13_label_A,train,/home/aarf101/xd_official/i3d-features/RGB/Salt.2010__#00-38-13_00-39-13_label_A,90,0,
v=5Tnl7_8RqlA__#00-08-35_00-10-25_label_B6-0-0,train,/home/aarf101/xd_official/i3d-features/RGB/v=5Tnl7_8RqlA__#00-08-35_00-10-25_label_B6-0-0,165,1,car_accident
Mindhunters.2004__#01-38-00_01-39-00_label_B2-0-0,train,/home/aarf101/xd_official/i3d-features/RGB/Mindhunters.2004__#01-38-00_01-39-00_label_B2-0-0,90,1,shooting
v=roPnnUis9mM__#1_label_G-0-0,train,/home/aarf101/xd_official/i3d-features/RGB/v=roPnnUis9mM__#1_label_G-0-0,248,1,explosion
Kill.Bill.Vol.2.2004__#0-44-18_0-49-18_label_A,train,/home/aarf101/xd_official/i3d-features/RGB/Kill.Bill.Vol.2.2004__#0-44-18_0-49-18_label_A,450,0,
v=WmfCZjLSiak__#1_label_G-0-0,train,/home/aarf101/xd_official/i3d-features/RGB/v=WmfCZjLSiak__#1_label_G-0-0,130,1,explosion
v=BNFMU8XUalc__#1_label_A,train,/home/aarf101/xd_official/i3d-features/RGB/v=BNFMU8XUalc__#1_label_A,142,0,
From.Dusk.Till.Dawn.1996__#00-06-15_00-07-30_label_B2-0-0,train,/home/aarf101/xd_official/i3d-features/RGB/From.Dusk.Till.Dawn.1996__#00-06-15_00-07-30_label_B2-0-0,112,1,shooting
v=waM5xzhjG48__#1_label_A,train,/home/aarf101/xd_official/i3d-features/RGB/v=waM5xzhjG48__#1_label_A,1323,0,
Kingsman.The.Secret.Service.2014__#00-20-40_00-21-40_label_B1-0-0,train,/home/aarf101/xd_official/i3d-features/RGB/Kingsman.The.Secret.Service.2014__#00-20-40_00-21-40_label_B1-0-0,90,1,fighting
Fury.2014__#00-09-04_00-10-42_label_A,train,/home/aarf101/xd_official/i3d-features/RGB/Fury.2014__#00-09-04_00-10-42_label_A,146,0,
Mission.Impossible.II.2000__#01-45-43_01-46-20_label_B6-G-0,train,/home/aarf101/xd_official/i3d-features/RGB/Mission.Impossible.II.2000__#01-45-43_01-46-20_label_B6-G-0,55,1,car_accident|explosion
v=vFPQ_NiDBIU__#02-54-00_03-00-00_label_A,train,/home/aarf101/xd_official/i3d-features/RGB/v=vFPQ_NiDBIU__#02-54-00_03-00-00_label_A,539,0,
Sin.City.2005__#01-53-40_01-54-12_label_B5-0-0,train,/home/aarf101/xd_official/i3d-features/RGB/Sin.City.2005__#01-53-40_01-54-12_label_B5-0-0,48,1,abuse
Rush.Hour.3.2007.BluRay__#00-18-21_00-18-47_label_B2-0-0,train,/home/aarf101/xd_official/i3d-features/RGB/Rush.Hour.3.2007.BluRay__#00-18-21_00-18-47_label_B2-0-0,39,1,shooting
v=vFPQ_NiDBIU__#00-36-00_00-42-00_label_A,train,/home/aarf101/xd_official/i3d-features/RGB/v=vFPQ_NiDBIU__#00-36-00_00-42-00_label_A,539,0,
v=Xs8fRP0_o8w__#1_label_A,train,/home/aarf101/xd_official/i3d-features/RGB/v=Xs8fRP0_o8w__#1_label_A,353,0,
The.Attorney.2013__#00-20-35_00-23-06_label_A,train,/home/aarf101/xd_official/i3d-features/RGB/The.Attorney.2013__#00-20-35_00-23-06_label_A,226,0,
Taken.2.UNRATED.EXTENDED.2012__#00-31-10_00-31-40_label_B2-B6-0,train,/home/aarf101/xd_official/i3d-features/RGB/Taken.2.UNRATED.EXTENDED.2012__#00-31-10_00-31-40_label_B2-B6-0,45,1,shooting|car_accident
v=rR-F1X08BYQ__#1_label_B1-0-0,train,/home/aarf101/xd_official/i3d-features/RGB/v=rR-F1X08BYQ__#1_label_B1-0-0,235,1,fighting
Young.And.Dangerous.I.1996__#01-33-00_01-33-30_label_B2-0-0,train,/home/aarf101/xd_official/i3d-features/RGB/Young.And.Dangerous.I.1996__#01-33-00_01-33-30_label_B2-0-0,45,1,shooting
v=ymoIv96o8JU__#1_label_A,train,/home/aarf101/xd_official/i3d-features/RGB/v=ymoIv96o8JU__#1_label_A,263,0,
v=AqFWYZsOgWY__#00-03-00_00-06-00_label_A,train,/home/aarf101/xd_official/i3d-features/RGB/v=AqFWYZsOgWY__#00-03-00_00-06-00_label_A,270,0,
v=D1eP4Bn4hDQ__#00-03-27_00-04-55_label_B6-0-0,train,/home/aarf101/xd_official/i3d-features/RGB/v=D1eP4Bn4hDQ__#00-03-27_00-04-55_label_B6-0-0,131,1,car_accident
v=i9EoT5orLEw__#1_label_B4-0-0,train,/home/aarf101/xd_official/i3d-features/RGB/v=i9EoT5orLEw__#1_label_B4-0-0,227,1,riot
The.Bourne.Ultimatum.2007__#0-05-52_0-07-11_label_A,train,/home/aarf101/xd_official/i3d-features/RGB/The.Bourne.Ultimatum.2007__#0-05-52_0-07-11_label_A,118,0,
v=GqMh_HBNWZE__#00-04-10_00-06-09_label_B6-0-0,train,/home/aarf101/xd_official/i3d-features/RGB/v=GqMh_HBNWZE__#00-04-10_00-06-09_label_B6-0-0,178,1,car_accident
v=hxyhulJYz5I__#00-04-19_00-06-00_label_B6-0-0,train,/home/aarf101/xd_official/i3d-features/RGB/v=hxyhulJYz5I__#00-04-19_00-06-00_label_B6-0-0,151,1,car_accident
Sin.City.2005__#01-50-47_01-51-55_label_B5-0-0,train,/home/aarf101/xd_official/i3d-features/RGB/Sin.City.2005__#01-50-47_01-51-55_label_B5-0-0,102,1,abuse
New.Kids.Turbo.2010__#00-14-30_00-15-30_label_A,train,/home/aarf101/xd_official/i3d-features/RGB/New.Kids.Turbo.2010__#00-14-30_00-15-30_label_A,89,0,
v=WwHp3w9uozU__#1_label_A,train,/home/aarf101/xd_official/i3d-features/RGB/v=WwHp3w9uozU__#1_label_A,219,0,
v=f5C3vtUZJtE__#1_label_A,train,/home/aarf101/xd_official/i3d-features/RGB/v=f5C3vtUZJtE__#1_label_A,18,0,
Mission.Impossible.Ghost.Protocol.2011__#00-13-45_00-14-12_label_B1-0-0,train,/home/aarf101/xd_official/i3d-features/RGB/Mission.Impossible.Ghost.Protocol.2011__#00-13-45_00-14-12_label_B1-0-0,40,1,fighting
Shoplifters.2018__#00-11-00_00-15-08_label_A,train,/home/aarf101/xd_official/i3d-features/RGB/Shoplifters.2018__#00-11-00_00-15-08_label_A,372,0,
Desperado.1995__#00-38-05_00-38-30_label_B6-0-0,train,/home/aarf101/xd_official/i3d-features/RGB/Desperado.1995__#00-38-05_00-38-30_label_B6-0-0,37,1,car_accident
Bad.Boys.II.2003__#00-43-05_00-44-20_label_B2-0-0,train,/home/aarf101/xd_official/i3d-features/RGB/Bad.Boys.II.2003__#00-43-05_00-44-20_label_B2-0-0,112,1,shooting
v=0aOC63IZPTs__#00-10-41_00-12-20_label_B6-0-0,train,/home/aarf101/xd_official/i3d-features/RGB/v=0aOC63IZPTs__#00-10-41_00-12-20_label_B6-0-0,148,1,car_accident
v=66F2bVUq_zk__#00-04-10_00-06-09_label_B6-0-0,train,/home/aarf101/xd_official/i3d-features/RGB/v=66F2bVUq_zk__#00-04-10_00-06-09_label_B6-0-0,178,1,car_accident
v=Yr41_8QOTF8__#00-45-00_00-48-00_label_A,train,/home/aarf101/xd_official/i3d-features/RGB/v=Yr41_8QOTF8__#00-45-00_00-48-00_label_A,270,0,
v=PJduSRcJRRo__#1_label_A,train,/home/aarf101/xd_official/i3d-features/RGB/v=PJduSRcJRRo__#1_label_A,220,0,
v=4dZv0Ld52QQ__#1_label_B4-0-0,train,/home/aarf101/xd_official/i3d-features/RGB/v=4dZv0Ld52QQ__#1_label_B4-0-0,118,1,riot
v=cUFVR5sgbt0__#1_label_A,train,/home/aarf101/xd_official/i3d-features/RGB/v=cUFVR5sgbt0__#1_label_A,337,0,
Mission.Impossible.V.Rogue.Nation.2015__#00-58-50_00-59-50_label_A,train,/home/aarf101/xd_official/i3d-features/RGB/Mission.Impossible.V.Rogue.Nation.2015__#00-58-50_00-59-50_label_A,90,0,
v=D8MZwMzs9rA__#1_label_B4-0-0,train,/home/aarf101/xd_official/i3d-features/RGB/v=D8MZwMzs9rA__#1_label_B4-0-0,953,1,riot
v=o1Ye9f641Rg__#1_label_A,train,/home/aarf101/xd_official/i3d-features/RGB/v=o1Ye9f641Rg__#1_label_A,1133,0,
v=mDLCd70iTeE__#1_label_A,train,/home/aarf101/xd_official/i3d-features/RGB/v=mDLCd70iTeE__#1_label_A,510,0,
v=ZwmDlqjJLcM__#1_label_A,train,/home/aarf101/xd_official/i3d-features/RGB/v=ZwmDlqjJLcM__#1_label_A,297,0,
Mission.Impossible.V.Rogue.Nation.2015__#01-55-51_01-57-18_label_B1-B2-0,train,/home/aarf101/xd_official/i3d-features/RGB/Mission.Impossible.V.Rogue.Nation.2015__#01-55-51_01-57-18_label_B1-B2-0,130,1,fighting|shooting
v=uBXprlsmd18__#00-14-10_00-16-09_label_B6-0-0,train,/home/aarf101/xd_official/i3d-features/RGB/v=uBXprlsmd18__#00-14-10_00-16-09_label_B6-0-0,178,1,car_accident
Kingsman.The.Golden.Circle.2017__#02-06-23_02-08-23_label_B1-B2-0,train,/home/aarf101/xd_official/i3d-features/RGB/Kingsman.The.Golden.Circle.2017__#02-06-23_02-08-23_label_B1-B2-0,180,1,fighting|shooting
v=93p7OOw7Rug__#1_label_G-0-0,train,/home/aarf101/xd_official/i3d-features/RGB/v=93p7OOw7Rug__#1_label_G-0-0,254,1,explosion
About.Time.2013__#01-04-40_01-06-59_label_A,train,/home/aarf101/xd_official/i3d-features/RGB/About.Time.2013__#01-04-40_01-06-59_label_A,208,0,
v=qqsd-cZr01k__#00-03-00_00-04-09_label_B6-0-0,train,/home/aarf101/xd_official/i3d-features/RGB/v=qqsd-cZr01k__#00-03-00_00-04-09_label_B6-0-0,103,1,car_accident
Salt.2010__#00-36-10_00-36-40_label_B2-0-0,train,/home/aarf101/xd_official/i3d-features/RGB/Salt.2010__#00-36-10_00-36-40_label_B2-0-0,45,1,shooting
v=lRILZpZjv2M__#1_label_A,train,/home/aarf101/xd_official/i3d-features/RGB/v=lRILZpZjv2M__#1_label_A,1681,0,
v=IPGgY-ac63Y__#1_label_A,train,/home/aarf101/xd_official/i3d-features/RGB/v=IPGgY-ac63Y__#1_label_A,213,0,
Salt.2010__#01-13-50_01-14-07_label_B1-0-0,train,/home/aarf101/xd_official/i3d-features/RGB/Salt.2010__#01-13-50_01-14-07_label_B1-0-0,25,1,fighting
Taken.3.2014__#01-21-19_01-24-00_label_B2-0-0,train,/home/aarf101/xd_official/i3d-features/RGB/Taken.3.2014__#01-21-19_01-24-00_label_B2-0-0,241,1,shooting
Operation.Red.Sea.2018__#01-39-46_01-40-25_label_G-0-0,train,/home/aarf101/xd_official/i3d-features/RGB/Operation.Red.Sea.2018__#01-39-46_01-40-25_label_G-0-0,58,1,explosion
The.Attorney.2013__#01-47-35_01-53-40_label_A,train,/home/aarf101/xd_official/i3d-features/RGB/The.Attorney.2013__#01-47-35_01-53-40_label_A,547,0,
Love.Me.If.You.Dare.2003__#00-46-40_00-48-30_label_A,train,/home/aarf101/xd_official/i3d-features/RGB/Love.Me.If.You.Dare.2003__#00-46-40_00-48-30_label_A,165,0,
v=5j1wLNnUFhY__#1_label_A,train,/home/aarf101/xd_official/i3d-features/RGB/v=5j1wLNnUFhY__#1_label_A,446,0,
v=gQf40mPOzVE__#1_label_B1-0-0,train,/home/aarf101/xd_official/i3d-features/RGB/v=gQf40mPOzVE__#1_label_B1-0-0,287,1,fighting
Still.Walking.2008__#00-30-50_00-32-31_label_A,train,/home/aarf101/xd_official/i3d-features/RGB/Still.Walking.2008__#00-30-50_00-32-31_label_A,151,0,
v=k7R_Qo-BiAw__#00-07-22_00-08-19_label_B6-0-0,train,/home/aarf101/xd_official/i3d-features/RGB/v=k7R_Qo-BiAw__#00-07-22_00-08-19_label_B6-0-0,85,1,car_accident
Before.Sunrise.1995__#00-58-18_01-02-30_label_A,train,/home/aarf101/xd_official/i3d-features/RGB/Before.Sunrise.1995__#00-58-18_01-02-30_label_A,378,0,
Taken.3.2014__#00-20-44_00-21-07_label_B1-0-0,train,/home/aarf101/xd_official/i3d-features/RGB/Taken.3.2014__#00-20-44_00-21-07_label_B1-0-0,34,1,fighting
v=eM9B0JwuFic__#1_label_A,train,/home/aarf101/xd_official/i3d-features/RGB/v=eM9B0JwuFic__#1_label_A,198,0,
v=T1s-h38GvmA__#1_label_A,train,/home/aarf101/xd_official/i3d-features/RGB/v=T1s-h38GvmA__#1_label_A,256,0,
v=K2ey8AKU6rk__#1_label_B4-0-0,train,/home/aarf101/xd_official/i3d-features/RGB/v=K2ey8AKU6rk__#1_label_B4-0-0,32,1,riot
v=F5dj4VI4p9I__#1_label_A,train,/home/aarf101/xd_official/i3d-features/RGB/v=F5dj4VI4p9I__#1_label_A,786,0,
v=g_FC_lWOrmo__#1_label_G-0-0,train,/home/aarf101/xd_official/i3d-features/RGB/v=g_FC_lWOrmo__#1_label_G-0-0,215,1,explosion
New.Kids.Turbo.2010__#00-45-45_00-46-20_label_B2-0-0,train,/home/aarf101/xd_official/i3d-features/RGB/New.Kids.Turbo.2010__#00-45-45_00-46-20_label_B2-0-0,52,1,shooting
v=0vVOXlgHC1U__#00-24-00_00-30-00_label_A,train,/home/aarf101/xd_official/i3d-features/RGB/v=0vVOXlgHC1U__#00-24-00_00-30-00_label_A,540,0,
Salt.2010__#01-05-30_01-05-53_label_B5-0-0,train,/home/aarf101/xd_official/i3d-features/RGB/Salt.2010__#01-05-30_01-05-53_label_B5-0-0,34,1,abuse
Deadpool.2016__#01-01-24_01-01-39_label_B2-B1-0,train,/home/aarf101/xd_official/i3d-features/RGB/Deadpool.2016__#01-01-24_01-01-39_label_B2-B1-0,22,1,shooting|fighting
NewAdd.NBA-2017.12.25_CLE@GSW__#00-00-00_00-21-00_label_A,train,/home/aarf101/xd_official/i3d-features/RGB/NewAdd.NBA-2017.12.25_CLE@GSW__#00-00-00_00-21-00_label_A,1890,0,
Spectre.2015__#02-19-56_02-21-12_label_A,train,/home/aarf101/xd_official/i3d-features/RGB/Spectre.2015__#02-19-56_02-21-12_label_A,114,0,
Rush.Hour.1998.BluRay__#00-55-24_00-58-47_label_A,train,/home/aarf101/xd_official/i3d-features/RGB/Rush.Hour.1998.BluRay__#00-55-24_00-58-47_label_A,304,0,
v=HvKP87256WI__#1_label_B4-0-0,train,/home/aarf101/xd_official/i3d-features/RGB/v=HvKP87256WI__#1_label_B4-0-0,132,1,riot
Your.Name.2016__#00-47-00_00-49-30_label_A,train,/home/aarf101/xd_official/i3d-features/RGB/Your.Name.2016__#00-47-00_00-49-30_label_A,225,0,
v=dCOUJ_GJymA__#1_label_B4-0-0,train,/home/aarf101/xd_official/i3d-features/RGB/v=dCOUJ_GJymA__#1_label_B4-0-0,155,1,riot
v=5Tnl7_8RqlA__#00-04-10_00-06-09_label_B6-0-0,train,/home/aarf101/xd_official/i3d-features/RGB/v=5Tnl7_8RqlA__#00-04-10_00-06-09_label_B6-0-0,178,1,car_accident
v=yy-KIWDcBr4__#00-06-10_00-07-19_label_B6-0-0,train,/home/aarf101/xd_official/i3d-features/RGB/v=yy-KIWDcBr4__#00-06-10_00-07-19_label_B6-0-0,103,1,car_accident
v=KfQjfSmjaZo__#1_label_A,train,/home/aarf101/xd_official/i3d-features/RGB/v=KfQjfSmjaZo__#1_label_A,222,0,
Rush.Hour.1998.BluRay__#01-29-16_01-32-06_label_A,train,/home/aarf101/xd_official/i3d-features/RGB/Rush.Hour.1998.BluRay__#01-29-16_01-32-06_label_A,255,0,
v=Q6hQgeRXGbs__#1_label_G-0-0,train,/home/aarf101/xd_official/i3d-features/RGB/v=Q6hQgeRXGbs__#1_label_G-0-0,35,1,explosion
v=9eME1y6V-T4__#00-36-00_00-42-00_label_A,train,/home/aarf101/xd_official/i3d-features/RGB/v=9eME1y6V-T4__#00-36-00_00-42-00_label_A,540,0,
Jason.Bourne.2016__#0-38-40_0-40-00_label_A,train,/home/aarf101/xd_official/i3d-features/RGB/Jason.Bourne.2016__#0-38-40_0-40-00_label_A,120,0,
Your.Name.2016__#00-43-52_00-46-55_label_A,train,/home/aarf101/xd_official/i3d-features/RGB/Your.Name.2016__#00-43-52_00-46-55_label_A,274,0,
v=usAvzbDq6-c__#00-09-00_00-12-00_label_A,train,/home/aarf101/xd_official/i3d-features/RGB/v=usAvzbDq6-c__#00-09-00_00-12-00_label_A,270,0,
v=YLupFOFCOds__#1_label_A,train,/home/aarf101/xd_official/i3d-features/RGB/v=YLupFOFCOds__#1_label_A,229,0,
v=271f4q4ZUJ8__#1_label_A,train,/home/aarf101/xd_official/i3d-features/RGB/v=271f4q4ZUJ8__#1_label_A,229,0,
v=xj64iI5W6r8__#1_label_A,train,/home/aarf101/xd_official/i3d-features/RGB/v=xj64iI5W6r8__#1_label_A,17,0,
The.Bourne.Legacy.2012__#01-01-52_01-03-52_label_B2-0-0,train,/home/aarf101/xd_official/i3d-features/RGB/The.Bourne.Legacy.2012__#01-01-52_01-03-52_label_B2-0-0,180,1,shooting
Your.Name.2016__#00-16-18_00-17-27_label_A,train,/home/aarf101/xd_official/i3d-features/RGB/Your.Name.2016__#00-16-18_00-17-27_label_A,103,0,
Fast.Furious.2009__#01-03-26_01-04-10_label_G-B2-B1,train,/home/aarf101/xd_official/i3d-features/RGB/Fast.Furious.2009__#01-03-26_01-04-10_label_G-B2-B1,65,1,explosion|shooting|fighting
v=66F2bVUq_zk__#00-00-00_00-00-51_label_B6-0-0,train,/home/aarf101/xd_official/i3d-features/RGB/v=66F2bVUq_zk__#00-00-00_00-00-51_label_B6-0-0,76,1,car_accident
v=fkps18H3SXY__#00-12-00_00-18-00_label_A,train,/home/aarf101/xd_official/i3d-features/RGB/v=fkps18H3SXY__#00-12-00_00-18-00_label_A,540,0,
Bad.Boys.1995__#00-26-51_00-27-53_label_B2-0-0,train,/home/aarf101/xd_official/i3d-features/RGB/Bad.Boys.1995__#00-26-51_00-27-53_label_B2-0-0,93,1,shooting
Taken.3.2014__#01-31-31_01-33-30_label_B2-B1-0,train,/home/aarf101/xd_official/i3d-features/RGB/Taken.3.2014__#01-31-31_01-33-30_label_B2-B1-0,178,1,shooting|fighting
v=PS1YAX70edc__#1_label_G-0-0,train,/home/aarf101/xd_official/i3d-features/RGB/v=PS1YAX70edc__#1_label_G-0-0,118,1,explosion
v=p2ggHwtb-Zg__#00-09-00_00-12-00_label_A,train,/home/aarf101/xd_official/i3d-features/RGB/v=p2ggHwtb-Zg__#00-09-00_00-12-00_label_A,270,0,
City.of.God.2002__#00-03-54_00-04-32_label_A,train,/home/aarf101/xd_official/i3d-features/RGB/City.of.God.2002__#00-03-54_00-04-32_label_A,57,0,
The.Bourne.Ultimatum.2007__#0-30-08_0-31-43_label_A,train,/home/aarf101/xd_official/i3d-features/RGB/The.Bourne.Ultimatum.2007__#0-30-08_0-31-43_label_A,142,0,
v=SayEoUZ-Hm4__#1_label_A,train,/home/aarf101/xd_official/i3d-features/RGB/v=SayEoUZ-Hm4__#1_label_A,293,0,
v=vsI_pKNcgeQ__#00-00-00_00-03-00_label_A,train,/home/aarf101/xd_official/i3d-features/RGB/v=vsI_pKNcgeQ__#00-00-00_00-03-00_label_A,270,0,
v=AqFWYZsOgWY__#00-30-00_00-33-00_label_A,train,/home/aarf101/xd_official/i3d-features/RGB/v=AqFWYZsOgWY__#00-30-00_00-33-00_label_A,270,0,
Taken.Extended.Cut.2008__#01-09-33_01-09-50_label_B2-0-0,train,/home/aarf101/xd_official/i3d-features/RGB/Taken.Extended.Cut.2008__#01-09-33_01-09-50_label_B2-0-0,25,1,shooting
Braveheart.1995__#01-38-50_01-39-49_label_B1-0-0,train,/home/aarf101/xd_official/i3d-features/RGB/Braveheart.1995__#01-38-50_01-39-49_label_B1-0-0,88,1,fighting
v=EOAfl8yMiN8__#00-04-11_00-05-09_label_B6-0-0,train,/home/aarf101/xd_official/i3d-features/RGB/v=EOAfl8yMiN8__#00-04-11_00-05-09_label_B6-0-0,87,1,car_accident
v=tTnlWuVPXeg__#1_label_A,train,/home/aarf101/xd_official/i3d-features/RGB/v=tTnlWuVPXeg__#1_label_A,267,0,
v=J4qmLs5S1Wg__#1_label_B4-0-0,train,/home/aarf101/xd_official/i3d-features/RGB/v=J4qmLs5S1Wg__#1_label_B4-0-0,100,1,riot
v=VxyjGNq0y5U__#1_label_G-0-0,train,/home/aarf101/xd_official/i3d-features/RGB/v=VxyjGNq0y5U__#1_label_G-0-0,256,1,explosion
Sin.City.2005__#0-20-08_0-21-21_label_B1-B2-0,train,/home/aarf101/xd_official/i3d-features/RGB/Sin.City.2005__#0-20-08_0-21-21_label_B1-B2-0,109,1,fighting|shooting
v=jAvOGTD7_pU__#00-03-00_00-06-00_label_A,train,/home/aarf101/xd_official/i3d-features/RGB/v=jAvOGTD7_pU__#00-03-00_00-06-00_label_A,270,0,
Fast.Five.2011__#01-40-08_01-40-22_label_B2-0-0,train,/home/aarf101/xd_official/i3d-features/RGB/Fast.Five.2011__#01-40-08_01-40-22_label_B2-0-0,20,1,shooting
New.Kids.Turbo.2010__#00-09-22_00-09-39_label_B1-0-0,train,/home/aarf101/xd_official/i3d-features/RGB/New.Kids.Turbo.2010__#00-09-22_00-09-39_label_B1-0-0,25,1,fighting
v=MSRxFlV9Wwc__#1_label_A,train,/home/aarf101/xd_official/i3d-features/RGB/v=MSRxFlV9Wwc__#1_label_A,660,0,
v=WpxJJFcWM8s__#1_label_A,train,/home/aarf101/xd_official/i3d-features/RGB/v=WpxJJFcWM8s__#1_label_A,16224,0,
v=Huf3QpHTSyk__#1_label_A,train,/home/aarf101/xd_official/i3d-features/RGB/v=Huf3QpHTSyk__#1_label_A,935,0,
City.of.God.2002__#01-54-15_01-56-20_label_B2-B6-0,train,/home/aarf101/xd_official/i3d-features/RGB/City.of.God.2002__#01-54-15_01-56-20_label_B2-B6-0,187,1,shooting|car_accident
Lord.of.War__#01-49-07_01-49-58_label_A,train,/home/aarf101/xd_official/i3d-features/RGB/Lord.of.War__#01-49-07_01-49-58_label_A,76,0,
v=ZXWaa5TOqZo__#00-04-07_00-06-55_label_B4-0-0,train,/home/aarf101/xd_official/i3d-features/RGB/v=ZXWaa5TOqZo__#00-04-07_00-06-55_label_B4-0-0,252,1,riot
The.Secret.Life.of.Walter.Mitty.2013__#00-02-45_00-04-15_label_A,train,/home/aarf101/xd_official/i3d-features/RGB/The.Secret.Life.of.Walter.Mitty.2013__#00-02-45_00-04-15_label_A,135,0,
The.Fast.and.the.Furious.2001__#00-58-56_01-00-15_label_A,train,/home/aarf101/xd_official/i3d-features/RGB/The.Fast.and.the.Furious.2001__#00-58-56_01-00-15_label_A,118,0,
v=ixQrXn7oLik__#1_label_A,train,/home/aarf101/xd_official/i3d-features/RGB/v=ixQrXn7oLik__#1_label_A,236,0,
v=g3nuBRq_kTc__#1_label_B4-0-0,train,/home/aarf101/xd_official/i3d-features/RGB/v=g3nuBRq_kTc__#1_label_B4-0-0,164,1,riot
Skyfall.2012__#01-03-44_01-04-25_label_B1-0-0,train,/home/aarf101/xd_official/i3d-features/RGB/Skyfall.2012__#01-03-44_01-04-25_label_B1-0-0,61,1,fighting
Before.Sunrise.1995__#00-05-52_00-08-22_label_A,train,/home/aarf101/xd_official/i3d-features/RGB/Before.Sunrise.1995__#00-05-52_00-08-22_label_A,225,0,
v=GZcVXqgQqx4__#1_label_A,train,/home/aarf101/xd_official/i3d-features/RGB/v=GZcVXqgQqx4__#1_label_A,225,0,
v=lNycQlMCRl0__#1_label_A,train,/home/aarf101/xd_official/i3d-features/RGB/v=lNycQlMCRl0__#1_label_A,80,0,
Skyfall.2012__#00-49-02_00-50-00_label_B2-B1-0,train,/home/aarf101/xd_official/i3d-features/RGB/Skyfall.2012__#00-49-02_00-50-00_label_B2-B1-0,87,1,shooting|fighting
Ip.Man.2008__#00-21-43_00-23-13_label_A,train,/home/aarf101/xd_official/i3d-features/RGB/Ip.Man.2008__#00-21-43_00-23-13_label_A,135,0,
v=vFPQ_NiDBIU__#02-12-00_02-18-00_label_A,train,/home/aarf101/xd_official/i3d-features/RGB/v=vFPQ_NiDBIU__#02-12-00_02-18-00_label_A,539,0,
v=hWjyp5tZvbg__#1_label_A,train,/home/aarf101/xd_official/i3d-features/RGB/v=hWjyp5tZvbg__#1_label_A,90,0,
v=JzrpCC7XmyE__#00-18-00_00-24-00_label_A,train,/home/aarf101/xd_official/i3d-features/RGB/v=JzrpCC7XmyE__#00-18-00_00-24-00_label_A,540,0,
v=JtLha7UCwJM__#1_label_A,train,/home/aarf101/xd_official/i3d-features/RGB/v=JtLha7UCwJM__#1_label_A,333,0,
Ip.Man.3.2015__#00-05-43_00-07-23_label_A,train,/home/aarf101/xd_official/i3d-features/RGB/Ip.Man.3.2015__#00-05-43_00-07-23_label_A,149,0,
The.Bourne.Ultimatum.2007__#0-04-37_0-05-50_label_A,train,/home/aarf101/xd_official/i3d-features/RGB/The.Bourne.Ultimatum.2007__#0-04-37_0-05-50_label_A,109,0,
Operation.Red.Sea.2018__#01-06-10_01-06-40_label_G-0-0,train,/home/aarf101/xd_official/i3d-features/RGB/Operation.Red.Sea.2018__#01-06-10_01-06-40_label_G-0-0,44,1,explosion
v=XiykWly3WZI__#1_label_A,train,/home/aarf101/xd_official/i3d-features/RGB/v=XiykWly3WZI__#1_label_A,1136,0,
v=icdlBJ2KXzE__#1_label_B4-0-0,train,/home/aarf101/xd_official/i3d-features/RGB/v=icdlBJ2KXzE__#1_label_B4-0-0,165,1,riot
Mission.Impossible.Fallout.2018__#00-42-06_00-44-09_label_A,train,/home/aarf101/xd_official/i3d-features/RGB/Mission.Impossible.Fallout.2018__#00-42-06_00-44-09_label_A,184,0,
v=DtJqTsE8cB8__#1_label_A,train,/home/aarf101/xd_official/i3d-features/RGB/v=DtJqTsE8cB8__#1_label_A,84,0,
Flipped.2010__#00-01-45_00-02-50_label_A,train,/home/aarf101/xd_official/i3d-features/RGB/Flipped.2010__#00-01-45_00-02-50_label_A,97,0,
v=TOEVc-pOEwM__#00-03-30_00-06-00_label_B6-0-0,train,/home/aarf101/xd_official/i3d-features/RGB/v=TOEVc-pOEwM__#00-03-30_00-06-00_label_B6-0-0,225,1,car_accident
v=3wCWpu0HJ_4__#1_label_G-0-0,train,/home/aarf101/xd_official/i3d-features/RGB/v=3wCWpu0HJ_4__#1_label_G-0-0,29,1,explosion
Gladiator.2000__#00-41-25_00-42-45_label_B1-0-0,train,/home/aarf101/xd_official/i3d-features/RGB/Gladiator.2000__#00-41-25_00-42-45_label_B1-0-0,120,1,fighting
v=pogMbNQWrN4__#1_label_G-0-0,train,/home/aarf101/xd_official/i3d-features/RGB/v=pogMbNQWrN4__#1_label_G-0-0,74,1,explosion
Hear.Me.2009__#01-04-40_01-06-59_label_A,train,/home/aarf101/xd_official/i3d-features/RGB/Hear.Me.2009__#01-04-40_01-06-59_label_A,208,0,
v=sM814jqUPXw__#00-03-00_00-04-09_label_B6-0-0,train,/home/aarf101/xd_official/i3d-features/RGB/v=sM814jqUPXw__#00-03-00_00-04-09_label_B6-0-0,103,1,car_accident
Be.with.You.2018__#00-08-55_00-10-50_label_A,train,/home/aarf101/xd_official/i3d-features/RGB/Be.with.You.2018__#00-08-55_00-10-50_label_A,172,0,
Love.Actually.2003__#00-08-55_00-10-00_label_A,train,/home/aarf101/xd_official/i3d-features/RGB/Love.Actually.2003__#00-08-55_00-10-00_label_A,97,0,
v=wt84M1PB1yY__#1_label_B4-0-0,train,/home/aarf101/xd_official/i3d-features/RGB/v=wt84M1PB1yY__#1_label_B4-0-0,159,1,riot
Before.Sunset.2004__#00-11-00_00-15-08_label_A,train,/home/aarf101/xd_official/i3d-features/RGB/Before.Sunset.2004__#00-11-00_00-15-08_label_A,372,0,
Braveheart.1995__#01-00-02_01-01-00_label_A,train,/home/aarf101/xd_official/i3d-features/RGB/Braveheart.1995__#01-00-02_01-01-00_label_A,87,0,
v=QVDtmAb68KM__#00-00-00_00-02-20_label_B4-0-0,train,/home/aarf101/xd_official/i3d-features/RGB/v=QVDtmAb68KM__#00-00-00_00-02-20_label_B4-0-0,210,1,riot
v=p2cQDaA0Hu0__#1_label_A,train,/home/aarf101/xd_official/i3d-features/RGB/v=p2cQDaA0Hu0__#1_label_A,251,0,
v=Q-s3TzUsxM0__#1_label_A,train,/home/aarf101/xd_official/i3d-features/RGB/v=Q-s3TzUsxM0__#1_label_A,130,0,
Mission.Impossible.Ghost.Protocol.2011__#01-20-40_01-21-10_label_B6-0-0,train,/home/aarf101/xd_official/i3d-features/RGB/Mission.Impossible.Ghost.Protocol.2011__#01-20-40_01-21-10_label_B6-0-0,45,1,car_accident
Taken.Extended.Cut.2008__#01-24-51_01-25-07_label_B2-0-0,train,/home/aarf101/xd_official/i3d-features/RGB/Taken.Extended.Cut.2008__#01-24-51_01-25-07_label_B2-0-0,23,1,shooting
Bullet.in.the.Head.1990__#00-26-20_00-28-45_label_G-B2-0,train,/home/aarf101/xd_official/i3d-features/RGB/Bullet.in.the.Head.1990__#00-26-20_00-28-45_label_G-B2-0,217,1,explosion|shooting
v=uq0-ncI0MNg__#1_label_A,train,/home/aarf101/xd_official/i3d-features/RGB/v=uq0-ncI0MNg__#1_label_A,872,0,
v=doCahM4-zUA__#1_label_A,train,/home/aarf101/xd_official/i3d-features/RGB/v=doCahM4-zUA__#1_label_A,415,0,
v=udWxy9CzcfU__#1_label_A,train,/home/aarf101/xd_official/i3d-features/RGB/v=udWxy9CzcfU__#1_label_A,1569,0,
v=3M2NCcSxKLY__#1_label_A,train,/home/aarf101/xd_official/i3d-features/RGB/v=3M2NCcSxKLY__#1_label_A,1096,0,
v=q2SP66Jb6Cw__#00-30-00_00-36-00_label_A,train,/home/aarf101/xd_official/i3d-features/RGB/v=q2SP66Jb6Cw__#00-30-00_00-36-00_label_A,540,0,
Operation.Red.Sea.2018__#0-13-50_0-16-05_label_A,train,/home/aarf101/xd_official/i3d-features/RGB/Operation.Red.Sea.2018__#0-13-50_0-16-05_label_A,202,0,
Yellow.Sea.2010__#01-27-11_01-28-05_label_A,train,/home/aarf101/xd_official/i3d-features/RGB/Yellow.Sea.2010__#01-27-11_01-28-05_label_A,81,0,
v=eAgqJnO3kr8__#00-30-00_00-36-00_label_A,train,/home/aarf101/xd_official/i3d-features/RGB/v=eAgqJnO3kr8__#00-30-00_00-36-00_label_A,540,0,
v=zlKoID_9yvE__#1_label_G-0-0,train,/home/aarf101/xd_official/i3d-features/RGB/v=zlKoID_9yvE__#1_label_G-0-0,158,1,explosion
v=eXjd7GkHKfU__#00-01-58_00-02-33_label_B4-0-0,train,/home/aarf101/xd_official/i3d-features/RGB/v=eXjd7GkHKfU__#00-01-58_00-02-33_label_B4-0-0,52,1,riot
Taken.3.2014__#00-46-08_00-46-32_label_B2-B6-0,train,/home/aarf101/xd_official/i3d-features/RGB/Taken.3.2014__#00-46-08_00-46-32_label_B2-B6-0,36,1,shooting|car_accident
Still.Walking.2008__#00-56-40_01-02-02_label_A,train,/home/aarf101/xd_official/i3d-features/RGB/Still.Walking.2008__#00-56-40_01-02-02_label_A,483,0,
v=1CGPBylxXDQ__#1_label_A,train,/home/aarf101/xd_official/i3d-features/RGB/v=1CGPBylxXDQ__#1_label_A,355,0,
Love.Me.If.You.Dare.2003__#00-30-50_00-32-31_label_A,train,/home/aarf101/xd_official/i3d-features/RGB/Love.Me.If.You.Dare.2003__#00-30-50_00-32-31_label_A,151,0,
Still.Walking.2008__#01-09-30_01-16-59_label_A,train,/home/aarf101/xd_official/i3d-features/RGB/Still.Walking.2008__#01-09-30_01-16-59_label_A,673,0,
v=izgeMxCoF8I__#1_label_A,train,/home/aarf101/xd_official/i3d-features/RGB/v=izgeMxCoF8I__#1_label_A,160,0,
Quantum.Of.Solace.2008__#00-00-44_00-03-45_label_B2-B6-0,train,/home/aarf101/xd_official/i3d-features/RGB/Quantum.Of.Solace.2008__#00-00-44_00-03-45_label_B2-B6-0,271,1,shooting|car_accident
v=ljpUIqOjbYA__#1_label_A,train,/home/aarf101/xd_official/i3d-features/RGB/v=ljpUIqOjbYA__#1_label_A,59,0,
Kill.Bill.Vol.1.2003__#0-50-31_0-58-52_label_A,train,/home/aarf101/xd_official/i3d-features/RGB/Kill.Bill.Vol.1.2003__#0-50-31_0-58-52_label_A,751,0,
v=2Rr21qkZEDQ__#00-01-00_00-02-45_label_B6-0-0,train,/home/aarf101/xd_official/i3d-features/RGB/v=2Rr21qkZEDQ__#00-01-00_00-02-45_label_B6-0-0,157,1,car_accident
GoldenEye.1995__#00-49-11_00-50-25_label_A,train,/home/aarf101/xd_official/i3d-features/RGB/GoldenEye.1995__#00-49-11_00-50-25_label_A,111,0,
Young.And.Dangerous.III.1996__#00-05-54_0-06-33_label_A,train,/home/aarf101/xd_official/i3d-features/RGB/Young.And.Dangerous.III.1996__#00-05-54_0-06-33_label_A,58,0,
v=OjUzOiOzUa0__#00-05-20_00-06-45_label_B6-0-0,train,/home/aarf101/xd_official/i3d-features/RGB/v=OjUzOiOzUa0__#00-05-20_00-06-45_label_B6-0-0,127,1,car_accident
Deadpool.2016__#0-10-14_0-12-16_label_B2-0-0,train,/home/aarf101/xd_official/i3d-features/RGB/Deadpool.2016__#0-10-14_0-12-16_label_B2-0-0,183,1,shooting
Before.Sunrise.1995__#00-31-05_00-32-05_label_A,train,/home/aarf101/xd_official/i3d-features/RGB/Before.Sunrise.1995__#00-31-05_00-32-05_label_A,90,0,
v=SdYFFo_tsfk__#00-42-00_00-48-00_label_A,train,/home/aarf101/xd_official/i3d-features/RGB/v=SdYFFo_tsfk__#00-42-00_00-48-00_label_A,540,0,
v=DzwwVZRRIro__#1_label_B1-0-0,train,/home/aarf101/xd_official/i3d-features/RGB/v=DzwwVZRRIro__#1_label_B1-0-0,143,1,fighting
v=Hp0vQBwmaX0__#1_label_B6-0-0,train,/home/aarf101/xd_official/i3d-features/RGB/v=Hp0vQBwmaX0__#1_label_B6-0-0,76,1,car_accident
The.Pursuit.of.Happyness.2006__#01-02-18_01-03-10_label_A,train,/home/aarf101/xd_official/i3d-features/RGB/The.Pursuit.of.Happyness.2006__#01-02-18_01-03-10_label_A,78,0,
Before.Sunrise.1995__#00-25-20_00-29-20_label_A,train,/home/aarf101/xd_official/i3d-features/RGB/Before.Sunrise.1995__#00-25-20_00-29-20_label_A,360,0,
v=xLFbqPzSI2Y__#1_label_B4-0-0,train,/home/aarf101/xd_official/i3d-features/RGB/v=xLFbqPzSI2Y__#1_label_B4-0-0,229,1,riot
v=LKMhuHk-AJo__#1_label_A,train,/home/aarf101/xd_official/i3d-features/RGB/v=LKMhuHk-AJo__#1_label_A,80,0,
v=n-bMm8L8gwM__#1_label_B4-0-0,train,/home/aarf101/xd_official/i3d-features/RGB/v=n-bMm8L8gwM__#1_label_B4-0-0,191,1,riot
v=2xLtOm67sN0__#1_label_A,train,/home/aarf101/xd_official/i3d-features/RGB/v=2xLtOm67sN0__#1_label_A,296,0,
v=u3ufuLefCLo__#1_label_A,train,/home/aarf101/xd_official/i3d-features/RGB/v=u3ufuLefCLo__#1_label_A,477,0,
v=_YobflFU_HU__#00-04-10_00-06-09_label_B6-0-0,train,/home/aarf101/xd_official/i3d-features/RGB/v=_YobflFU_HU__#00-04-10_00-06-09_label_B6-0-0,178,1,car_accident
The.World.Is.Not.Enough.1999__#01-46-48_01-47-32_label_B2-0-0,train,/home/aarf101/xd_official/i3d-features/RGB/The.World.Is.Not.Enough.1999__#01-46-48_01-47-32_label_B2-0-0,66,1,shooting
v=VQXyK5J5zQk__#1_label_A,train,/home/aarf101/xd_official/i3d-features/RGB/v=VQXyK5J5zQk__#1_label_A,207,0,
v=TGhunYe0Fvk__#1_label_A,train,/home/aarf101/xd_official/i3d-features/RGB/v=TGhunYe0Fvk__#1_label_A,347,0,
Taken.3.2014__#00-06-22_00-08-26_label_A,train,/home/aarf101/xd_official/i3d-features/RGB/Taken.3.2014__#00-06-22_00-08-26_label_A,186,0,
The.Notebook.2004__#01-17-00_01-19-40_label_A,train,/home/aarf101/xd_official/i3d-features/RGB/The.Notebook.2004__#01-17-00_01-19-40_label_A,240,0,
Before.Sunrise.1995__#01-14-30_01-16-59_label_A,train,/home/aarf101/xd_official/i3d-features/RGB/Before.Sunrise.1995__#01-14-30_01-16-59_label_A,223,0,
v=rJoi8kUaFTA__#1_label_B4-0-0,train,/home/aarf101/xd_official/i3d-features/RGB/v=rJoi8kUaFTA__#1_label_B4-0-0,94,1,riot
Your.Name.2016__#00-51-55_00-55-16_label_A,train,/home/aarf101/xd_official/i3d-features/RGB/Your.Name.2016__#00-51-55_00-55-16_label_A,301,0,
Rush.Hour.3.2007.BluRay__#01-16-36_01-17-08_label_B2-0-0,train,/home/aarf101/xd_official/i3d-features/RGB/Rush.Hour.3.2007.BluRay__#01-16-36_01-17-08_label_B2-0-0,48,1,shooting
v=vhACO_m5pH0__#00-18-42_00-20-40_label_B6-0-0,train,/home/aarf101/xd_official/i3d-features/RGB/v=vhACO_m5pH0__#00-18-42_00-20-40_label_B6-0-0,177,1,car_accident
v=5vF4si3hoRA__#1_label_B4-0-0,train,/home/aarf101/xd_official/i3d-features/RGB/v=5vF4si3hoRA__#1_label_B4-0-0,234,1,riot
Mission.Impossible.Fallout.2018__#02-15-52_02-18-19_label_A,train,/home/aarf101/xd_official/i3d-features/RGB/Mission.Impossible.Fallout.2018__#02-15-52_02-18-19_label_A,220,0,
v=Jbyb1iAeikA__#1_label_B6-0-0,train,/home/aarf101/xd_official/i3d-features/RGB/v=Jbyb1iAeikA__#1_label_B6-0-0,60,1,car_accident
v=CFIauDPjdX4__#1_label_B6-0-0,train,/home/aarf101/xd_official/i3d-features/RGB/v=CFIauDPjdX4__#1_label_B6-0-0,976,1,car_accident
v=bTUu4ZLtDSs__#00-00-00_00-04-22_label_G-0-0,train,/home/aarf101/xd_official/i3d-features/RGB/v=bTUu4ZLtDSs__#00-00-00_00-04-22_label_G-0-0,393,1,explosion
v=dRcnDKrKA_g__#1_label_A,train,/home/aarf101/xd_official/i3d-features/RGB/v=dRcnDKrKA_g__#1_label_A,201,0,
v=Bc_ALE4oGSE__#1_label_A,train,/home/aarf101/xd_official/i3d-features/RGB/v=Bc_ALE4oGSE__#1_label_A,104,0,
Yellow.Sea.2010__#00-50-50_00-51-49_label_B1-0-0,train,/home/aarf101/xd_official/i3d-features/RGB/Yellow.Sea.2010__#00-50-50_00-51-49_label_B1-0-0,88,1,fighting
The.Notebook.2004__#01-46-20_01-48-10_label_A,train,/home/aarf101/xd_official/i3d-features/RGB/The.Notebook.2004__#01-46-20_01-48-10_label_A,165,0,
v=rKpXqwE2rg8__#00-04-46_00-06-23_label_B4-0-0,train,/home/aarf101/xd_official/i3d-features/RGB/v=rKpXqwE2rg8__#00-04-46_00-06-23_label_B4-0-0,145,1,riot
Shoplifters.2018__#01-26-10_01-28-00_label_A,train,/home/aarf101/xd_official/i3d-features/RGB/Shoplifters.2018__#01-26-10_01-28-00_label_A,165,0,
The.Attorney.2013__#00-17-30_00-19-10_label_A,train,/home/aarf101/xd_official/i3d-features/RGB/The.Attorney.2013__#00-17-30_00-19-10_label_A,150,0,
About.Time.2013__#00-01-45_00-02-15_label_A,train,/home/aarf101/xd_official/i3d-features/RGB/About.Time.2013__#00-01-45_00-02-15_label_A,45,0,
v=4sQE6T2O0EQ__#00-02-00_00-02-35_label_B6-0-0,train,/home/aarf101/xd_official/i3d-features/RGB/v=4sQE6T2O0EQ__#00-02-00_00-02-35_label_B6-0-0,52,1,car_accident
The.Intouchables.2011__#00-23-50_00-24-31_label_A,train,/home/aarf101/xd_official/i3d-features/RGB/The.Intouchables.2011__#00-23-50_00-24-31_label_A,61,0,
v=FjjYlFfe0rk__#1_label_B1-0-0,train,/home/aarf101/xd_official/i3d-features/RGB/v=FjjYlFfe0rk__#1_label_B1-0-0,73,1,fighting
v=fZQRiHYvfjM__#1_label_A,train,/home/aarf101/xd_official/i3d-features/RGB/v=fZQRiHYvfjM__#1_label_A,135,0,
Be.with.You.2018__#00-01-45_00-02-50_label_A,train,/home/aarf101/xd_official/i3d-features/RGB/Be.with.You.2018__#00-01-45_00-02-50_label_A,97,0,
v=X2arbb-wfl0__#1_label_B4-0-0,train,/home/aarf101/xd_official/i3d-features/RGB/v=X2arbb-wfl0__#1_label_B4-0-0,308,1,riot
v=rEEQXcW-M2c__#1_label_G-0-0,train,/home/aarf101/xd_official/i3d-features/RGB/v=rEEQXcW-M2c__#1_label_G-0-0,176,1,explosion
The.Notebook.2004__#01-39-05_01-41-00_label_A,train,/home/aarf101/xd_official/i3d-features/RGB/The.Notebook.2004__#01-39-05_01-41-00_label_A,172,0,
Yellow.Sea.2010__#01-09-45_01-10-32_label_B1-0-0,train,/home/aarf101/xd_official/i3d-features/RGB/Yellow.Sea.2010__#01-09-45_01-10-32_label_B1-0-0,70,1,fighting
Love.Death.and.Robots.S01E10__#0-09-01_0-11-52_label_B1-0-0,train,/home/aarf101/xd_official/i3d-features/RGB/Love.Death.and.Robots.S01E10__#0-09-01_0-11-52_label_B1-0-0,256,1,fighting
Casino.Royale.2006__#00-12-36_00-12-46_label_B2-0-0,train,/home/aarf101/xd_official/i3d-features/RGB/Casino.Royale.2006__#00-12-36_00-12-46_label_B2-0-0,14,1,shooting
Tropa.de.Elite.2007__#01-06-30_01-08-50_label_A,train,/home/aarf101/xd_official/i3d-features/RGB/Tropa.de.Elite.2007__#01-06-30_01-08-50_label_A,210,0,
v=2ncA53czMOg__#00-02-40_00-03-55_label_B4-0-0,train,/home/aarf101/xd_official/i3d-features/RGB/v=2ncA53czMOg__#00-02-40_00-03-55_label_B4-0-0,112,1,riot
v=C1ZCZ-PBGzI__#00-01-52_00-03-10_label_B6-0-0,train,/home/aarf101/xd_official/i3d-features/RGB/v=C1ZCZ-PBGzI__#00-01-52_00-03-10_label_B6-0-0,117,1,car_accident
Taken.2.UNRATED.EXTENDED.2012__#00-32-36_00-32-50_label_B1-0-0,train,/home/aarf101/xd_official/i3d-features/RGB/Taken.2.UNRATED.EXTENDED.2012__#00-32-36_00-32-50_label_B1-0-0,21,1,fighting
Tropa.de.Elite.2.2010__#00-20-05_00-23-30_label_A,train,/home/aarf101/xd_official/i3d-features/RGB/Tropa.de.Elite.2.2010__#00-20-05_00-23-30_label_A,307,0,
Tropa.de.Elite.2007__#00-49-05_00-50-05_label_A,train,/home/aarf101/xd_official/i3d-features/RGB/Tropa.de.Elite.2007__#00-49-05_00-50-05_label_A,90,0,
Casino.Royale.2006__#00-57-55_01-02-06_label_A,train,/home/aarf101/xd_official/i3d-features/RGB/Casino.Royale.2006__#00-57-55_01-02-06_label_A,376,0,
Mindhunters.2004__#00-38-50_00-39-40_label_A,train,/home/aarf101/xd_official/i3d-features/RGB/Mindhunters.2004__#00-38-50_00-39-40_label_A,75,0,
v=Y6J2jTLQ8AA__#1_label_B6-0-0,train,/home/aarf101/xd_official/i3d-features/RGB/v=Y6J2jTLQ8AA__#1_label_B6-0-0,916,1,car_accident
Hear.Me.2009__#01-09-30_01-16-59_label_A,train,/home/aarf101/xd_official/i3d-features/RGB/Hear.Me.2009__#01-09-30_01-16-59_label_A,673,0,
v=X1arMZmYhsk__#00-06-10_00-07-19_label_B6-0-0,train,/home/aarf101/xd_official/i3d-features/RGB/v=X1arMZmYhsk__#00-06-10_00-07-19_label_B6-0-0,103,1,car_accident
The.Intouchables.2011__#01-03-30_01-15-33_label_A,train,/home/aarf101/xd_official/i3d-features/RGB/The.Intouchables.2011__#01-03-30_01-15-33_label_A,1084,0,
Mission.Impossible.II.2000__#01-52-05_01-54-05_label_B1-0-0,train,/home/aarf101/xd_official/i3d-features/RGB/Mission.Impossible.II.2000__#01-52-05_01-54-05_label_B1-0-0,180,1,fighting
Hear.Me.2009__#00-25-20_00-29-40_label_A,train,/home/aarf101/xd_official/i3d-features/RGB/Hear.Me.2009__#00-25-20_00-29-40_label_A,390,0,
v=vhACO_m5pH0__#00-15-42_00-17-40_label_B6-0-0,train,/home/aarf101/xd_official/i3d-features/RGB/v=vhACO_m5pH0__#00-15-42_00-17-40_label_B6-0-0,177,1,car_accident
Deadpool.2.2018__#0-24-44_0-25-20_label_A,train,/home/aarf101/xd_official/i3d-features/RGB/Deadpool.2.2018__#0-24-44_0-25-20_label_A,54,0,
v=BpwNn29rpo0__#1_label_B4-0-0,train,/home/aarf101/xd_official/i3d-features/RGB/v=BpwNn29rpo0__#1_label_B4-0-0,127,1,riot
Spectre.2015__#01-55-50_01-56-12_label_G-0-0,train,/home/aarf101/xd_official/i3d-features/RGB/Spectre.2015__#01-55-50_01-56-12_label_G-0-0,33,1,explosion
Taken.3.2014__#00-00-47_00-01-14_label_A,train,/home/aarf101/xd_official/i3d-features/RGB/Taken.3.2014__#00-00-47_00-01-14_label_A,40,0,
Rush.Hour.3.2007.BluRay__#00-25-55_00-27-00_label_A,train,/home/aarf101/xd_official/i3d-features/RGB/Rush.Hour.3.2007.BluRay__#00-25-55_00-27-00_label_A,97,0,
Mission.Impossible.III.2006__#00-32-40_00-38-00_label_A,train,/home/aarf101/xd_official/i3d-features/RGB/Mission.Impossible.III.2006__#00-32-40_00-38-00_label_A,480,0,
Saving.Private.Ryan.1998__#01-06-35_01-13-13_label_A,train,/home/aarf101/xd_official/i3d-features/RGB/Saving.Private.Ryan.1998__#01-06-35_01-13-13_label_A,597,0,
v=ZPV2OzkQy1M__#1_label_A,train,/home/aarf101/xd_official/i3d-features/RGB/v=ZPV2OzkQy1M__#1_label_A,230,0,
Crank.Dircut.2006__#01-02-04_01-02-32_label_B2-0-0,train,/home/aarf101/xd_official/i3d-features/RGB/Crank.Dircut.2006__#01-02-04_01-02-32_label_B2-0-0,42,1,shooting
v=-Iu0pvZP-dM__#1_label_A,train,/home/aarf101/xd_official/i3d-features/RGB/v=-Iu0pvZP-dM__#1_label_A,254,0,
Salt.2010__#00-19-42_00-20-30_label_A,train,/home/aarf101/xd_official/i3d-features/RGB/Salt.2010__#00-19-42_00-20-30_label_A,71,0,
Mission.Impossible.V.Rogue.Nation.2015__#00-41-49_00-42-21_label_G-0-0,train,/home/aarf101/xd_official/i3d-features/RGB/Mission.Impossible.V.Rogue.Nation.2015__#00-41-49_00-42-21_label_G-0-0,48,1,explosion
v=MEJxdpOILcw__#1_label_A,train,/home/aarf101/xd_official/i3d-features/RGB/v=MEJxdpOILcw__#1_label_A,288,0,
v=5Tnl7_8RqlA__#00-13-00_00-14-09_label_B6-0-0,train,/home/aarf101/xd_official/i3d-features/RGB/v=5Tnl7_8RqlA__#00-13-00_00-14-09_label_B6-0-0,103,1,car_accident
v=9eME1y6V-T4__#00-24-00_00-30-00_label_A,train,/home/aarf101/xd_official/i3d-features/RGB/v=9eME1y6V-T4__#00-24-00_00-30-00_label_A,540,0,
v=uBXprlsmd18__#00-00-00_00-00-51_label_B6-0-0,train,/home/aarf101/xd_official/i3d-features/RGB/v=uBXprlsmd18__#00-00-00_00-00-51_label_B6-0-0,76,1,car_accident
Salt.2010__#00-50-40_00-51-15_label_B1-B2-0,train,/home/aarf101/xd_official/i3d-features/RGB/Salt.2010__#00-50-40_00-51-15_label_B1-B2-0,52,1,fighting|shooting
v=NeAC-MfTZzU__#00-00-00_00-03-00_label_A,train,/home/aarf101/xd_official/i3d-features/RGB/v=NeAC-MfTZzU__#00-00-00_00-03-00_label_A,270,0,
One.Day.2011__#00-06-52_00-08-22_label_A,train,/home/aarf101/xd_official/i3d-features/RGB/One.Day.2011__#00-06-52_00-08-22_label_A,135,0,
v=pFamvR9CpYw__#00-55-20_01-05-45_label_B4-0-0,train,/home/aarf101/xd_official/i3d-features/RGB/v=pFamvR9CpYw__#00-55-20_01-05-45_label_B4-0-0,937,1,riot
Operation.Red.Sea.2018__#02-08-54_02-09-08_label_G-B6-0,train,/home/aarf101/xd_official/i3d-features/RGB/Operation.Red.Sea.2018__#02-08-54_02-09-08_label_G-B6-0,20,1,explosion|car_accident
v=0vVOXlgHC1U__#00-00-00_00-06-00_label_A,train,/home/aarf101/xd_official/i3d-features/RGB/v=0vVOXlgHC1U__#00-00-00_00-06-00_label_A,540,0,
v=4IEPcf9JWFU__#1_label_A,train,/home/aarf101/xd_official/i3d-features/RGB/v=4IEPcf9JWFU__#1_label_A,209,0,
v=cvEJ5WFk2KE__#00-18-00_00-21-00_label_A,train,/home/aarf101/xd_official/i3d-features/RGB/v=cvEJ5WFk2KE__#00-18-00_00-21-00_label_A,270,0,
IP.Man.2.2010__#00-40-54_00-42-26_label_B1-0-0,train,/home/aarf101/xd_official/i3d-features/RGB/IP.Man.2.2010__#00-40-54_00-42-26_label_B1-0-0,137,1,fighting
v=0O3LbHS5Xss__#1_label_A,train,/home/aarf101/xd_official/i3d-features/RGB/v=0O3LbHS5Xss__#1_label_A,449,0,
v=ieSLKWFy0_g__#1_label_G-0-0,train,/home/aarf101/xd_official/i3d-features/RGB/v=ieSLKWFy0_g__#1_label_G-0-0,48,1,explosion
Young.And.Dangerous.II.1996__#0-34-56_0-35-40_label_B2-0-0,train,/home/aarf101/xd_official/i3d-features/RGB/Young.And.Dangerous.II.1996__#0-34-56_0-35-40_label_B2-0-0,66,1,shooting
v=7WukOSs0n5c__#1_label_G-0-0,train,/home/aarf101/xd_official/i3d-features/RGB/v=7WukOSs0n5c__#1_label_G-0-0,67,1,explosion
v=jhOfHkp0B_I__#1_label_B1-0-0,train,/home/aarf101/xd_official/i3d-features/RGB/v=jhOfHkp0B_I__#1_label_B1-0-0,180,1,fighting
v=KC7zdZ00eZ4__#1_label_G-0-0,train,/home/aarf101/xd_official/i3d-features/RGB/v=KC7zdZ00eZ4__#1_label_G-0-0,108,1,explosion
v=-n1W0wSv_vQ__#00-04-00_00-05-19_label_B6-0-0,train,/home/aarf101/xd_official/i3d-features/RGB/v=-n1W0wSv_vQ__#00-04-00_00-05-19_label_B6-0-0,118,1,car_accident
v=tlFJIG9mTGQ__#00-06-00_00-09-00_label_A,train,/home/aarf101/xd_official/i3d-features/RGB/v=tlFJIG9mTGQ__#00-06-00_00-09-00_label_A,270,0,
Spectre.2015__#00-42-15_00-42-49_label_B5-0-0,train,/home/aarf101/xd_official/i3d-features/RGB/Spectre.2015__#00-42-15_00-42-49_label_B5-0-0,51,1,abuse
v=IINQLoXI7gc__#1_label_A,train,/home/aarf101/xd_official/i3d-features/RGB/v=IINQLoXI7gc__#1_label_A,334,0,
v=DSG-zxGRkJw__#1_label_A,train,/home/aarf101/xd_official/i3d-features/RGB/v=DSG-zxGRkJw__#1_label_A,220,0,
v=qV4YYnXdQCc__#00-12-00_00-15-00_label_A,train,/home/aarf101/xd_official/i3d-features/RGB/v=qV4YYnXdQCc__#00-12-00_00-15-00_label_A,270,0,
v=SvmJ5ZAUz1Y__#1_label_B4-0-0,train,/home/aarf101/xd_official/i3d-features/RGB/v=SvmJ5ZAUz1Y__#1_label_B4-0-0,98,1,riot
v=2l5XPZK-55g__#1_label_A,train,/home/aarf101/xd_official/i3d-features/RGB/v=2l5XPZK-55g__#1_label_A,2826,0,
GoldenEye.1995__#00-17-21_00-20-35_label_A,train,/home/aarf101/xd_official/i3d-features/RGB/GoldenEye.1995__#00-17-21_00-20-35_label_A,291,0,
v=1TsUkR8nR7I__#1_label_A,train,/home/aarf101/xd_official/i3d-features/RGB/v=1TsUkR8nR7I__#1_label_A,1325,0,
Fury.2014__#00-23-40_00-24-42_label_B2-G-0,train,/home/aarf101/xd_official/i3d-features/RGB/Fury.2014__#00-23-40_00-24-42_label_B2-G-0,93,1,shooting|explosion
One.Day.2011__#00-35-50_00-40-31_label_A,train,/home/aarf101/xd_official/i3d-features/RGB/One.Day.2011__#00-35-50_00-40-31_label_A,421,0,
v=DMgzyUHc83g__#1_label_B1-0-0,train,/home/aarf101/xd_official/i3d-features/RGB/v=DMgzyUHc83g__#1_label_B1-0-0,202,1,fighting
v=qYyM0ta0NIY__#1_label_A,train,/home/aarf101/xd_official/i3d-features/RGB/v=qYyM0ta0NIY__#1_label_A,296,0,
v=2kygEDNk9aA__#1_label_B1-0-0,train,/home/aarf101/xd_official/i3d-features/RGB/v=2kygEDNk9aA__#1_label_B1-0-0,117,1,fighting
v=9MDCwQ8_85g__#1_label_A,train,/home/aarf101/xd_official/i3d-features/RGB/v=9MDCwQ8_85g__#1_label_A,2236,0,
v=X4I8FhpGJwo__#00-05-20_00-06-20_label_B6-0-0,train,/home/aarf101/xd_official/i3d-features/RGB/v=X4I8FhpGJwo__#00-05-20_00-06-20_label_B6-0-0,90,1,car_accident
Jason.Bourne.2016__#0-36-20_0-37-27_label_A,train,/home/aarf101/xd_official/i3d-features/RGB/Jason.Bourne.2016__#0-36-20_0-37-27_label_A,100,0,
Mission.Impossible.Fallout.2018__#01-40-00_01-43-20_label_A,train,/home/aarf101/xd_official/i3d-features/RGB/Mission.Impossible.Fallout.2018__#01-40-00_01-43-20_label_A,300,0,
Young.And.Dangerous.I.1996__#01-30-15_01-30-32_label_G-0-0,train,/home/aarf101/xd_official/i3d-features/RGB/Young.And.Dangerous.I.1996__#01-30-15_01-30-32_label_G-0-0,25,1,explosion
v=gM3qsp6CXMk__#00-00-00_00-00-51_label_B6-0-0,train,/home/aarf101/xd_official/i3d-features/RGB/v=gM3qsp6CXMk__#00-00-00_00-00-51_label_B6-0-0,76,1,car_accident
Fast.Furious.2009__#01-21-28_01-26-52_label_A,train,/home/aarf101/xd_official/i3d-features/RGB/Fast.Furious.2009__#01-21-28_01-26-52_label_A,486,0,
v=fkps18H3SXY__#01-36-00_01-42-00_label_A,train,/home/aarf101/xd_official/i3d-features/RGB/v=fkps18H3SXY__#01-36-00_01-42-00_label_A,540,0,
v=vFPQ_NiDBIU__#01-42-00_01-48-00_label_A,train,/home/aarf101/xd_official/i3d-features/RGB/v=vFPQ_NiDBIU__#01-42-00_01-48-00_label_A,539,0,
A.Beautiful.Mind.2001__#01-52-20_01-58-00_label_A,train,/home/aarf101/xd_official/i3d-features/RGB/A.Beautiful.Mind.2001__#01-52-20_01-58-00_label_A,510,0,
v=Wa2zNUdds4A__#1_label_A,train,/home/aarf101/xd_official/i3d-features/RGB/v=Wa2zNUdds4A__#1_label_A,1194,0,
v=R_HoYB_fRps__#1_label_A,train,/home/aarf101/xd_official/i3d-features/RGB/v=R_HoYB_fRps__#1_label_A,2305,0,
Haywire.2011__#01-03-19_01-04-02_label_B2-0-0,train,/home/aarf101/xd_official/i3d-features/RGB/Haywire.2011__#01-03-19_01-04-02_label_B2-0-0,64,1,shooting
New.Kids.Turbo.2010__#00-46-23_00-47-55_label_A,train,/home/aarf101/xd_official/i3d-features/RGB/New.Kids.Turbo.2010__#00-46-23_00-47-55_label_A,137,0,
The.Secret.Life.of.Walter.Mitty.2013__#01-17-00_01-19-40_label_A,train,/home/aarf101/xd_official/i3d-features/RGB/The.Secret.Life.of.Walter.Mitty.2013__#01-17-00_01-19-40_label_A,240,0,
v=6WkKb8Mu89Q__#00-00-35_00-02-30_label_B6-0-0,train,/home/aarf101/xd_official/i3d-features/RGB/v=6WkKb8Mu89Q__#00-00-35_00-02-30_label_B6-0-0,172,1,car_accident
The.Intouchables.2011__#01-30-25_01-33-56_label_A,train,/home/aarf101/xd_official/i3d-features/RGB/The.Intouchables.2011__#01-30-25_01-33-56_label_A,316,0,
v=X59__bw-seg__#1_label_A,train,/home/aarf101/xd_official/i3d-features/RGB/v=X59__bw-seg__#1_label_A,51,0,
v=qoDFUdbNJGk__#1_label_A,train,/home/aarf101/xd_official/i3d-features/RGB/v=qoDFUdbNJGk__#1_label_A,535,0,
Law.Abiding.Citizen.2009__#00-03-49_00-10-20_label_A,train,/home/aarf101/xd_official/i3d-features/RGB/Law.Abiding.Citizen.2009__#00-03-49_00-10-20_label_A,586,0,
v=Fi2duT26AxI__#1_label_A,train,/home/aarf101/xd_official/i3d-features/RGB/v=Fi2duT26AxI__#1_label_A,66,0,
v=MmudJafnQh0__#1_label_B4-0-0,train,/home/aarf101/xd_official/i3d-features/RGB/v=MmudJafnQh0__#1_label_B4-0-0,335,1,riot
Tropa.de.Elite.2007__#00-28-00_00-28-20_label_B2-0-0,train,/home/aarf101/xd_official/i3d-features/RGB/Tropa.de.Elite.2007__#00-28-00_00-28-20_label_B2-0-0,30,1,shooting
v=1LgHkQL7Jms__#00-03-10_00-04-19_label_B6-0-0,train,/home/aarf101/xd_official/i3d-features/RGB/v=1LgHkQL7Jms__#00-03-10_00-04-19_label_B6-0-0,103,1,car_accident
City.of.God.2002__#00-59-55_01-02-35_label_B5-B2-0,train,/home/aarf101/xd_official/i3d-features/RGB/City.of.God.2002__#00-59-55_01-02-35_label_B5-B2-0,240,1,abuse|shooting
v=wuhoY9su8X8__#1_label_G-0-0,train,/home/aarf101/xd_official/i3d-features/RGB/v=wuhoY9su8X8__#1_label_G-0-0,125,1,explosion
v=K5ls-rAcaHs__#00-01-50_00-03-17_label_G-0-0,train,/home/aarf101/xd_official/i3d-features/RGB/v=K5ls-rAcaHs__#00-01-50_00-03-17_label_G-0-0,130,1,explosion
v=u5SF4SlqNDQ__#00-03-41_00-05-54_label_G-0-0,train,/home/aarf101/xd_official/i3d-features/RGB/v=u5SF4SlqNDQ__#00-03-41_00-05-54_label_G-0-0,199,1,explosion
v=xGN2-m_qqBc__#1_label_B1-0-0,train,/home/aarf101/xd_official/i3d-features/RGB/v=xGN2-m_qqBc__#1_label_B1-0-0,516,1,fighting
Brick.Mansions.2014__#00-25-26_00-25-47_label_A,train,/home/aarf101/xd_official/i3d-features/RGB/Brick.Mansions.2014__#00-25-26_00-25-47_label_A,31,0,
Be.with.You.2018__#01-39-05_01-41-00_label_A,train,/home/aarf101/xd_official/i3d-features/RGB/Be.with.You.2018__#01-39-05_01-41-00_label_A,172,0,
Haywire.2011__#00-51-18_00-51-53_label_B1-0-0,train,/home/aarf101/xd_official/i3d-features/RGB/Haywire.2011__#00-51-18_00-51-53_label_B1-0-0,52,1,fighting
Love.Actually.2003__#00-06-37_00-08-22_label_A,train,/home/aarf101/xd_official/i3d-features/RGB/Love.Actually.2003__#00-06-37_00-08-22_label_A,157,0,
v=tT-SrQC6Ddw__#00-01-00_00-02-45_label_B6-0-0,train,/home/aarf101/xd_official/i3d-features/RGB/v=tT-SrQC6Ddw__#00-01-00_00-02-45_label_B6-0-0,157,1,car_accident
Skyfall.2012__#00-30-00_00-31-20_label_B2-0-0,train,/home/aarf101/xd_official/i3d-features/RGB/Skyfall.2012__#00-30-00_00-31-20_label_B2-0-0,120,1,shooting
v=TrON1jkvfBQ__#1_label_A,train,/home/aarf101/xd_official/i3d-features/RGB/v=TrON1jkvfBQ__#1_label_A,289,0,
Mission.Impossible.III.2006__#00-42-45_00-42-55_label_A,train,/home/aarf101/xd_official/i3d-features/RGB/Mission.Impossible.III.2006__#00-42-45_00-42-55_label_A,15,0,
v=eAgqJnO3kr8__#00-00-00_00-06-00_label_A,train,/home/aarf101/xd_official/i3d-features/RGB/v=eAgqJnO3kr8__#00-00-00_00-06-00_label_A,540,0,
v=rKpXqwE2rg8__#00-06-23_00-09-55_label_B4-0-0,train,/home/aarf101/xd_official/i3d-features/RGB/v=rKpXqwE2rg8__#00-06-23_00-09-55_label_B4-0-0,318,1,riot
Taken.2.UNRATED.EXTENDED.2012__#01-27-50_01-28-16_label_B1-0-0,train,/home/aarf101/xd_official/i3d-features/RGB/Taken.2.UNRATED.EXTENDED.2012__#01-27-50_01-28-16_label_B1-0-0,39,1,fighting
v=q2SP66Jb6Cw__#00-36-00_00-42-00_label_A,train,/home/aarf101/xd_official/i3d-features/RGB/v=q2SP66Jb6Cw__#00-36-00_00-42-00_label_A,540,0,
v=MyM5G7fo7Gg__#00-30-00_00-33-00_label_A,train,/home/aarf101/xd_official/i3d-features/RGB/v=MyM5G7fo7Gg__#00-30-00_00-33-00_label_A,270,0,
v=SdYFFo_tsfk__#01-06-00_01-12-00_label_A,train,/home/aarf101/xd_official/i3d-features/RGB/v=SdYFFo_tsfk__#01-06-00_01-12-00_label_A,540,0,
v=8tqeeBGjnPg__#00-08-10_00-09-51_label_B6-0-0,train,/home/aarf101/xd_official/i3d-features/RGB/v=8tqeeBGjnPg__#00-08-10_00-09-51_label_B6-0-0,151,1,car_accident
Saving.Private.Ryan.1998__#00-28-42_00-31-21_label_A,train,/home/aarf101/xd_official/i3d-features/RGB/Saving.Private.Ryan.1998__#00-28-42_00-31-21_label_A,238,0,
Deadpool.2016__#0-27-11_0-27-48_label_A,train,/home/aarf101/xd_official/i3d-features/RGB/Deadpool.2016__#0-27-11_0-27-48_label_A,55,0,
v=S9d1w1ILGlQ__#1_label_B1-0-0,train,/home/aarf101/xd_official/i3d-features/RGB/v=S9d1w1ILGlQ__#1_label_B1-0-0,348,1,fighting
Ip.Man.3.2015__#01-01-16_01-01-46_label_B1-0-0,train,/home/aarf101/xd_official/i3d-features/RGB/Ip.Man.3.2015__#01-01-16_01-01-46_label_B1-0-0,44,1,fighting
v=bhcHj8ZwQpw__#1_label_B1-0-0,train,/home/aarf101/xd_official/i3d-features/RGB/v=bhcHj8ZwQpw__#1_label_B1-0-0,60,1,fighting
v=hy9O_tg3pOk__#1_label_A,train,/home/aarf101/xd_official/i3d-features/RGB/v=hy9O_tg3pOk__#1_label_A,943,0,
v=3ve0JjM4NnA__#00-04-43_00-09-03_label_B1-0-0,train,/home/aarf101/xd_official/i3d-features/RGB/v=3ve0JjM4NnA__#00-04-43_00-09-03_label_B1-0-0,390,1,fighting
v=8RRnCEaQrqE__#1_label_A,train,/home/aarf101/xd_official/i3d-features/RGB/v=8RRnCEaQrqE__#1_label_A,341,0,
v=rHasGCRYSgA__#1_label_A,train,/home/aarf101/xd_official/i3d-features/RGB/v=rHasGCRYSgA__#1_label_A,839,0,
v=UQ9jjX_4ywU__#1_label_A,train,/home/aarf101/xd_official/i3d-features/RGB/v=UQ9jjX_4ywU__#1_label_A,234,0,
v=-n1W0wSv_vQ__#00-01-52_00-03-10_label_B6-0-0,train,/home/aarf101/xd_official/i3d-features/RGB/v=-n1W0wSv_vQ__#00-01-52_00-03-10_label_B6-0-0,117,1,car_accident
v=nLAapCIlr-o__#00-10-30_00-10-51_label_B6-0-0,train,/home/aarf101/xd_official/i3d-features/RGB/v=nLAapCIlr-o__#00-10-30_00-10-51_label_B6-0-0,31,1,car_accident
v=2lXh2n0aPyw__#1_label_A,train,/home/aarf101/xd_official/i3d-features/RGB/v=2lXh2n0aPyw__#1_label_A,160,0,
Spectre.2015__#02-14-32_02-15-20_label_B2-0-0,train,/home/aarf101/xd_official/i3d-features/RGB/Spectre.2015__#02-14-32_02-15-20_label_B2-0-0,72,1,shooting
v=RCnS7w-oyYc__#1_label_A,train,/home/aarf101/xd_official/i3d-features/RGB/v=RCnS7w-oyYc__#1_label_A,2818,0,
v=tpeNwvZHRd4__#1_label_G-0-0,train,/home/aarf101/xd_official/i3d-features/RGB/v=tpeNwvZHRd4__#1_label_G-0-0,100,1,explosion
v=GjBI4hyO2-8__#1_label_G-0-0,train,/home/aarf101/xd_official/i3d-features/RGB/v=GjBI4hyO2-8__#1_label_G-0-0,68,1,explosion
v=hM1YvOQqY0A__#1_label_B4-0-0,train,/home/aarf101/xd_official/i3d-features/RGB/v=hM1YvOQqY0A__#1_label_B4-0-0,76,1,riot
v=n-r2xxnuJYE__#1_label_A,train,/home/aarf101/xd_official/i3d-features/RGB/v=n-r2xxnuJYE__#1_label_A,431,0,
v=mnIKqIgGclE__#1_label_A,train,/home/aarf101/xd_official/i3d-features/RGB/v=mnIKqIgGclE__#1_label_A,1149,0,
Saving.Private.Ryan.1998__#02-13-05_02-13-15_label_G-0-0,train,/home/aarf101/xd_official/i3d-features/RGB/Saving.Private.Ryan.1998__#02-13-05_02-13-15_label_G-0-0,15,1,explosion
Sin.City.2005__#0-52-13_0-53-23_label_B5-0-0,train,/home/aarf101/xd_official/i3d-features/RGB/Sin.City.2005__#0-52-13_0-53-23_label_B5-0-0,105,1,abuse
A.Beautiful.Mind.2001__#00-03-00_00-04-05_label_A,train,/home/aarf101/xd_official/i3d-features/RGB/A.Beautiful.Mind.2001__#00-03-00_00-04-05_label_A,97,0,
v=CTmDm1VO-8U__#1_label_G-0-0,train,/home/aarf101/xd_official/i3d-features/RGB/v=CTmDm1VO-8U__#1_label_G-0-0,66,1,explosion
Thelma...Louise.1991__#01-57-50_01-59-10_label_B6-0-0,train,/home/aarf101/xd_official/i3d-features/RGB/Thelma...Louise.1991__#01-57-50_01-59-10_label_B6-0-0,120,1,car_accident
Sin.City.2005__#0-09-48_0-10-10_label_B2-0-0,train,/home/aarf101/xd_official/i3d-features/RGB/Sin.City.2005__#0-09-48_0-10-10_label_B2-0-0,33,1,shooting
v=F2J5_arXXFs__#1_label_A,train,/home/aarf101/xd_official/i3d-features/RGB/v=F2J5_arXXFs__#1_label_A,198,0,
v=KfNg0Fx1D54__#1_label_A,train,/home/aarf101/xd_official/i3d-features/RGB/v=KfNg0Fx1D54__#1_label_A,900,0,
Jason.Bourne.2016__#0-26-38_0-26-55_label_B4-0-0,train,/home/aarf101/xd_official/i3d-features/RGB/Jason.Bourne.2016__#0-26-38_0-26-55_label_B4-0-0,25,1,riot
v=d_LttcEvc2Y__#1_label_B4-0-0,train,/home/aarf101/xd_official/i3d-features/RGB/v=d_LttcEvc2Y__#1_label_B4-0-0,145,1,riot
v=UxoL8tHSa7g__#1_label_B4-0-0,train,/home/aarf101/xd_official/i3d-features/RGB/v=UxoL8tHSa7g__#1_label_B4-0-0,279,1,riot
v=r6e5yCEUqUI__#1_label_A,train,/home/aarf101/xd_official/i3d-features/RGB/v=r6e5yCEUqUI__#1_label_A,277,0,
v=SdYFFo_tsfk__#01-30-00_01-36-00_label_A,train,/home/aarf101/xd_official/i3d-features/RGB/v=SdYFFo_tsfk__#01-30-00_01-36-00_label_A,540,0,
Yellow.Sea.2010__#01-13-19_01-14-20_label_A,train,/home/aarf101/xd_official/i3d-features/RGB/Yellow.Sea.2010__#01-13-19_01-14-20_label_A,91,0,
Kingsman.The.Secret.Service.2014__#00-03-05_00-03-58_label_A,train,/home/aarf101/xd_official/i3d-features/RGB/Kingsman.The.Secret.Service.2014__#00-03-05_00-03-58_label_A,79,0,
Gladiator.2000__#01-27-58_01-29-40_label_A,train,/home/aarf101/xd_official/i3d-features/RGB/Gladiator.2000__#01-27-58_01-29-40_label_A,153,0,
v=D1eP4Bn4hDQ__#00-07-50_00-08-55_label_B6-0-0,train,/home/aarf101/xd_official/i3d-features/RGB/v=D1eP4Bn4hDQ__#00-07-50_00-08-55_label_B6-0-0,97,1,car_accident
Shoplifters.2018__#00-33-52_00-38-31_label_A,train,/home/aarf101/xd_official/i3d-features/RGB/Shoplifters.2018__#00-33-52_00-38-31_label_A,418,0,
v=XAZIC6RlSXs__#1_label_A,train,/home/aarf101/xd_official/i3d-features/RGB/v=XAZIC6RlSXs__#1_label_A,981,0,
The.World.Is.Not.Enough.1999__#00-37-10_00-37-57_label_G-B2-0,train,/home/aarf101/xd_official/i3d-features/RGB/The.World.Is.Not.Enough.1999__#00-37-10_00-37-57_label_G-B2-0,70,1,explosion|shooting
Still.Walking.2008__#00-45-40_00-47-30_label_A,train,/home/aarf101/xd_official/i3d-features/RGB/Still.Walking.2008__#00-45-40_00-47-30_label_A,165,0,
Tropa.de.Elite.2.2010__#00-35-46_00-36-40_label_A,train,/home/aarf101/xd_official/i3d-features/RGB/Tropa.de.Elite.2.2010__#00-35-46_00-36-40_label_A,81,0,
v=meiaGQ8yKpY__#1_label_A,train,/home/aarf101/xd_official/i3d-features/RGB/v=meiaGQ8yKpY__#1_label_A,185,0,
Skyfall.2012__#00-21-15_00-21-36_label_G-0-0,train,/home/aarf101/xd_official/i3d-features/RGB/Skyfall.2012__#00-21-15_00-21-36_label_G-0-0,31,1,explosion
v=7q46-34clh4__#1_label_B4-0-0,train,/home/aarf101/xd_official/i3d-features/RGB/v=7q46-34clh4__#1_label_B4-0-0,304,1,riot
Sin.City.2005__#0-05-10_0-06-07_label_A,train,/home/aarf101/xd_official/i3d-features/RGB/Sin.City.2005__#0-05-10_0-06-07_label_A,85,0,
v=ZvyOsM5lAdY__#1_label_A,train,/home/aarf101/xd_official/i3d-features/RGB/v=ZvyOsM5lAdY__#1_label_A,249,0,
Fury.2014__#01-48-19_01-56-29_label_B2-G-0,train,/home/aarf101/xd_official/i3d-features/RGB/Fury.2014__#01-48-19_01-56-29_label_B2-G-0,735,1,shooting|explosion
v=oRG1v7dySRU__#1_label_A,train,/home/aarf101/xd_official/i3d-features/RGB/v=oRG1v7dySRU__#1_label_A,197,0,
Skyfall.2012__#01-45-55_01-48-07_label_A,train,/home/aarf101/xd_official/i3d-features/RGB/Skyfall.2012__#01-45-55_01-48-07_label_A,198,0,
v=LLCUqRKnjeY__#00-05-20_00-06-51_label_B6-0-0,train,/home/aarf101/xd_official/i3d-features/RGB/v=LLCUqRKnjeY__#00-05-20_00-06-51_label_B6-0-0,136,1,car_accident
Taken.2.UNRATED.EXTENDED.2012__#00-18-01_00-19-51_label_A,train,/home/aarf101/xd_official/i3d-features/RGB/Taken.2.UNRATED.EXTENDED.2012__#00-18-01_00-19-51_label_A,165,0,
v=SdYFFo_tsfk__#01-12-00_01-18-00_label_A,train,/home/aarf101/xd_official/i3d-features/RGB/v=SdYFFo_tsfk__#01-12-00_01-18-00_label_A,540,0,
City.of.God.2002__#00-27-11_00-28-05_label_B5-0-0,train,/home/aarf101/xd_official/i3d-features/RGB/City.of.God.2002__#00-27-11_00-28-05_label_B5-0-0,80,1,abuse
Young.And.Dangerous.III.1996__#01-31-15_01-34-46_label_B1-0-0,train,/home/aarf101/xd_official/i3d-features/RGB/Young.And.Dangerous.III.1996__#01-31-15_01-34-46_label_B1-0-0,316,1,fighting
The.Bourne.Legacy.2012__#01-59-04_01-59-30_label_B2-0-0,train,/home/aarf101/xd_official/i3d-features/RGB/The.Bourne.Legacy.2012__#01-59-04_01-59-30_label_B2-0-0,39,1,shooting
Lord.of.War__#00-29-20_00-30-07_label_A,train,/home/aarf101/xd_official/i3d-features/RGB/Lord.of.War__#00-29-20_00-30-07_label_A,70,0,
v=Te_1RoLM6hQ__#1_label_A,train,/home/aarf101/xd_official/i3d-features/RGB/v=Te_1RoLM6hQ__#1_label_A,177,0,
v=bunhcwSvil8__#1_label_B4-0-0,train,/home/aarf101/xd_official/i3d-features/RGB/v=bunhcwSvil8__#1_label_B4-0-0,111,1,riot
v=csGpqnok6p8__#1_label_A,train,/home/aarf101/xd_official/i3d-features/RGB/v=csGpqnok6p8__#1_label_A,354,0,
v=ZoS8gm5OcOM__#00-09-20_00-11-00_label_B6-0-0,train,/home/aarf101/xd_official/i3d-features/RGB/v=ZoS8gm5OcOM__#00-09-20_00-11-00_label_B6-0-0,150,1,car_accident
v=WYMLA4U9HDI__#1_label_A,train,/home/aarf101/xd_official/i3d-features/RGB/v=WYMLA4U9HDI__#1_label_A,214,0,
v=BdxY-lzreNU__#1_label_A,train,/home/aarf101/xd_official/i3d-features/RGB/v=BdxY-lzreNU__#1_label_A,267,0,
v=jYENhkzdpO8__#00-05-20_00-06-45_label_B6-0-0,train,/home/aarf101/xd_official/i3d-features/RGB/v=jYENhkzdpO8__#00-05-20_00-06-45_label_B6-0-0,127,1,car_accident
v=9W_OeAknNFE__#1_label_G-0-0,train,/home/aarf101/xd_official/i3d-features/RGB/v=9W_OeAknNFE__#1_label_G-0-0,88,1,explosion
A.Beautiful.Mind.2001__#00-20-35_00-23-06_label_A,train,/home/aarf101/xd_official/i3d-features/RGB/A.Beautiful.Mind.2001__#00-20-35_00-23-06_label_A,226,0,
Your.Name.2016__#00-56-40_01-01-02_label_A,train,/home/aarf101/xd_official/i3d-features/RGB/Your.Name.2016__#00-56-40_01-01-02_label_A,393,0,
v=Yr41_8QOTF8__#00-03-00_00-06-00_label_A,train,/home/aarf101/xd_official/i3d-features/RGB/v=Yr41_8QOTF8__#00-03-00_00-06-00_label_A,270,0,
Brick.Mansions.2014__#00-03-40_00-03-55_label_B1-B2-0,train,/home/aarf101/xd_official/i3d-features/RGB/Brick.Mansions.2014__#00-03-40_00-03-55_label_B1-B2-0,22,1,fighting|shooting
Operation.Red.Sea.2018__#0-38-02_0-43-05_label_B2-G-0,train,/home/aarf101/xd_official/i3d-features/RGB/Operation.Red.Sea.2018__#0-38-02_0-43-05_label_B2-G-0,454,1,shooting|explosion
Kingsman.The.Golden.Circle.2017__#01-51-23_01-51-35_label_G-0-0,train,/home/aarf101/xd_official/i3d-features/RGB/Kingsman.The.Golden.Circle.2017__#01-51-23_01-51-35_label_G-0-0,18,1,explosion
v=Fxo9-8FKfX4__#1_label_A,train,/home/aarf101/xd_official/i3d-features/RGB/v=Fxo9-8FKfX4__#1_label_A,719,0,
The.Notebook.2004__#00-01-45_00-02-50_label_A,train,/home/aarf101/xd_official/i3d-features/RGB/The.Notebook.2004__#00-01-45_00-02-50_label_A,97,0,
Flipped.2010__#00-20-35_00-23-06_label_A,train,/home/aarf101/xd_official/i3d-features/RGB/Flipped.2010__#00-20-35_00-23-06_label_A,226,0,
v=8TDaA_4tR-U__#1_label_B4-0-0,train,/home/aarf101/xd_official/i3d-features/RGB/v=8TDaA_4tR-U__#1_label_B4-0-0,311,1,riot
v=Jw8nhzDE57c__#1_label_A,train,/home/aarf101/xd_official/i3d-features/RGB/v=Jw8nhzDE57c__#1_label_A,149,0,
Your.Name.2016__#01-05-30_01-08-59_label_A,train,/home/aarf101/xd_official/i3d-features/RGB/Your.Name.2016__#01-05-30_01-08-59_label_A,313,0,
v=qiMJdl7k9sU__#1_label_B1-0-0,train,/home/aarf101/xd_official/i3d-features/RGB/v=qiMJdl7k9sU__#1_label_B1-0-0,126,1,fighting
v=hNVz9YbUeLA__#00-08-46_00-10-22_label_B1-0-0,train,/home/aarf101/xd_official/i3d-features/RGB/v=hNVz9YbUeLA__#00-08-46_00-10-22_label_B1-0-0,143,1,fighting
v=aQj5qTFhdZ0__#1_label_A,train,/home/aarf101/xd_official/i3d-features/RGB/v=aQj5qTFhdZ0__#1_label_A,1209,0,
Taken.Extended.Cut.2008__#00-49-20_00-49-55_label_B2-B6-0,train,/home/aarf101/xd_official/i3d-features/RGB/Taken.Extended.Cut.2008__#00-49-20_00-49-55_label_B2-B6-0,52,1,shooting|car_accident
Your.Name.2016__#00-25-20_00-29-40_label_A,train,/home/aarf101/xd_official/i3d-features/RGB/Your.Name.2016__#00-25-20_00-29-40_label_A,390,0,
v=IUYaSgwdC0g__#1_label_B4-0-0,train,/home/aarf101/xd_official/i3d-features/RGB/v=IUYaSgwdC0g__#1_label_B4-0-0,135,1,riot
Fast.Furious.6.2013__#00-21-52_00-23-08_label_G-B2-0,train,/home/aarf101/xd_official/i3d-features/RGB/Fast.Furious.6.2013__#00-21-52_00-23-08_label_G-B2-0,114,1,explosion|shooting
Black.Hawk.Down.2001__#01-49-18_01-49-50_label_G-0-0,train,/home/aarf101/xd_official/i3d-features/RGB/Black.Hawk.Down.2001__#01-49-18_01-49-50_label_G-0-0,48,1,explosion
v=poDgC0LfsDM__#1_label_A,train,/home/aarf101/xd_official/i3d-features/RGB/v=poDgC0LfsDM__#1_label_A,1876,0,
v=Gm73TwtUyGY__#1_label_G-0-0,train,/home/aarf101/xd_official/i3d-features/RGB/v=Gm73TwtUyGY__#1_label_G-0-0,2,1,explosion
v=vC1BpmubbW4__#1_label_B4-0-0,train,/home/aarf101/xd_official/i3d-features/RGB/v=vC1BpmubbW4__#1_label_B4-0-0,87,1,riot
Quantum.Of.Solace.2008__#00-18-46_00-19-53_label_B1-0-0,train,/home/aarf101/xd_official/i3d-features/RGB/Quantum.Of.Solace.2008__#00-18-46_00-19-53_label_B1-0-0,100,1,fighting
v=oIcKi1ZdJMw__#1_label_B4-0-0,train,/home/aarf101/xd_official/i3d-features/RGB/v=oIcKi1ZdJMw__#1_label_B4-0-0,145,1,riot
Before.Sunrise.1995__#00-37-40_00-40-31_label_A,train,/home/aarf101/xd_official/i3d-features/RGB/Before.Sunrise.1995__#00-37-40_00-40-31_label_A,256,0,
Taken.2.UNRATED.EXTENDED.2012__#00-33-20_00-35-00_label_B1-B2-0,train,/home/aarf101/xd_official/i3d-features/RGB/Taken.2.UNRATED.EXTENDED.2012__#00-33-20_00-35-00_label_B1-B2-0,150,1,fighting|shooting
v=rmb-ofn-8VU__#1_label_A,train,/home/aarf101/xd_official/i3d-features/RGB/v=rmb-ofn-8VU__#1_label_A,475,0,
v=VRn8Tc02TbU__#00-00-00_00-03-00_label_A,train,/home/aarf101/xd_official/i3d-features/RGB/v=VRn8Tc02TbU__#00-00-00_00-03-00_label_A,270,0,
The.Secret.Life.of.Walter.Mitty.2013__#01-20-00_01-22-08_label_A,train,/home/aarf101/xd_official/i3d-features/RGB/The.Secret.Life.of.Walter.Mitty.2013__#01-20-00_01-22-08_label_A,191,0,
v=89PKbJ2NAqc__#1_label_A,train,/home/aarf101/xd_official/i3d-features/RGB/v=89PKbJ2NAqc__#1_label_A,325,0,
v=OgRZxfWPC60__#1_label_B1-0-0,train,/home/aarf101/xd_official/i3d-features/RGB/v=OgRZxfWPC60__#1_label_B1-0-0,97,1,fighting
The.Attorney.2013__#00-11-00_00-15-08_label_A,train,/home/aarf101/xd_official/i3d-features/RGB/The.Attorney.2013__#00-11-00_00-15-08_label_A,372,0,
Salt.2010__#01-08-26_01-09-42_label_A,train,/home/aarf101/xd_official/i3d-features/RGB/Salt.2010__#01-08-26_01-09-42_label_A,114,0,
v=frVqSvgGzhw__#1_label_G-0-0,train,/home/aarf101/xd_official/i3d-features/RGB/v=frVqSvgGzhw__#1_label_G-0-0,127,1,explosion
v=y8lB9ThlZLg__#1_label_B4-0-0,train,/home/aarf101/xd_official/i3d-features/RGB/v=y8lB9ThlZLg__#1_label_B4-0-0,352,1,riot
Salt.2010__#00-57-55_01-01-01_label_A,train,/home/aarf101/xd_official/i3d-features/RGB/Salt.2010__#00-57-55_01-01-01_label_A,279,0,
Still.Walking.2008__#01-30-25_01-33-56_label_A,train,/home/aarf101/xd_official/i3d-features/RGB/Still.Walking.2008__#01-30-25_01-33-56_label_A,316,0,
The.Secret.Life.of.Walter.Mitty.2013__#00-43-52_00-46-55_label_A,train,/home/aarf101/xd_official/i3d-features/RGB/The.Secret.Life.of.Walter.Mitty.2013__#00-43-52_00-46-55_label_A,274,0,
Kingsman.The.Secret.Service.2014__#01-25-18_01-26-18_label_A,train,/home/aarf101/xd_official/i3d-features/RGB/Kingsman.The.Secret.Service.2014__#01-25-18_01-26-18_label_A,90,0,
v=SJbWXyTGItY__#1_label_A,train,/home/aarf101/xd_official/i3d-features/RGB/v=SJbWXyTGItY__#1_label_A,182,0,
Be.with.You.2018__#01-21-22_01-25-40_label_A,train,/home/aarf101/xd_official/i3d-features/RGB/Be.with.You.2018__#01-21-22_01-25-40_label_A,386,0,
Mission.Impossible.Ghost.Protocol.2011__#00-42-50_00-44-10_label_B2-0-0,train,/home/aarf101/xd_official/i3d-features/RGB/Mission.Impossible.Ghost.Protocol.2011__#00-42-50_00-44-10_label_B2-0-0,120,1,shooting
Mission.Impossible.II.2000__#01-23-17_01-24-40_label_B2-0-0,train,/home/aarf101/xd_official/i3d-features/RGB/Mission.Impossible.II.2000__#01-23-17_01-24-40_label_B2-0-0,124,1,shooting
v=iCyKRom_IEM__#1_label_A,train,/home/aarf101/xd_official/i3d-features/RGB/v=iCyKRom_IEM__#1_label_A,150,0,
Sin.City.2005__#01-30-07_01-31-45_label_B5-0-0,train,/home/aarf101/xd_official/i3d-features/RGB/Sin.City.2005__#01-30-07_01-31-45_label_B5-0-0,147,1,abuse
Taken.Extended.Cut.2008__#01-23-23_01-24-18_label_B2-B1-0,train,/home/aarf101/xd_official/i3d-features/RGB/Taken.Extended.Cut.2008__#01-23-23_01-24-18_label_B2-B1-0,82,1,shooting|fighting
v=2BYoPUOXhVA__#1_label_A,train,/home/aarf101/xd_official/i3d-features/RGB/v=2BYoPUOXhVA__#1_label_A,331,0,
v=kVl-6-A9ZO4__#00-00-00_00-00-51_label_B6-0-0,train,/home/aarf101/xd_official/i3d-features/RGB/v=kVl-6-A9ZO4__#00-00-00_00-00-51_label_B6-0-0,76,1,car_accident
Love.Actually.2003__#00-15-10_00-17-27_label_A,train,/home/aarf101/xd_official/i3d-features/RGB/Love.Actually.2003__#00-15-10_00-17-27_label_A,205,0,
Mission.Impossible.Ghost.Protocol.2011__#00-39-30_00-42-10_label_A,train,/home/aarf101/xd_official/i3d-features/RGB/Mission.Impossible.Ghost.Protocol.2011__#00-39-30_00-42-10_label_A,240,0,
v=3NcXHsSOzTg__#1_label_B4-0-0,train,/home/aarf101/xd_official/i3d-features/RGB/v=3NcXHsSOzTg__#1_label_B4-0-0,200,1,riot
Black.Hawk.Down.2001__#02-04-08_02-04-28_label_G-0-0,train,/home/aarf101/xd_official/i3d-features/RGB/Black.Hawk.Down.2001__#02-04-08_02-04-28_label_G-0-0,30,1,explosion
The.Intouchables.2011__#00-49-48_00-51-12_label_A,train,/home/aarf101/xd_official/i3d-features/RGB/The.Intouchables.2011__#00-49-48_00-51-12_label_A,126,0,
Fast.Furious.6.2013__#00-12-41_00-15-45_label_A,train,/home/aarf101/xd_official/i3d-features/RGB/Fast.Furious.6.2013__#00-12-41_00-15-45_label_A,276,0,
v=zqC6B9K8-40__#1_label_B1-0-0,train,/home/aarf101/xd_official/i3d-features/RGB/v=zqC6B9K8-40__#1_label_B1-0-0,139,1,fighting
v=hc-O4pF54V4__#1_label_A,train,/home/aarf101/xd_official/i3d-features/RGB/v=hc-O4pF54V4__#1_label_A,237,0,
IP.Man.2.2010__#00-42-46_00-45-40_label_B1-0-0,train,/home/aarf101/xd_official/i3d-features/RGB/IP.Man.2.2010__#00-42-46_00-45-40_label_B1-0-0,260,1,fighting
v=vFPQ_NiDBIU__#01-36-00_01-42-00_label_A,train,/home/aarf101/xd_official/i3d-features/RGB/v=vFPQ_NiDBIU__#01-36-00_01-42-00_label_A,539,0,
One.Day.2011__#00-20-35_00-23-06_label_A,train,/home/aarf101/xd_official/i3d-features/RGB/One.Day.2011__#00-20-35_00-23-06_label_A,226,0,
v=lsSzkiImAF4__#1_label_A,train,/home/aarf101/xd_official/i3d-features/RGB/v=lsSzkiImAF4__#1_label_A,281,0,
v=bTUu4ZLtDSs__#00-05-18_00-07-28_label_G-0-0,train,/home/aarf101/xd_official/i3d-features/RGB/v=bTUu4ZLtDSs__#00-05-18_00-07-28_label_G-0-0,195,1,explosion
v=pxW4Xfn0Rk8__#1_label_G-B2-0,train,/home/aarf101/xd_official/i3d-features/RGB/v=pxW4Xfn0Rk8__#1_label_G-B2-0,57,1,explosion|shooting
v=j5UtA48u6eM__#1_label_B4-0-0,train,/home/aarf101/xd_official/i3d-features/RGB/v=j5UtA48u6eM__#1_label_B4-0-0,165,1,riot
Tropa.de.Elite.2.2010__#01-16-00_01-19-30_label_A,train,/home/aarf101/xd_official/i3d-features/RGB/Tropa.de.Elite.2.2010__#01-16-00_01-19-30_label_A,314,0,
v=gqscrsa8aRU__#1_label_A,train,/home/aarf101/xd_official/i3d-features/RGB/v=gqscrsa8aRU__#1_label_A,159,0,
Taken.2.UNRATED.EXTENDED.2012__#00-55-49_00-56-10_label_G-0-0,train,/home/aarf101/xd_official/i3d-features/RGB/Taken.2.UNRATED.EXTENDED.2012__#00-55-49_00-56-10_label_G-0-0,31,1,explosion
wangted.2008__#01-02-12_01-02-32_label_B2-0-0,train,/home/aarf101/xd_official/i3d-features/RGB/wangted.2008__#01-02-12_01-02-32_label_B2-0-0,30,1,shooting
Jason.Bourne.2016__#01-31-32_01-31-37_label_B2-0-0,train,/home/aarf101/xd_official/i3d-features/RGB/Jason.Bourne.2016__#01-31-32_01-31-37_label_B2-0-0,7,1,shooting
Be.with.You.2018__#01-50-50_01-52-00_label_A,train,/home/aarf101/xd_official/i3d-features/RGB/Be.with.You.2018__#01-50-50_01-52-00_label_A,105,0,
Tropa.de.Elite.2.2010__#01-22-30_01-24-00_label_A,train,/home/aarf101/xd_official/i3d-features/RGB/Tropa.de.Elite.2.2010__#01-22-30_01-24-00_label_A,135,0,
Jason.Bourne.2016__#0-55-15_0-57-25_label_A,train,/home/aarf101/xd_official/i3d-features/RGB/Jason.Bourne.2016__#0-55-15_0-57-25_label_A,195,0,
v=jxB8e1R4xeA__#1_label_B4-0-0,train,/home/aarf101/xd_official/i3d-features/RGB/v=jxB8e1R4xeA__#1_label_B4-0-0,43,1,riot
v=iegHZ_UWWsA__#00-20-33_00-24-33_label_B4-0-0,train,/home/aarf101/xd_official/i3d-features/RGB/v=iegHZ_UWWsA__#00-20-33_00-24-33_label_B4-0-0,360,1,riot
Ip.Man.2008__#00-05-39_00-07-10_label_B1-0-0,train,/home/aarf101/xd_official/i3d-features/RGB/Ip.Man.2008__#00-05-39_00-07-10_label_B1-0-0,136,1,fighting
Mission.Impossible.III.2006__#01-41-59_01-42-36_label_B1-0-0,train,/home/aarf101/xd_official/i3d-features/RGB/Mission.Impossible.III.2006__#01-41-59_01-42-36_label_B1-0-0,55,1,fighting
Hot.Fuzz.2007__#00-08-11_00-10-43_label_A,train,/home/aarf101/xd_official/i3d-features/RGB/Hot.Fuzz.2007__#00-08-11_00-10-43_label_A,228,0,
v=dupw2pH3oes__#1_label_G-0-0,train,/home/aarf101/xd_official/i3d-features/RGB/v=dupw2pH3oes__#1_label_G-0-0,259,1,explosion
v=L9TBNCutfWw__#1_label_B1-0-0,train,/home/aarf101/xd_official/i3d-features/RGB/v=L9TBNCutfWw__#1_label_B1-0-0,107,1,fighting
v=rKD6GYqoty8__#1_label_A,train,/home/aarf101/xd_official/i3d-features/RGB/v=rKD6GYqoty8__#1_label_A,214,0,
v=Dd10MnXf1Hc__#1_label_A,train,/home/aarf101/xd_official/i3d-features/RGB/v=Dd10MnXf1Hc__#1_label_A,45,0,
v=gRm-amAG790__#1_label_A,train,/home/aarf101/xd_official/i3d-features/RGB/v=gRm-amAG790__#1_label_A,433,0,
The.Attorney.2013__#01-04-40_01-06-59_label_A,train,/home/aarf101/xd_official/i3d-features/RGB/The.Attorney.2013__#01-04-40_01-06-59_label_A,208,0,
Fast.Five.2011__#01-50-50_01-51-37_label_B2-B6-0,train,/home/aarf101/xd_official/i3d-features/RGB/Fast.Five.2011__#01-50-50_01-51-37_label_B2-B6-0,70,1,shooting|car_accident
v=Sort1hCMSz8__#1_label_A,train,/home/aarf101/xd_official/i3d-features/RGB/v=Sort1hCMSz8__#1_label_A,18,0,
One.Day.2011__#00-42-52_00-45-31_label_A,train,/home/aarf101/xd_official/i3d-features/RGB/One.Day.2011__#00-42-52_00-45-31_label_A,238,0,
v=VXB7zNPUX3Y__#1_label_A,train,/home/aarf101/xd_official/i3d-features/RGB/v=VXB7zNPUX3Y__#1_label_A,7702,0,
Love.Me.If.You.Dare.2003__#00-04-20_00-06-15_label_A,train,/home/aarf101/xd_official/i3d-features/RGB/Love.Me.If.You.Dare.2003__#00-04-20_00-06-15_label_A,172,0,
The.Bourne.Identity.2002__#01-04-05_01-06-26_label_A,train,/home/aarf101/xd_official/i3d-features/RGB/The.Bourne.Identity.2002__#01-04-05_01-06-26_label_A,211,0,
Braveheart.1995__#00-58-01_01-00-01_label_B1-0-0,train,/home/aarf101/xd_official/i3d-features/RGB/Braveheart.1995__#00-58-01_01-00-01_label_B1-0-0,180,1,fighting
v=iP__4eqVnIw__#1_label_A,train,/home/aarf101/xd_official/i3d-features/RGB/v=iP__4eqVnIw__#1_label_A,268,0,
The.Bourne.Legacy.2012__#02-04-01_02-07-17_label_A,train,/home/aarf101/xd_official/i3d-features/RGB/The.Bourne.Legacy.2012__#02-04-01_02-07-17_label_A,294,0,
Skyfall.2012__#00-07-50_00-08-21_label_B2-0-0,train,/home/aarf101/xd_official/i3d-features/RGB/Skyfall.2012__#00-07-50_00-08-21_label_B2-0-0,46,1,shooting
Braveheart.1995__#02-01-31_02-04-10_label_B1-0-0,train,/home/aarf101/xd_official/i3d-features/RGB/Braveheart.1995__#02-01-31_02-04-10_label_B1-0-0,238,1,fighting
Gladiator.2000__#01-32-15_01-37-06_label_B1-0-0,train,/home/aarf101/xd_official/i3d-features/RGB/Gladiator.2000__#01-32-15_01-37-06_label_B1-0-0,436,1,fighting
Young.And.Dangerous.III.1996__#01-12-20_01-15-30_label_B1-0-0,train,/home/aarf101/xd_official/i3d-features/RGB/Young.And.Dangerous.III.1996__#01-12-20_01-15-30_label_B1-0-0,285,1,fighting
Haywire.2011__#01-11-54_01-15-57_label_B1-B2-0,train,/home/aarf101/xd_official/i3d-features/RGB/Haywire.2011__#01-11-54_01-15-57_label_B1-B2-0,364,1,fighting|shooting
v=CxA9FYvDUxY__#1_label_A,train,/home/aarf101/xd_official/i3d-features/RGB/v=CxA9FYvDUxY__#1_label_A,124,0,
v=GyW0lCXb1wo__#1_label_A,train,/home/aarf101/xd_official/i3d-features/RGB/v=GyW0lCXb1wo__#1_label_A,193,0,
The.Bourne.Ultimatum.2007__#0-07-22_0-09-41_label_A,train,/home/aarf101/xd_official/i3d-features/RGB/The.Bourne.Ultimatum.2007__#0-07-22_0-09-41_label_A,208,0,
Black.Hawk.Down.2001__#00-12-00_00-12-31_label_A,train,/home/aarf101/xd_official/i3d-features/RGB/Black.Hawk.Down.2001__#00-12-00_00-12-31_label_A,46,0,
v=C9Ko6Xfa84w__#1_label_A,train,/home/aarf101/xd_official/i3d-features/RGB/v=C9Ko6Xfa84w__#1_label_A,320,0,
Hear.Me.2009__#00-06-37_00-08-22_label_A,train,/home/aarf101/xd_official/i3d-features/RGB/Hear.Me.2009__#00-06-37_00-08-22_label_A,157,0,
v=WsBCj67DP54__#1_label_B1-0-0,train,/home/aarf101/xd_official/i3d-features/RGB/v=WsBCj67DP54__#1_label_B1-0-0,73,1,fighting
v=rZ1TjA-2vXw__#1_label_B1-0-0,train,/home/aarf101/xd_official/i3d-features/RGB/v=rZ1TjA-2vXw__#1_label_B1-0-0,297,1,fighting
v=ubGKrwPmIzw__#1_label_A,train,/home/aarf101/xd_official/i3d-features/RGB/v=ubGKrwPmIzw__#1_label_A,308,0,
About.Time.2013__#00-56-40_01-02-02_label_A,train,/home/aarf101/xd_official/i3d-features/RGB/About.Time.2013__#00-56-40_01-02-02_label_A,483,0,
v=Dh-3BlhAOnE__#00-13-36_00-15-20_label_B4-0-0,train,/home/aarf101/xd_official/i3d-features/RGB/v=Dh-3BlhAOnE__#00-13-36_00-15-20_label_B4-0-0,156,1,riot
Young.And.Dangerous.II.1996__#0-58-40_0-58-55_label_G-0-0,train,/home/aarf101/xd_official/i3d-features/RGB/Young.And.Dangerous.II.1996__#0-58-40_0-58-55_label_G-0-0,22,1,explosion
v=Y5Fl63FjmZM__#1_label_B4-0-0,train,/home/aarf101/xd_official/i3d-features/RGB/v=Y5Fl63FjmZM__#1_label_B4-0-0,192,1,riot
v=Ctn1qlkGL-M__#1_label_A,train,/home/aarf101/xd_official/i3d-features/RGB/v=Ctn1qlkGL-M__#1_label_A,18,0,
v=-n0GOS3UWL8__#1_label_A,train,/home/aarf101/xd_official/i3d-features/RGB/v=-n0GOS3UWL8__#1_label_A,5466,0,
v=cn7AFhVEI5o__#1_label_A,train,/home/aarf101/xd_official/i3d-features/RGB/v=cn7AFhVEI5o__#1_label_A,200,0,
v=urwk_pbGpOE__#1_label_B1-0-0,train,/home/aarf101/xd_official/i3d-features/RGB/v=urwk_pbGpOE__#1_label_B1-0-0,111,1,fighting
Quantum.Of.Solace.2008__#00-31-25_00-32-31_label_B2-G-B6,train,/home/aarf101/xd_official/i3d-features/RGB/Quantum.Of.Solace.2008__#00-31-25_00-32-31_label_B2-G-B6,99,1,shooting|explosion|car_accident
v=NaaHx2doD94__#1_label_B4-0-0,train,/home/aarf101/xd_official/i3d-features/RGB/v=NaaHx2doD94__#1_label_B4-0-0,186,1,riot
God.Bless.America.2011__#01-08-47_01-09-21_label_B2-0-0,train,/home/aarf101/xd_official/i3d-features/RGB/God.Bless.America.2011__#01-08-47_01-09-21_label_B2-0-0,51,1,shooting
v=fkps18H3SXY__#02-00-00_02-06-00_label_A,train,/home/aarf101/xd_official/i3d-features/RGB/v=fkps18H3SXY__#02-00-00_02-06-00_label_A,540,0,
Taken.2.UNRATED.EXTENDED.2012__#01-08-35_01-08-55_label_B6-G-0,train,/home/aarf101/xd_official/i3d-features/RGB/Taken.2.UNRATED.EXTENDED.2012__#01-08-35_01-08-55_label_B6-G-0,30,1,car_accident|explosion
A.Beautiful.Mind.2001__#00-58-18_01-02-30_label_A,train,/home/aarf101/xd_official/i3d-features/RGB/A.Beautiful.Mind.2001__#00-58-18_01-02-30_label_A,378,0,
Brick.Mansions.2014__#00-01-26_00-02-19_label_A,train,/home/aarf101/xd_official/i3d-features/RGB/Brick.Mansions.2014__#00-01-26_00-02-19_label_A,79,0,
Salt.2010__#00-40-10_00-42-22_label_A,train,/home/aarf101/xd_official/i3d-features/RGB/Salt.2010__#00-40-10_00-42-22_label_A,198,0,
v=yTThyQPoXxY__#1_label_A,train,/home/aarf101/xd_official/i3d-features/RGB/v=yTThyQPoXxY__#1_label_A,349,0,
v=vFPQ_NiDBIU__#02-00-00_02-06-00_label_A,train,/home/aarf101/xd_official/i3d-features/RGB/v=vFPQ_NiDBIU__#02-00-00_02-06-00_label_A,539,0,
v=NKJvcVM6jvE__#1_label_G-0-0,train,/home/aarf101/xd_official/i3d-features/RGB/v=NKJvcVM6jvE__#1_label_G-0-0,58,1,explosion
Desperado.1995__#00-22-12_00-23-56_label_A,train,/home/aarf101/xd_official/i3d-features/RGB/Desperado.1995__#00-22-12_00-23-56_label_A,156,0,
Bullet.in.the.Head.1990__#00-04-41_00-06-12_label_B1-0-0,train,/home/aarf101/xd_official/i3d-features/RGB/Bullet.in.the.Head.1990__#00-04-41_00-06-12_label_B1-0-0,136,1,fighting
One.Day.2011__#01-22-00_01-26-14_label_A,train,/home/aarf101/xd_official/i3d-features/RGB/One.Day.2011__#01-22-00_01-26-14_label_A,381,0,
v=uhyNtgBUXHE__#1_label_B4-0-0,train,/home/aarf101/xd_official/i3d-features/RGB/v=uhyNtgBUXHE__#1_label_B4-0-0,141,1,riot
v=7_9OJnRnZjU__#1_label_B4-0-0,train,/home/aarf101/xd_official/i3d-features/RGB/v=7_9OJnRnZjU__#1_label_B4-0-0,349,1,riot
Quantum.Of.Solace.2008__#01-30-50_01-31-10_label_B1-G-0,train,/home/aarf101/xd_official/i3d-features/RGB/Quantum.Of.Solace.2008__#01-30-50_01-31-10_label_B1-G-0,30,1,fighting|explosion
v=NG12Jo87OK8__#1_label_A,train,/home/aarf101/xd_official/i3d-features/RGB/v=NG12Jo87OK8__#1_label_A,84,0,
v=WZZDq8S6bhA__#1_label_B4-0-0,train,/home/aarf101/xd_official/i3d-features/RGB/v=WZZDq8S6bhA__#1_label_B4-0-0,308,1,riot
Love.Actually.2003__#01-55-05_01-59-40_label_A,train,/home/aarf101/xd_official/i3d-features/RGB/Love.Actually.2003__#01-55-05_01-59-40_label_A,412,0,
Taken.3.2014__#01-46-54_01-48-38_label_A,train,/home/aarf101/xd_official/i3d-features/RGB/Taken.3.2014__#01-46-54_01-48-38_label_A,156,0,
v=ZnFlL84K7HE__#00-15-08_00-22-53_label_B4-0-0,train,/home/aarf101/xd_official/i3d-features/RGB/v=ZnFlL84K7HE__#00-15-08_00-22-53_label_B4-0-0,697,1,riot
Love.Me.If.You.Dare.2003__#00-16-18_00-17-27_label_A,train,/home/aarf101/xd_official/i3d-features/RGB/Love.Me.If.You.Dare.2003__#00-16-18_00-17-27_label_A,103,0,
v=JmWLutqb9Qw__#1_label_A,train,/home/aarf101/xd_official/i3d-features/RGB/v=JmWLutqb9Qw__#1_label_A,617,0,
Salt.2010__#01-26-40_01-28-10_label_B2-B1-B5,train,/home/aarf101/xd_official/i3d-features/RGB/Salt.2010__#01-26-40_01-28-10_label_B2-B1-B5,135,1,shooting|fighting|abuse
Rush.Hour.3.2007.BluRay__#01-09-20_01-10-57_label_B1-0-0,train,/home/aarf101/xd_official/i3d-features/RGB/Rush.Hour.3.2007.BluRay__#01-09-20_01-10-57_label_B1-0-0,145,1,fighting
v=yy-KIWDcBr4__#00-11-00_00-12-45_label_B6-0-0,train,/home/aarf101/xd_official/i3d-features/RGB/v=yy-KIWDcBr4__#00-11-00_00-12-45_label_B6-0-0,157,1,car_accident
v=vFPQ_NiDBIU__#02-48-00_02-54-00_label_A,train,/home/aarf101/xd_official/i3d-features/RGB/v=vFPQ_NiDBIU__#02-48-00_02-54-00_label_A,539,0,
v=cu1ImwKxezg__#1_label_A,train,/home/aarf101/xd_official/i3d-features/RGB/v=cu1ImwKxezg__#1_label_A,51,0,
Fast.Furious.6.2013__#00-01-45_00-02-15_label_A,train,/home/aarf101/xd_official/i3d-features/RGB/Fast.Furious.6.2013__#00-01-45_00-02-15_label_A,45,0,
Flipped.2010__#00-18-18_00-20-09_label_A,train,/home/aarf101/xd_official/i3d-features/RGB/Flipped.2010__#00-18-18_00-20-09_label_A,166,0,
v=yeAgzCTAY1I__#1_label_G-0-0,train,/home/aarf101/xd_official/i3d-features/RGB/v=yeAgzCTAY1I__#1_label_G-0-0,32,1,explosion
GoldenEye.1995__#00-33-26_00-34-08_label_B2-0-0,train,/home/aarf101/xd_official/i3d-features/RGB/GoldenEye.1995__#00-33-26_00-34-08_label_B2-0-0,62,1,shooting
Fast.Furious.2009__#00-06-33_00-07-30_label_G-B6-0,train,/home/aarf101/xd_official/i3d-features/RGB/Fast.Furious.2009__#00-06-33_00-07-30_label_G-B6-0,85,1,explosion|car_accident
v=SdYFFo_tsfk__#00-54-00_01-00-00_label_A,train,/home/aarf101/xd_official/i3d-features/RGB/v=SdYFFo_tsfk__#00-54-00_01-00-00_label_A,540,0,
Shoplifters.2018__#01-39-05_01-46-40_label_A,train,/home/aarf101/xd_official/i3d-features/RGB/Shoplifters.2018__#01-39-05_01-46-40_label_A,682,0,
v=D2FdA8QHiYk__#1_label_A,train,/home/aarf101/xd_official/i3d-features/RGB/v=D2FdA8QHiYk__#1_label_A,345,0,
v=kVl-6-A9ZO4__#00-03-00_00-04-09_label_B6-0-0,train,/home/aarf101/xd_official/i3d-features/RGB/v=kVl-6-A9ZO4__#00-03-00_00-04-09_label_B6-0-0,103,1,car_accident
v=T-3s49dfFzQ__#1_label_B4-0-0,train,/home/aarf101/xd_official/i3d-features/RGB/v=T-3s49dfFzQ__#1_label_B4-0-0,243,1,riot
About.Time.2013__#00-25-20_00-29-40_label_A,train,/home/aarf101/xd_official/i3d-features/RGB/About.Time.2013__#00-25-20_00-29-40_label_A,390,0,
v=AWBEW3-h8_Y__#1_label_A,train,/home/aarf101/xd_official/i3d-features/RGB/v=AWBEW3-h8_Y__#1_label_A,334,0,
v=Qm7RfXa7yJk__#1_label_B4-0-0,train,/home/aarf101/xd_official/i3d-features/RGB/v=Qm7RfXa7yJk__#1_label_B4-0-0,120,1,riot
v=ydebjwIVebI__#1_label_B1-0-0,train,/home/aarf101/xd_official/i3d-features/RGB/v=ydebjwIVebI__#1_label_B1-0-0,117,1,fighting
v=K9XCKP9KN7A__#1_label_A,train,/home/aarf101/xd_official/i3d-features/RGB/v=K9XCKP9KN7A__#1_label_A,313,0,
Sin.City.2005__#0-32-20_0-33-39_label_B5-0-0,train,/home/aarf101/xd_official/i3d-features/RGB/Sin.City.2005__#0-32-20_0-33-39_label_B5-0-0,118,1,abuse
v=XvClcfVqwXA__#1_label_A,train,/home/aarf101/xd_official/i3d-features/RGB/v=XvClcfVqwXA__#1_label_A,1385,0,
v=C1ZCZ-PBGzI__#00-07-02_00-08-00_label_B6-0-0,train,/home/aarf101/xd_official/i3d-features/RGB/v=C1ZCZ-PBGzI__#00-07-02_00-08-00_label_B6-0-0,87,1,car_accident
v=nB0sjaduikE__#1_label_B4-0-0,train,/home/aarf101/xd_official/i3d-features/RGB/v=nB0sjaduikE__#1_label_B4-0-0,213,1,riot
v=tb4KREvKYBA__#00-00-00_00-13-30_label_B4-0-0,train,/home/aarf101/xd_official/i3d-features/RGB/v=tb4KREvKYBA__#00-00-00_00-13-30_label_B4-0-0,1215,1,riot
IP.Man.2.2010__#00-12-46_00-13-46_label_A,train,/home/aarf101/xd_official/i3d-features/RGB/IP.Man.2.2010__#00-12-46_00-13-46_label_A,89,0,
Saving.Private.Ryan.1998__#00-55-35_00-55-55_label_B2-0-0,train,/home/aarf101/xd_official/i3d-features/RGB/Saving.Private.Ryan.1998__#00-55-35_00-55-55_label_B2-0-0,30,1,shooting
The.Bourne.Ultimatum.2007__#0-19-34_0-19-45_label_B1-0-0,train,/home/aarf101/xd_official/i3d-features/RGB/The.Bourne.Ultimatum.2007__#0-19-34_0-19-45_label_B1-0-0,16,1,fighting
New.Kids.Turbo.2010__#00-58-01_00-58-33_label_G-0-0,train,/home/aarf101/xd_official/i3d-features/RGB/New.Kids.Turbo.2010__#00-58-01_00-58-33_label_G-0-0,47,1,explosion
City.of.God.2002__#00-02-50_00-03-25_label_B2-0-0,train,/home/aarf101/xd_official/i3d-features/RGB/City.of.God.2002__#00-02-50_00-03-25_label_B2-0-0,52,1,shooting
Taken.Extended.Cut.2008__#01-22-11_01-22-27_label_B1-0-0,train,/home/aarf101/xd_official/i3d-features/RGB/Taken.Extended.Cut.2008__#01-22-11_01-22-27_label_B1-0-0,24,1,fighting
God.Bless.America.2011__#01-38-25_01-39-20_label_B2-0-0,train,/home/aarf101/xd_official/i3d-features/RGB/God.Bless.America.2011__#01-38-25_01-39-20_label_B2-0-0,82,1,shooting
v=r0km94VCyek__#1_label_G-0-0,train,/home/aarf101/xd_official/i3d-features/RGB/v=r0km94VCyek__#1_label_G-0-0,77,1,explosion
v=7elCHOJESNw__#1_label_A,train,/home/aarf101/xd_official/i3d-features/RGB/v=7elCHOJESNw__#1_label_A,167,0,
Mindhunters.2004__#00-08-50_00-09-45_label_A,train,/home/aarf101/xd_official/i3d-features/RGB/Mindhunters.2004__#00-08-50_00-09-45_label_A,82,0,
v=BXR3d22BhHs__#00-10-00_00-12-00_label_B4-0-0,train,/home/aarf101/xd_official/i3d-features/RGB/v=BXR3d22BhHs__#00-10-00_00-12-00_label_B4-0-0,180,1,riot
City.of.God.2002__#01-09-11_01-10-35_label_B5-0-0,train,/home/aarf101/xd_official/i3d-features/RGB/City.of.God.2002__#01-09-11_01-10-35_label_B5-0-0,126,1,abuse
Fast.Five.2011__#00-49-45_00-49-58_label_B1-0-0,train,/home/aarf101/xd_official/i3d-features/RGB/Fast.Five.2011__#00-49-45_00-49-58_label_B1-0-0,19,1,fighting
v=DrhRopvkCDg__#1_label_B1-0-0,train,/home/aarf101/xd_official/i3d-features/RGB/v=DrhRopvkCDg__#1_label_B1-0-0,118,1,fighting
v=LDiHXHof9uk__#1_label_A,train,/home/aarf101/xd_official/i3d-features/RGB/v=LDiHXHof9uk__#1_label_A,352,0,
v=1jMf0RGRpnc__#1_label_A,train,/home/aarf101/xd_official/i3d-features/RGB/v=1jMf0RGRpnc__#1_label_A,283,0,
About.Time.2013__#00-51-55_00-55-16_label_A,train,/home/aarf101/xd_official/i3d-features/RGB/About.Time.2013__#00-51-55_00-55-16_label_A,301,0,
City.of.God.2002__#00-58-51_00-59-52_label_A,train,/home/aarf101/xd_official/i3d-features/RGB/City.of.God.2002__#00-58-51_00-59-52_label_A,91,0,
v=eAgqJnO3kr8__#00-24-00_00-30-00_label_A,train,/home/aarf101/xd_official/i3d-features/RGB/v=eAgqJnO3kr8__#00-24-00_00-30-00_label_A,540,0,
v=pzhkPfZwk20__#1_label_A,train,/home/aarf101/xd_official/i3d-features/RGB/v=pzhkPfZwk20__#1_label_A,63,0,
v=1Zp0CITmdoY__#1_label_A,train,/home/aarf101/xd_official/i3d-features/RGB/v=1Zp0CITmdoY__#1_label_A,128,0,
Shoplifters.2018__#01-50-20_01-56-30_label_A,train,/home/aarf101/xd_official/i3d-features/RGB/Shoplifters.2018__#01-50-20_01-56-30_label_A,555,0,
v=PGgd2Wdu5-0__#1_label_A,train,/home/aarf101/xd_official/i3d-features/RGB/v=PGgd2Wdu5-0__#1_label_A,271,0,
v=tgCiC6qTtjs__#1_label_B4-0-0,train,/home/aarf101/xd_official/i3d-features/RGB/v=tgCiC6qTtjs__#1_label_B4-0-0,310,1,riot
God.Bless.America.2011__#01-11-54_01-13-00_label_A,train,/home/aarf101/xd_official/i3d-features/RGB/God.Bless.America.2011__#01-11-54_01-13-00_label_A,99,0,
The.Pursuit.of.Happyness.2006__#01-47-40_01-49-53_label_A,train,/home/aarf101/xd_official/i3d-features/RGB/The.Pursuit.of.Happyness.2006__#01-47-40_01-49-53_label_A,199,0,
Rush.Hour.1998.BluRay__#00-04-03_00-05-26_label_A,train,/home/aarf101/xd_official/i3d-features/RGB/Rush.Hour.1998.BluRay__#00-04-03_00-05-26_label_A,124,0,
Mission.Impossible.V.Rogue.Nation.2015__#00-35-24_00-36-24_label_B1-0-0,train,/home/aarf101/xd_official/i3d-features/RGB/Mission.Impossible.V.Rogue.Nation.2015__#00-35-24_00-36-24_label_B1-0-0,90,1,fighting
Skyfall.2012__#01-56-57_01-57-27_label_B2-0-0,train,/home/aarf101/xd_official/i3d-features/RGB/Skyfall.2012__#01-56-57_01-57-27_label_B2-0-0,45,1,shooting
v=ZdvIDNeVKpw__#1_label_G-0-0,train,/home/aarf101/xd_official/i3d-features/RGB/v=ZdvIDNeVKpw__#1_label_G-0-0,315,1,explosion
v=TOEVc-pOEwM__#00-06-13_00-07-28_label_B6-0-0,train,/home/aarf101/xd_official/i3d-features/RGB/v=TOEVc-pOEwM__#00-06-13_00-07-28_label_B6-0-0,112,1,car_accident
Love.Death.and.Robots.S01E02__#00-02-05_00-03-11_label_A,train,/home/aarf101/xd_official/i3d-features/RGB/Love.Death.and.Robots.S01E02__#00-02-05_00-03-11_label_A,98,0,
Quantum.Of.Solace.2008__#00-17-50_00-18-46_label_A,train,/home/aarf101/xd_official/i3d-features/RGB/Quantum.Of.Solace.2008__#00-17-50_00-18-46_label_A,84,0,
Spectre.2015__#00-09-25_00-12-10_label_B1-B2-0,train,/home/aarf101/xd_official/i3d-features/RGB/Spectre.2015__#00-09-25_00-12-10_label_B1-B2-0,247,1,fighting|shooting
v=9eME1y6V-T4__#01-30-00_01-36-00_label_A,train,/home/aarf101/xd_official/i3d-features/RGB/v=9eME1y6V-T4__#01-30-00_01-36-00_label_A,540,0,
v=EEvhwtXACxY__#1_label_A,train,/home/aarf101/xd_official/i3d-features/RGB/v=EEvhwtXACxY__#1_label_A,237,0,
v=vpWuJWFQK60__#1_label_A,train,/home/aarf101/xd_official/i3d-features/RGB/v=vpWuJWFQK60__#1_label_A,168,0,
v=Rve00ZElOO8__#1_label_B1-0-0,train,/home/aarf101/xd_official/i3d-features/RGB/v=Rve00ZElOO8__#1_label_B1-0-0,263,1,fighting
Yellow.Sea.2010__#00-51-52_00-52-41_label_B1-0-0,train,/home/aarf101/xd_official/i3d-features/RGB/Yellow.Sea.2010__#00-51-52_00-52-41_label_B1-0-0,73,1,fighting
Deadpool.2.2018__#01-12-12_01-12-50_label_A,train,/home/aarf101/xd_official/i3d-features/RGB/Deadpool.2.2018__#01-12-12_01-12-50_label_A,57,0,
v=L1ir_7vgdKg__#1_label_B4-0-0,train,/home/aarf101/xd_official/i3d-features/RGB/v=L1ir_7vgdKg__#1_label_B4-0-0,146,1,riot
Braveheart.1995__#00-54-00_00-56-20_label_A,train,/home/aarf101/xd_official/i3d-features/RGB/Braveheart.1995__#00-54-00_00-56-20_label_A,210,0,
v=IBsbMYRF068__#1_label_A,train,/home/aarf101/xd_official/i3d-features/RGB/v=IBsbMYRF068__#1_label_A,284,0,
v=Gd3yxvp4Dd4__#1_label_A,train,/home/aarf101/xd_official/i3d-features/RGB/v=Gd3yxvp4Dd4__#1_label_A,38,0,
NewAdd.NBA-2017.12.25_CLE@GSW__#01-08-34_01-40-09_label_A,train,/home/aarf101/xd_official/i3d-features/RGB/NewAdd.NBA-2017.12.25_CLE@GSW__#01-08-34_01-40-09_label_A,2842,0,
v=F5MTD1pUjwM__#1_label_A,train,/home/aarf101/xd_official/i3d-features/RGB/v=F5MTD1pUjwM__#1_label_A,267,0,
From.Dusk.Till.Dawn.1996__#00-17-24_00-20-39_label_A,train,/home/aarf101/xd_official/i3d-features/RGB/From.Dusk.Till.Dawn.1996__#00-17-24_00-20-39_label_A,292,0,
The.World.Is.Not.Enough.1999__#01-04-52_01-05-12_label_B2-0-0,train,/home/aarf101/xd_official/i3d-features/RGB/The.World.Is.Not.Enough.1999__#01-04-52_01-05-12_label_B2-0-0,30,1,shooting
Mission.Impossible.III.2006__#01-02-54_01-04-32_label_G-B6-0,train,/home/aarf101/xd_official/i3d-features/RGB/Mission.Impossible.III.2006__#01-02-54_01-04-32_label_G-B6-0,147,1,explosion|car_accident
v=UM0jtD_OWLU__#1_label_G-0-0,train,/home/aarf101/xd_official/i3d-features/RGB/v=UM0jtD_OWLU__#1_label_G-0-0,214,1,explosion
City.Of.Men.2007__#01-30-15_01-31-37_label_B2-B6-0,train,/home/aarf101/xd_official/i3d-features/RGB/City.Of.Men.2007__#01-30-15_01-31-37_label_B2-B6-0,123,1,shooting|car_accident
v=IEedFByrk40__#1_label_B1-0-0,train,/home/aarf101/xd_official/i3d-features/RGB/v=IEedFByrk40__#1_label_B1-0-0,139,1,fighting
City.Of.Men.2007__#01-34-30_01-35-11_label_B2-0-0,train,/home/aarf101/xd_official/i3d-features/RGB/City.Of.Men.2007__#01-34-30_01-35-11_label_B2-0-0,61,1,shooting
Kill.Bill.Vol.2.2004__#01-35-10_01-37-10_label_A,train,/home/aarf101/xd_official/i3d-features/RGB/Kill.Bill.Vol.2.2004__#01-35-10_01-37-10_label_A,180,0,
v=p2ggHwtb-Zg__#00-12-00_00-15-00_label_A,train,/home/aarf101/xd_official/i3d-features/RGB/v=p2ggHwtb-Zg__#00-12-00_00-15-00_label_A,270,0,
Deadpool.2.2018__#0-14-23_0-16-20_label_B1-B2-0,train,/home/aarf101/xd_official/i3d-features/RGB/Deadpool.2.2018__#0-14-23_0-16-20_label_B1-B2-0,175,1,fighting|shooting
v=7rDRFFSUrPI__#00-02-32_00-04-36_label_G-0-0,train,/home/aarf101/xd_official/i3d-features/RGB/v=7rDRFFSUrPI__#00-02-32_00-04-36_label_G-0-0,186,1,explosion
Bullet.in.the.Head.1990__#01-19-10_01-21-30_label_B2-B5-0,train,/home/aarf101/xd_official/i3d-features/RGB/Bullet.in.the.Head.1990__#01-19-10_01-21-30_label_B2-B5-0,210,1,shooting|abuse
Hot.Fuzz.2007__#01-53-51_01-54-45_label_A,train,/home/aarf101/xd_official/i3d-features/RGB/Hot.Fuzz.2007__#01-53-51_01-54-45_label_A,81,0,
v=AqFWYZsOgWY__#00-06-00_00-09-00_label_A,train,/home/aarf101/xd_official/i3d-features/RGB/v=AqFWYZsOgWY__#00-06-00_00-09-00_label_A,270,0,
v=pFamvR9CpYw__#00-15-20_00-25-20_label_B4-0-0,train,/home/aarf101/xd_official/i3d-features/RGB/v=pFamvR9CpYw__#00-15-20_00-25-20_label_B4-0-0,900,1,riot
v=7QOdBpDrmKk__#00-07-22_00-08-19_label_B6-0-0,train,/home/aarf101/xd_official/i3d-features/RGB/v=7QOdBpDrmKk__#00-07-22_00-08-19_label_B6-0-0,85,1,car_accident
v=4ioUvRoMNjo__#1_label_A,train,/home/aarf101/xd_official/i3d-features/RGB/v=4ioUvRoMNjo__#1_label_A,299,0,
v=H9Hta84rfGw__#1_label_B4-0-0,train,/home/aarf101/xd_official/i3d-features/RGB/v=H9Hta84rfGw__#1_label_B4-0-0,288,1,riot
Brick.Mansions.2014__#01-18-33_01-19-39_label_B4-B1-0,train,/home/aarf101/xd_official/i3d-features/RGB/Brick.Mansions.2014__#01-18-33_01-19-39_label_B4-B1-0,98,1,riot|fighting
Bullet.in.the.Head.1990__#01-28-30_01-33-00_label_B2-G-0,train,/home/aarf101/xd_official/i3d-features/RGB/Bullet.in.the.Head.1990__#01-28-30_01-33-00_label_B2-G-0,405,1,shooting|explosion
Skyfall.2012__#01-40-40_01-42-20_label_B2-0-0,train,/home/aarf101/xd_official/i3d-features/RGB/Skyfall.2012__#01-40-40_01-42-20_label_B2-0-0,150,1,shooting
v=dTv80e4qyzs__#1_label_A,train,/home/aarf101/xd_official/i3d-features/RGB/v=dTv80e4qyzs__#1_label_A,576,0,
Casino.Royale.2006__#00-00-37_00-01-52_label_A,train,/home/aarf101/xd_official/i3d-features/RGB/Casino.Royale.2006__#00-00-37_00-01-52_label_A,112,0,
v=BzwNU2xmT64__#00-13-00_00-14-09_label_B6-0-0,train,/home/aarf101/xd_official/i3d-features/RGB/v=BzwNU2xmT64__#00-13-00_00-14-09_label_B6-0-0,103,1,car_accident
v=bfOlheR5nUQ__#00-06-02_00-08-53_label_B4-0-0,train,/home/aarf101/xd_official/i3d-features/RGB/v=bfOlheR5nUQ__#00-06-02_00-08-53_label_B4-0-0,256,1,riot
v=GdJtu3o2440__#1_label_B1-0-0,train,/home/aarf101/xd_official/i3d-features/RGB/v=GdJtu3o2440__#1_label_B1-0-0,153,1,fighting
Bullet.in.the.Head.1990__#01-42-30_01-43-30_label_B2-0-0,train,/home/aarf101/xd_official/i3d-features/RGB/Bullet.in.the.Head.1990__#01-42-30_01-43-30_label_B2-0-0,90,1,shooting
Mission.Impossible.Fallout.2018__#00-28-59_00-30-07_label_B1-0-0,train,/home/aarf101/xd_official/i3d-features/RGB/Mission.Impossible.Fallout.2018__#00-28-59_00-30-07_label_B1-0-0,102,1,fighting
Shoplifters.2018__#00-45-40_00-47-30_label_A,train,/home/aarf101/xd_official/i3d-features/RGB/Shoplifters.2018__#00-45-40_00-47-30_label_A,165,0,
Kingsman.The.Golden.Circle.2017__#01-41-40_01-43-21_label_A,train,/home/aarf101/xd_official/i3d-features/RGB/Kingsman.The.Golden.Circle.2017__#01-41-40_01-43-21_label_A,151,0,
Hot.Fuzz.2007__#00-14-20_00-15-05_label_A,train,/home/aarf101/xd_official/i3d-features/RGB/Hot.Fuzz.2007__#00-14-20_00-15-05_label_A,67,0,
v=5eN8R6C7AZg__#1_label_A,train,/home/aarf101/xd_official/i3d-features/RGB/v=5eN8R6C7AZg__#1_label_A,90,0,
v=ZoS8gm5OcOM__#00-00-00_00-00-51_label_B6-0-0,train,/home/aarf101/xd_official/i3d-features/RGB/v=ZoS8gm5OcOM__#00-00-00_00-00-51_label_B6-0-0,76,1,car_accident
v=SdYFFo_tsfk__#00-12-00_00-18-00_label_A,train,/home/aarf101/xd_official/i3d-features/RGB/v=SdYFFo_tsfk__#00-12-00_00-18-00_label_A,540,0,
v=D9GCQHpZHtI__#1_label_B4-0-0,train,/home/aarf101/xd_official/i3d-features/RGB/v=D9GCQHpZHtI__#1_label_B4-0-0,95,1,riot
v=gySI6K1G4xQ__#1_label_G-0-0,train,/home/aarf101/xd_official/i3d-features/RGB/v=gySI6K1G4xQ__#1_label_G-0-0,40,1,explosion
v=afI7jraTdnI__#1_label_G-0-0,train,/home/aarf101/xd_official/i3d-features/RGB/v=afI7jraTdnI__#1_label_G-0-0,145,1,explosion
v=X6BLBhPt9Oc__#1_label_B4-0-0,train,/home/aarf101/xd_official/i3d-features/RGB/v=X6BLBhPt9Oc__#1_label_B4-0-0,244,1,riot
Yellow.Sea.2010__#02-11-06_02-12-19_label_A,train,/home/aarf101/xd_official/i3d-features/RGB/Yellow.Sea.2010__#02-11-06_02-12-19_label_A,109,0,
Saving.Private.Ryan.1998__#00-58-47_00-59-44_label_B2-0-0,train,/home/aarf101/xd_official/i3d-features/RGB/Saving.Private.Ryan.1998__#00-58-47_00-59-44_label_B2-0-0,85,1,shooting
v=1LgHkQL7Jms__#00-00-00_00-01-21_label_B6-0-0,train,/home/aarf101/xd_official/i3d-features/RGB/v=1LgHkQL7Jms__#00-00-00_00-01-21_label_B6-0-0,121,1,car_accident
v=hBnl8q1Sonw__#1_label_A,train,/home/aarf101/xd_official/i3d-features/RGB/v=hBnl8q1Sonw__#1_label_A,1135,0,
v=h0frn7-aeh8__#00-03-00_00-03-55_label_B6-0-0,train,/home/aarf101/xd_official/i3d-features/RGB/v=h0frn7-aeh8__#00-03-00_00-03-55_label_B6-0-0,82,1,car_accident
Rush.Hour.1998.BluRay__#00-02-23_00-04-02_label_B1-B2-0,train,/home/aarf101/xd_official/i3d-features/RGB/Rush.Hour.1998.BluRay__#00-02-23_00-04-02_label_B1-B2-0,148,1,fighting|shooting
The.Pursuit.of.Happyness.2006__#00-04-20_00-05-35_label_A,train,/home/aarf101/xd_official/i3d-features/RGB/The.Pursuit.of.Happyness.2006__#00-04-20_00-05-35_label_A,112,0,
A.Beautiful.Mind.2001__#00-31-05_00-32-05_label_A,train,/home/aarf101/xd_official/i3d-features/RGB/A.Beautiful.Mind.2001__#00-31-05_00-32-05_label_A,90,0,
The.Intouchables.2011__#00-05-52_00-08-22_label_A,train,/home/aarf101/xd_official/i3d-features/RGB/The.Intouchables.2011__#00-05-52_00-08-22_label_A,225,0,
Ip.Man.2008__#00-43-36_00-44-34_label_A,train,/home/aarf101/xd_official/i3d-features/RGB/Ip.Man.2008__#00-43-36_00-44-34_label_A,87,0,
Bullet.in.the.Head.1990__#01-44-20_01-45-20_label_A,train,/home/aarf101/xd_official/i3d-features/RGB/Bullet.in.the.Head.1990__#01-44-20_01-45-20_label_A,90,0,
The.World.Is.Not.Enough.1999__#00-04-40_00-06-40_label_A,train,/home/aarf101/xd_official/i3d-features/RGB/The.World.Is.Not.Enough.1999__#00-04-40_00-06-40_label_A,180,0,
v=qYscemhnf88__#1_label_A,train,/home/aarf101/xd_official/i3d-features/RGB/v=qYscemhnf88__#1_label_A,175,0,
Mindhunters.2004__#00-33-40_00-34-35_label_G-0-0,train,/home/aarf101/xd_official/i3d-features/RGB/Mindhunters.2004__#00-33-40_00-34-35_label_G-0-0,82,1,explosion
v=5Rh7DIBWKBk__#00-07-03_00-07-20_label_B6-0-0,train,/home/aarf101/xd_official/i3d-features/RGB/v=5Rh7DIBWKBk__#00-07-03_00-07-20_label_B6-0-0,25,1,car_accident
v=5XUHlSWG92I__#1_label_A,train,/home/aarf101/xd_official/i3d-features/RGB/v=5XUHlSWG92I__#1_label_A,398,0,
Thelma...Louise.1991__#01-59-20_02-01-00_label_A,train,/home/aarf101/xd_official/i3d-features/RGB/Thelma...Louise.1991__#01-59-20_02-01-00_label_A,150,0,
Ip.Man.2008__#01-13-33_01-14-07_label_A,train,/home/aarf101/xd_official/i3d-features/RGB/Ip.Man.2008__#01-13-33_01-14-07_label_A,51,0,
Mission.Impossible.III.2006__#01-31-37_01-32-20_label_B2-B6-0,train,/home/aarf101/xd_official/i3d-features/RGB/Mission.Impossible.III.2006__#01-31-37_01-32-20_label_B2-B6-0,64,1,shooting|car_accident
v=oqLvcX7yo9w__#1_label_A,train,/home/aarf101/xd_official/i3d-features/RGB/v=oqLvcX7yo9w__#1_label_A,313,0,
v=eNkxEAvAfgE__#1_label_A,train,/home/aarf101/xd_official/i3d-features/RGB/v=eNkxEAvAfgE__#1_label_A,195,0,
Desperado.1995__#00-46-34_00-47-46_label_A,train,/home/aarf101/xd_official/i3d-features/RGB/Desperado.1995__#00-46-34_00-47-46_label_A,108,0,
Bad.Boys.1995__#01-30-37_01-32-44_label_A,train,/home/aarf101/xd_official/i3d-features/RGB/Bad.Boys.1995__#01-30-37_01-32-44_label_A,190,0,
v=nLAapCIlr-o__#00-04-10_00-06-09_label_B6-0-0,train,/home/aarf101/xd_official/i3d-features/RGB/v=nLAapCIlr-o__#00-04-10_00-06-09_label_B6-0-0,178,1,car_accident
v=BzwNU2xmT64__#00-00-00_00-00-51_label_B6-0-0,train,/home/aarf101/xd_official/i3d-features/RGB/v=BzwNU2xmT64__#00-00-00_00-00-51_label_B6-0-0,76,1,car_accident
v=QXtOdSgf6Ic__#1_label_A,train,/home/aarf101/xd_official/i3d-features/RGB/v=QXtOdSgf6Ic__#1_label_A,110,0,
Bullet.in.the.Head.1990__#00-02-50_00-03-55_label_B1-0-0,train,/home/aarf101/xd_official/i3d-features/RGB/Bullet.in.the.Head.1990__#00-02-50_00-03-55_label_B1-0-0,97,1,fighting
Fast.Five.2011__#00-23-05_00-24-44_label_A,train,/home/aarf101/xd_official/i3d-features/RGB/Fast.Five.2011__#00-23-05_00-24-44_label_A,148,0,
v=CoYFjryuFjs__#1_label_B4-0-0,train,/home/aarf101/xd_official/i3d-features/RGB/v=CoYFjryuFjs__#1_label_B4-0-0,203,1,riot
v=pt0viAHE6Bg__#1_label_B4-0-0,train,/home/aarf101/xd_official/i3d-features/RGB/v=pt0viAHE6Bg__#1_label_B4-0-0,88,1,riot
v=qBnaSal7e84__#1_label_B1-0-0,train,/home/aarf101/xd_official/i3d-features/RGB/v=qBnaSal7e84__#1_label_B1-0-0,187,1,fighting
v=jfjfzKf85Ac__#1_label_A,train,/home/aarf101/xd_official/i3d-features/RGB/v=jfjfzKf85Ac__#1_label_A,232,0,
v=-uaaOVNBQJI__#1_label_B4-0-0,train,/home/aarf101/xd_official/i3d-features/RGB/v=-uaaOVNBQJI__#1_label_B4-0-0,34,1,riot
City.of.God.2002__#01-35-27_01-36-12_label_B2-0-0,train,/home/aarf101/xd_official/i3d-features/RGB/City.of.God.2002__#01-35-27_01-36-12_label_B2-0-0,67,1,shooting
v=rKpXqwE2rg8__#00-03-06_00-04-46_label_B4-0-0,train,/home/aarf101/xd_official/i3d-features/RGB/v=rKpXqwE2rg8__#00-03-06_00-04-46_label_B4-0-0,150,1,riot
One.Day.2011__#00-45-40_00-47-30_label_A,train,/home/aarf101/xd_official/i3d-features/RGB/One.Day.2011__#00-45-40_00-47-30_label_A,165,0,
v=2Rr21qkZEDQ__#00-09-00_00-10-09_label_B6-0-0,train,/home/aarf101/xd_official/i3d-features/RGB/v=2Rr21qkZEDQ__#00-09-00_00-10-09_label_B6-0-0,103,1,car_accident
v=t1mMQU1irhk__#1_label_B4-0-0,train,/home/aarf101/xd_official/i3d-features/RGB/v=t1mMQU1irhk__#1_label_B4-0-0,66,1,riot
Kill.Bill.Vol.1.2003__#01-31-04_01-34-11_label_B1-0-0,train,/home/aarf101/xd_official/i3d-features/RGB/Kill.Bill.Vol.1.2003__#01-31-04_01-34-11_label_B1-0-0,280,1,fighting
wangted.2008__#0-12-07_0-14-01_label_A,train,/home/aarf101/xd_official/i3d-features/RGB/wangted.2008__#0-12-07_0-14-01_label_A,171,0,
Good.Will.Hunting.1997__#00-04-20_00-05-35_label_A,train,/home/aarf101/xd_official/i3d-features/RGB/Good.Will.Hunting.1997__#00-04-20_00-05-35_label_A,112,0,
v=0hi_wpaM54s__#1_label_A,train,/home/aarf101/xd_official/i3d-features/RGB/v=0hi_wpaM54s__#1_label_A,258,0,
v=yZ2wlTAN49g__#00-18-00_00-21-07_label_A,train,/home/aarf101/xd_official/i3d-features/RGB/v=yZ2wlTAN49g__#00-18-00_00-21-07_label_A,280,0,
v=sa2BJKhchik__#1_label_B1-0-0,train,/home/aarf101/xd_official/i3d-features/RGB/v=sa2BJKhchik__#1_label_B1-0-0,123,1,fighting
Kingsman.The.Secret.Service.2014__#00-02-00_00-02-55_label_G-B1-0,train,/home/aarf101/xd_official/i3d-features/RGB/Kingsman.The.Secret.Service.2014__#00-02-00_00-02-55_label_G-B1-0,82,1,explosion|fighting
One.Day.2011__#00-29-50_00-32-05_label_A,train,/home/aarf101/xd_official/i3d-features/RGB/One.Day.2011__#00-29-50_00-32-05_label_A,202,0,
Fast.Furious.6.2013__#00-26-30_00-28-50_label_B6-0-0,train,/home/aarf101/xd_official/i3d-features/RGB/Fast.Furious.6.2013__#00-26-30_00-28-50_label_B6-0-0,209,1,car_accident
v=yN8gzTFLtME__#1_label_A,train,/home/aarf101/xd_official/i3d-features/RGB/v=yN8gzTFLtME__#1_label_A,81,0,
v=iurQ13cc7wA__#1_label_B4-0-0,train,/home/aarf101/xd_official/i3d-features/RGB/v=iurQ13cc7wA__#1_label_B4-0-0,247,1,riot
Taken.3.2014__#01-08-40_01-09-10_label_B6-0-0,train,/home/aarf101/xd_official/i3d-features/RGB/Taken.3.2014__#01-08-40_01-09-10_label_B6-0-0,45,1,car_accident
v=aQ3qMpgZjwg__#00-01-48_00-05-18_label_B4-0-0,train,/home/aarf101/xd_official/i3d-features/RGB/v=aQ3qMpgZjwg__#00-01-48_00-05-18_label_B4-0-0,315,1,riot
The.World.Is.Not.Enough.1999__#00-39-07_00-39-17_label_G-0-0,train,/home/aarf101/xd_official/i3d-features/RGB/The.World.Is.Not.Enough.1999__#00-39-07_00-39-17_label_G-0-0,15,1,explosion
Bullet.in.the.Head.1990__#02-06-50_02-09-20_label_B2-0-0,train,/home/aarf101/xd_official/i3d-features/RGB/Bullet.in.the.Head.1990__#02-06-50_02-09-20_label_B2-0-0,225,1,shooting
Fast.Five.2011__#00-30-33_00-31-13_label_B2-0-0,train,/home/aarf101/xd_official/i3d-features/RGB/Fast.Five.2011__#00-30-33_00-31-13_label_B2-0-0,60,1,shooting
v=PK-Tn6R8f0s__#1_label_A,train,/home/aarf101/xd_official/i3d-features/RGB/v=PK-Tn6R8f0s__#1_label_A,106,0,
v=Qcn8G205ZhU__#1_label_B4-0-0,train,/home/aarf101/xd_official/i3d-features/RGB/v=Qcn8G205ZhU__#1_label_B4-0-0,158,1,riot
v=TuE9PqCu6U0__#1_label_A,train,/home/aarf101/xd_official/i3d-features/RGB/v=TuE9PqCu6U0__#1_label_A,931,0,
Bullet.in.the.Head.1990__#00-52-55_00-54-30_label_B1-B2-G,train,/home/aarf101/xd_official/i3d-features/RGB/Bullet.in.the.Head.1990__#00-52-55_00-54-30_label_B1-B2-G,142,1,fighting|shooting|explosion
v=xIJEzQGRql0__#1_label_A,train,/home/aarf101/xd_official/i3d-features/RGB/v=xIJEzQGRql0__#1_label_A,260,0,
v=qV4YYnXdQCc__#00-15-00_00-17-38_label_A,train,/home/aarf101/xd_official/i3d-features/RGB/v=qV4YYnXdQCc__#00-15-00_00-17-38_label_A,237,0,
v=2r82UgDpw04__#1_label_A,train,/home/aarf101/xd_official/i3d-features/RGB/v=2r82UgDpw04__#1_label_A,317,0,
Tropa.de.Elite.2.2010__#01-10-25_01-13-10_label_B2-B5-0,train,/home/aarf101/xd_official/i3d-features/RGB/Tropa.de.Elite.2.2010__#01-10-25_01-13-10_label_B2-B5-0,247,1,shooting|abuse
Young.And.Dangerous.I.1996__#0-04-45_0-05-49_label_A,train,/home/aarf101/xd_official/i3d-features/RGB/Young.And.Dangerous.I.1996__#0-04-45_0-05-49_label_A,96,0,
The.Attorney.2013__#01-20-00_01-22-08_label_A,train,/home/aarf101/xd_official/i3d-features/RGB/The.Attorney.2013__#01-20-00_01-22-08_label_A,191,0,
Young.And.Dangerous.III.1996__#01-30-12_01-31-00_label_B1-0-0,train,/home/aarf101/xd_official/i3d-features/RGB/Young.And.Dangerous.III.1996__#01-30-12_01-31-00_label_B1-0-0,72,1,fighting
v=SE5fxK7SasU__#00-02-51_00-03-21_label_B1-0-0,train,/home/aarf101/xd_official/i3d-features/RGB/v=SE5fxK7SasU__#00-02-51_00-03-21_label_B1-0-0,45,1,fighting
Election.2005__#01-30-35_01-34-07_label_B5-0-0,train,/home/aarf101/xd_official/i3d-features/RGB/Election.2005__#01-30-35_01-34-07_label_B5-0-0,317,1,abuse
Desperado.1995__#01-27-37_01-31-55_label_B2-G-0,train,/home/aarf101/xd_official/i3d-features/RGB/Desperado.1995__#01-27-37_01-31-55_label_B2-G-0,386,1,shooting|explosion
Kingsman.The.Golden.Circle.2017__#01-52-11_01-55-03_label_B1-B2-G,train,/home/aarf101/xd_official/i3d-features/RGB/Kingsman.The.Golden.Circle.2017__#01-52-11_01-55-03_label_B1-B2-G,258,1,fighting|shooting|explosion
Tropa.de.Elite.2.2010__#00-15-00_00-16-50_label_A,train,/home/aarf101/xd_official/i3d-features/RGB/Tropa.de.Elite.2.2010__#00-15-00_00-16-50_label_A,165,0,
v=jdF_arYOx5Q__#1_label_A,train,/home/aarf101/xd_official/i3d-features/RGB/v=jdF_arYOx5Q__#1_label_A,250,0,
v=3rV0q-9imZs__#1_label_G-0-0,train,/home/aarf101/xd_official/i3d-features/RGB/v=3rV0q-9imZs__#1_label_G-0-0,107,1,explosion
v=h4DJWJs4mDw__#1_label_B1-0-0,train,/home/aarf101/xd_official/i3d-features/RGB/v=h4DJWJs4mDw__#1_label_B1-0-0,315,1,fighting
New.Kids.Turbo.2010__#00-13-50_00-14-10_label_B1-0-0,train,/home/aarf101/xd_official/i3d-features/RGB/New.Kids.Turbo.2010__#00-13-50_00-14-10_label_B1-0-0,29,1,fighting
v=3qlylxu7wvc__#1_label_B4-0-0,train,/home/aarf101/xd_official/i3d-features/RGB/v=3qlylxu7wvc__#1_label_B4-0-0,252,1,riot
v=FmXScQUuHrY__#1_label_A,train,/home/aarf101/xd_official/i3d-features/RGB/v=FmXScQUuHrY__#1_label_A,354,0,
v=FAZdUTI2xBI__#1_label_B4-0-0,train,/home/aarf101/xd_official/i3d-features/RGB/v=FAZdUTI2xBI__#1_label_B4-0-0,115,1,riot
v=sCAYM6G0efk__#1_label_A,train,/home/aarf101/xd_official/i3d-features/RGB/v=sCAYM6G0efk__#1_label_A,169,0,
v=_VaFbCLoh_A__#1_label_G-0-0,train,/home/aarf101/xd_official/i3d-features/RGB/v=_VaFbCLoh_A__#1_label_G-0-0,340,1,explosion
God.Bless.America.2011__#01-33-26_01-35-50_label_B2-0-0,train,/home/aarf101/xd_official/i3d-features/RGB/God.Bless.America.2011__#01-33-26_01-35-50_label_B2-0-0,216,1,shooting
v=tlFJIG9mTGQ__#00-09-00_00-12-00_label_A,train,/home/aarf101/xd_official/i3d-features/RGB/v=tlFJIG9mTGQ__#00-09-00_00-12-00_label_A,270,0,
Mindhunters.2004__#00-45-50_00-46-28_label_A,train,/home/aarf101/xd_official/i3d-features/RGB/Mindhunters.2004__#00-45-50_00-46-28_label_A,57,0,
v=5W5-zw0wVhE__#1_label_A,train,/home/aarf101/xd_official/i3d-features/RGB/v=5W5-zw0wVhE__#1_label_A,234,0,
v=TOEVc-pOEwM__#00-00-00_00-01-40_label_B6-0-0,train,/home/aarf101/xd_official/i3d-features/RGB/v=TOEVc-pOEwM__#00-00-00_00-01-40_label_B6-0-0,150,1,car_accident
Salt.2010__#00-55-52_00-57-50_label_B1-B5-B6,train,/home/aarf101/xd_official/i3d-features/RGB/Salt.2010__#00-55-52_00-57-50_label_B1-B5-B6,177,1,fighting|abuse|car_accident
Mission.Impossible.V.Rogue.Nation.2015__#00-10-50_00-11-50_label_A,train,/home/aarf101/xd_official/i3d-features/RGB/Mission.Impossible.V.Rogue.Nation.2015__#00-10-50_00-11-50_label_A,90,0,
v=8pkJRBOjgd4__#1_label_A,train,/home/aarf101/xd_official/i3d-features/RGB/v=8pkJRBOjgd4__#1_label_A,260,0,
v=tP19WuyY3IY__#00-04-10_00-06-09_label_B6-0-0,train,/home/aarf101/xd_official/i3d-features/RGB/v=tP19WuyY3IY__#00-04-10_00-06-09_label_B6-0-0,178,1,car_accident
Taken.2.UNRATED.EXTENDED.2012__#00-22-20_00-23-38_label_A,train,/home/aarf101/xd_official/i3d-features/RGB/Taken.2.UNRATED.EXTENDED.2012__#00-22-20_00-23-38_label_A,117,0,
v=q2SP66Jb6Cw__#00-54-00_01-00-00_label_A,train,/home/aarf101/xd_official/i3d-features/RGB/v=q2SP66Jb6Cw__#00-54-00_01-00-00_label_A,540,0,
Before.Sunset.2004__#00-16-18_00-18-09_label_A,train,/home/aarf101/xd_official/i3d-features/RGB/Before.Sunset.2004__#00-16-18_00-18-09_label_A,166,0,
City.Of.Men.2007__#01-09-40_01-10-20_label_B2-0-0,train,/home/aarf101/xd_official/i3d-features/RGB/City.Of.Men.2007__#01-09-40_01-10-20_label_B2-0-0,60,1,shooting
Mission.Impossible.II.2000__#01-31-47_01-32-54_label_A,train,/home/aarf101/xd_official/i3d-features/RGB/Mission.Impossible.II.2000__#01-31-47_01-32-54_label_A,100,0,
Bullet.in.the.Head.1990__#01-46-45_01-47-50_label_B5-B2-0,train,/home/aarf101/xd_official/i3d-features/RGB/Bullet.in.the.Head.1990__#01-46-45_01-47-50_label_B5-B2-0,97,1,abuse|shooting
v=MyM5G7fo7Gg__#00-00-00_00-03-00_label_A,train,/home/aarf101/xd_official/i3d-features/RGB/v=MyM5G7fo7Gg__#00-00-00_00-03-00_label_A,270,0,
v=YhCSFZNwfHc__#00-00-00_00-01-15_label_G-0-0,train,/home/aarf101/xd_official/i3d-features/RGB/v=YhCSFZNwfHc__#00-00-00_00-01-15_label_G-0-0,112,1,explosion
City.of.God.2002__#00-42-00_00-43-02_label_B2-0-0,train,/home/aarf101/xd_official/i3d-features/RGB/City.of.God.2002__#00-42-00_00-43-02_label_B2-0-0,93,1,shooting
About.Time.2013__#00-16-18_00-17-27_label_A,train,/home/aarf101/xd_official/i3d-features/RGB/About.Time.2013__#00-16-18_00-17-27_label_A,103,0,
v=zoIn2hOrUIM__#00-04-10_00-06-09_label_B6-0-0,train,/home/aarf101/xd_official/i3d-features/RGB/v=zoIn2hOrUIM__#00-04-10_00-06-09_label_B6-0-0,178,1,car_accident
v=HMYi-XH4y9w__#1_label_A,train,/home/aarf101/xd_official/i3d-features/RGB/v=HMYi-XH4y9w__#1_label_A,1444,0,
Mission.Impossible.II.2000__#01-42-10_01-43-06_label_B2-G-0,train,/home/aarf101/xd_official/i3d-features/RGB/Mission.Impossible.II.2000__#01-42-10_01-43-06_label_B2-G-0,84,1,shooting|explosion
v=D1eP4Bn4hDQ__#00-05-00_00-06-15_label_B6-0-0,train,/home/aarf101/xd_official/i3d-features/RGB/v=D1eP4Bn4hDQ__#00-05-00_00-06-15_label_B6-0-0,112,1,car_accident
v=HFDTrWLsGEE__#1_label_B4-0-0,train,/home/aarf101/xd_official/i3d-features/RGB/v=HFDTrWLsGEE__#1_label_B4-0-0,209,1,riot
Be.with.You.2018__#00-25-20_00-29-20_label_A,train,/home/aarf101/xd_official/i3d-features/RGB/Be.with.You.2018__#00-25-20_00-29-20_label_A,360,0,
Taken.3.2014__#00-49-02_00-49-27_label_G-0-0,train,/home/aarf101/xd_official/i3d-features/RGB/Taken.3.2014__#00-49-02_00-49-27_label_G-0-0,37,1,explosion
Casino.Royale.2006__#00-54-41_00-57-51_label_A,train,/home/aarf101/xd_official/i3d-features/RGB/Casino.Royale.2006__#00-54-41_00-57-51_label_A,285,0,
Mission.Impossible.Ghost.Protocol.2011__#01-59-29_02-05-30_label_A,train,/home/aarf101/xd_official/i3d-features/RGB/Mission.Impossible.Ghost.Protocol.2011__#01-59-29_02-05-30_label_A,541,0,
One.Day.2011__#00-16-18_00-18-09_label_A,train,/home/aarf101/xd_official/i3d-features/RGB/One.Day.2011__#00-16-18_00-18-09_label_A,166,0,
Fury.2014__#00-17-40_00-18-35_label_B1-0-0,train,/home/aarf101/xd_official/i3d-features/RGB/Fury.2014__#00-17-40_00-18-35_label_B1-0-0,82,1,fighting
v=0vVOXlgHC1U__#00-42-00_00-48-00_label_A,train,/home/aarf101/xd_official/i3d-features/RGB/v=0vVOXlgHC1U__#00-42-00_00-48-00_label_A,540,0,
v=9HGmhxIZErg__#1_label_A,train,/home/aarf101/xd_official/i3d-features/RGB/v=9HGmhxIZErg__#1_label_A,297,0,
sportsviolence__#1_label_B1-0-0,train,/home/aarf101/xd_official/i3d-features/RGB/sportsviolence__#1_label_B1-0-0,738,1,fighting
The.Bourne.Ultimatum.2007__#01-42-09_01-42-54_label_B2-0-0,train,/home/aarf101/xd_official/i3d-features/RGB/The.Bourne.Ultimatum.2007__#01-42-09_01-42-54_label_B2-0-0,67,1,shooting
v=zqFm52C1n5Q__#1_label_G-0-0,train,/home/aarf101/xd_official/i3d-features/RGB/v=zqFm52C1n5Q__#1_label_G-0-0,32,1,explosion
v=Tlx-XRyAgnM__#00-23-09_00-28-09_label_B4-0-0,train,/home/aarf101/xd_official/i3d-features/RGB/v=Tlx-XRyAgnM__#00-23-09_00-28-09_label_B4-0-0,450,1,riot
The.Secret.Life.of.Walter.Mitty.2013__#01-05-30_01-08-59_label_A,train,/home/aarf101/xd_official/i3d-features/RGB/The.Secret.Life.of.Walter.Mitty.2013__#01-05-30_01-08-59_label_A,313,0,
Skyfall.2012__#00-59-47_01-03-05_label_A,train,/home/aarf101/xd_official/i3d-features/RGB/Skyfall.2012__#00-59-47_01-03-05_label_A,297,0,
v=ZC0rczrqn5s__#00-08-06_00-13-43_label_B4-0-0,train,/home/aarf101/xd_official/i3d-features/RGB/v=ZC0rczrqn5s__#00-08-06_00-13-43_label_B4-0-0,505,1,riot
Love.Actually.2003__#00-33-52_00-38-31_label_A,train,/home/aarf101/xd_official/i3d-features/RGB/Love.Actually.2003__#00-33-52_00-38-31_label_A,418,0,
v=WkdLbqWLQko__#1_label_A,train,/home/aarf101/xd_official/i3d-features/RGB/v=WkdLbqWLQko__#1_label_A,241,0,
v=aXqnDEOlHwM__#1_label_A,train,/home/aarf101/xd_official/i3d-features/RGB/v=aXqnDEOlHwM__#1_label_A,320,0,
v=eZ02t_FEbQ8__#1_label_A,train,/home/aarf101/xd_official/i3d-features/RGB/v=eZ02t_FEbQ8__#1_label_A,291,0,
v=BosKNgpNdP4__#00-01-30_00-02-37_label_B6-0-0,train,/home/aarf101/xd_official/i3d-features/RGB/v=BosKNgpNdP4__#00-01-30_00-02-37_label_B6-0-0,100,1,car_accident
Love.Me.If.You.Dare.2003__#00-39-25_00-45-16_label_A,train,/home/aarf101/xd_official/i3d-features/RGB/Love.Me.If.You.Dare.2003__#00-39-25_00-45-16_label_A,526,0,
Young.And.Dangerous.I.1996__#0-02-12_0-03-32_label_B1-0-0,train,/home/aarf101/xd_official/i3d-features/RGB/Young.And.Dangerous.I.1996__#0-02-12_0-03-32_label_B1-0-0,120,1,fighting
v=JwiFgzcz0GE__#1_label_B4-0-0,train,/home/aarf101/xd_official/i3d-features/RGB/v=JwiFgzcz0GE__#1_label_B4-0-0,211,1,riot
v=rAlZRFZTwxM__#00-00-00_00-03-13_label_G-0-0,train,/home/aarf101/xd_official/i3d-features/RGB/v=rAlZRFZTwxM__#00-00-00_00-03-13_label_G-0-0,289,1,explosion
v=AF9p0YA0hyA__#00-01-44_00-03-03_label_B4-0-0,train,/home/aarf101/xd_official/i3d-features/RGB/v=AF9p0YA0hyA__#00-01-44_00-03-03_label_B4-0-0,118,1,riot
Quantum.Of.Solace.2008__#01-40-09_01-41-35_label_A,train,/home/aarf101/xd_official/i3d-features/RGB/Quantum.Of.Solace.2008__#01-40-09_01-41-35_label_A,128,0,
Ip.Man.2008__#00-54-44_00-55-00_label_B2-0-0,train,/home/aarf101/xd_official/i3d-features/RGB/Ip.Man.2008__#00-54-44_00-55-00_label_B2-0-0,24,1,shooting
v=CfBsOsymicI__#1_label_B4-0-0,train,/home/aarf101/xd_official/i3d-features/RGB/v=CfBsOsymicI__#1_label_B4-0-0,70,1,riot
v=4VzOUKODdZ4__#1_label_B4-0-0,train,/home/aarf101/xd_official/i3d-features/RGB/v=4VzOUKODdZ4__#1_label_B4-0-0,272,1,riot
v=SE5fxK7SasU__#00-07-44_00-08-28_label_B1-0-0,train,/home/aarf101/xd_official/i3d-features/RGB/v=SE5fxK7SasU__#00-07-44_00-08-28_label_B1-0-0,66,1,fighting
Gladiator.2000__#02-08-45_02-10-17_label_A,train,/home/aarf101/xd_official/i3d-features/RGB/Gladiator.2000__#02-08-45_02-10-17_label_A,137,0,
Gladiator.2000__#00-23-08_00-23-42_label_B1-0-0,train,/home/aarf101/xd_official/i3d-features/RGB/Gladiator.2000__#00-23-08_00-23-42_label_B1-0-0,51,1,fighting
v=f_z1E23IN0w__#1_label_A,train,/home/aarf101/xd_official/i3d-features/RGB/v=f_z1E23IN0w__#1_label_A,202,0,
v=AqFWYZsOgWY__#00-27-00_00-30-00_label_A,train,/home/aarf101/xd_official/i3d-features/RGB/v=AqFWYZsOgWY__#00-27-00_00-30-00_label_A,270,0,
v=f6j3YWgVBto__#00-03-40_00-04-40_label_A,train,/home/aarf101/xd_official/i3d-features/RGB/v=f6j3YWgVBto__#00-03-40_00-04-40_label_A,89,0,
City.of.God.2002__#00-06-10_00-07-01_label_B1-0-0,train,/home/aarf101/xd_official/i3d-features/RGB/City.of.God.2002__#00-06-10_00-07-01_label_B1-0-0,76,1,fighting
v=kLQXPV12IfI__#1_label_A,train,/home/aarf101/xd_official/i3d-features/RGB/v=kLQXPV12IfI__#1_label_A,1354,0,
v=5ZzZKy99v6k__#1_label_B4-0-0,train,/home/aarf101/xd_official/i3d-features/RGB/v=5ZzZKy99v6k__#1_label_B4-0-0,52,1,riot
v=alXnawbJZFY__#1_label_G-0-0,train,/home/aarf101/xd_official/i3d-features/RGB/v=alXnawbJZFY__#1_label_G-0-0,186,1,explosion
Deadpool.2016__#0-52-22_0-53-30_label_G-0-0,train,/home/aarf101/xd_official/i3d-features/RGB/Deadpool.2016__#0-52-22_0-53-30_label_G-0-0,102,1,explosion
v=yZ2wlTAN49g__#00-06-00_00-09-00_label_A,train,/home/aarf101/xd_official/i3d-features/RGB/v=yZ2wlTAN49g__#00-06-00_00-09-00_label_A,270,0,
v=wU1GP4aAITg__#1_label_A,train,/home/aarf101/xd_official/i3d-features/RGB/v=wU1GP4aAITg__#1_label_A,213,0,
v=ra2N2BasBLY__#1_label_G-0-0,train,/home/aarf101/xd_official/i3d-features/RGB/v=ra2N2BasBLY__#1_label_G-0-0,86,1,explosion
Mission.Impossible.V.Rogue.Nation.2015__#01-20-40_01-21-40_label_A,train,/home/aarf101/xd_official/i3d-features/RGB/Mission.Impossible.V.Rogue.Nation.2015__#01-20-40_01-21-40_label_A,89,0,
Bullet.in.the.Head.1990__#01-39-10_01-40-55_label_A,train,/home/aarf101/xd_official/i3d-features/RGB/Bullet.in.the.Head.1990__#01-39-10_01-40-55_label_A,157,0,
Mission.Impossible.V.Rogue.Nation.2015__#00-42-52_00-43-41_label_A,train,/home/aarf101/xd_official/i3d-features/RGB/Mission.Impossible.V.Rogue.Nation.2015__#00-42-52_00-43-41_label_A,73,0,
Skyfall.2012__#00-06-26_00-06-56_label_B2-B6-0,train,/home/aarf101/xd_official/i3d-features/RGB/Skyfall.2012__#00-06-26_00-06-56_label_B2-B6-0,45,1,shooting|car_accident
v=jYENhkzdpO8__#00-06-46_00-08-35_label_B6-0-0,train,/home/aarf101/xd_official/i3d-features/RGB/v=jYENhkzdpO8__#00-06-46_00-08-35_label_B6-0-0,163,1,car_accident
v=mtY1Nxn6_J4__#1_label_A,train,/home/aarf101/xd_official/i3d-features/RGB/v=mtY1Nxn6_J4__#1_label_A,1332,0,
v=rcamX6oRvmg__#1_label_B1-0-0,train,/home/aarf101/xd_official/i3d-features/RGB/v=rcamX6oRvmg__#1_label_B1-0-0,150,1,fighting
The.Bourne.Legacy.2012__#01-18-40_01-22-05_label_A,train,/home/aarf101/xd_official/i3d-features/RGB/The.Bourne.Legacy.2012__#01-18-40_01-22-05_label_A,307,0,
Fast.Furious.6.2013__#01-10-55_01-14-20_label_A,train,/home/aarf101/xd_official/i3d-features/RGB/Fast.Furious.6.2013__#01-10-55_01-14-20_label_A,307,0,
Bad.Boys.II.2003__#02-15-48_02-18-12_label_B2-G-0,train,/home/aarf101/xd_official/i3d-features/RGB/Bad.Boys.II.2003__#02-15-48_02-18-12_label_B2-G-0,216,1,shooting|explosion
v=5yOKW0R7qhg__#1_label_A,train,/home/aarf101/xd_official/i3d-features/RGB/v=5yOKW0R7qhg__#1_label_A,306,0,
Still.Walking.2008__#00-17-30_00-19-10_label_A,train,/home/aarf101/xd_official/i3d-features/RGB/Still.Walking.2008__#00-17-30_00-19-10_label_A,150,0,
v=IrVD7eoWfWY__#1_label_G-0-0,train,/home/aarf101/xd_official/i3d-features/RGB/v=IrVD7eoWfWY__#1_label_G-0-0,42,1,explosion
A.Beautiful.Mind.2001__#00-04-20_00-05-35_label_A,train,/home/aarf101/xd_official/i3d-features/RGB/A.Beautiful.Mind.2001__#00-04-20_00-05-35_label_A,112,0,
v=Ao8Ipkl2Dag__#1_label_A,train,/home/aarf101/xd_official/i3d-features/RGB/v=Ao8Ipkl2Dag__#1_label_A,254,0,
v=gM3qsp6CXMk__#00-01-52_00-02-51_label_B6-0-0,train,/home/aarf101/xd_official/i3d-features/RGB/v=gM3qsp6CXMk__#00-01-52_00-02-51_label_B6-0-0,88,1,car_accident
v=BosKNgpNdP4__#00-04-00_00-05-45_label_B6-0-0,train,/home/aarf101/xd_official/i3d-features/RGB/v=BosKNgpNdP4__#00-04-00_00-05-45_label_B6-0-0,157,1,car_accident
IP.Man.2.2010__#01-27-31_01-29-31_label_A,train,/home/aarf101/xd_official/i3d-features/RGB/IP.Man.2.2010__#01-27-31_01-29-31_label_A,179,0,
v=fCnIw0aIYp4__#00-04-11_00-05-09_label_B6-0-0,train,/home/aarf101/xd_official/i3d-features/RGB/v=fCnIw0aIYp4__#00-04-11_00-05-09_label_B6-0-0,87,1,car_accident
The.Fast.and.the.Furious.2001__#00-06-05_00-07-15_label_A,train,/home/aarf101/xd_official/i3d-features/RGB/The.Fast.and.the.Furious.2001__#00-06-05_00-07-15_label_A,105,0,
v=vhACO_m5pH0__#00-04-00_00-05-15_label_B6-0-0,train,/home/aarf101/xd_official/i3d-features/RGB/v=vhACO_m5pH0__#00-04-00_00-05-15_label_B6-0-0,112,1,car_accident
v=zsDwD8xQXqY__#1_label_A,train,/home/aarf101/xd_official/i3d-features/RGB/v=zsDwD8xQXqY__#1_label_A,19,0,
v=JzrpCC7XmyE__#01-00-00_01-06-00_label_A,train,/home/aarf101/xd_official/i3d-features/RGB/v=JzrpCC7XmyE__#01-00-00_01-06-00_label_A,540,0,
v=vAucGlR_2iU__#1_label_B1-0-0,train,/home/aarf101/xd_official/i3d-features/RGB/v=vAucGlR_2iU__#1_label_B1-0-0,38,1,fighting
v=NwAfJV59e6Y__#1_label_G-0-0,train,/home/aarf101/xd_official/i3d-features/RGB/v=NwAfJV59e6Y__#1_label_G-0-0,38,1,explosion
v=o6krIphPlvU__#1_label_A,train,/home/aarf101/xd_official/i3d-features/RGB/v=o6krIphPlvU__#1_label_A,1058,0,
Shoplifters.2018__#01-21-00_01-26-08_label_A,train,/home/aarf101/xd_official/i3d-features/RGB/Shoplifters.2018__#01-21-00_01-26-08_label_A,462,0,
v=LkkoipoWeSs__#00-00-00_00-02-57_label_B4-0-0,train,/home/aarf101/xd_official/i3d-features/RGB/v=LkkoipoWeSs__#00-00-00_00-02-57_label_B4-0-0,265,1,riot
v=qr7e5aqvNmQ__#00-08-35_00-10-05_label_B6-0-0,train,/home/aarf101/xd_official/i3d-features/RGB/v=qr7e5aqvNmQ__#00-08-35_00-10-05_label_B6-0-0,135,1,car_accident
Fast.Furious.2009__#01-19-19_01-20-50_label_A,train,/home/aarf101/xd_official/i3d-features/RGB/Fast.Furious.2009__#01-19-19_01-20-50_label_A,136,0,
v=7qY3sBNMqBQ__#1_label_A,train,/home/aarf101/xd_official/i3d-features/RGB/v=7qY3sBNMqBQ__#1_label_A,3810,0,
Jason.Bourne.2016__#01-27-09_01-29-40_label_A,train,/home/aarf101/xd_official/i3d-features/RGB/Jason.Bourne.2016__#01-27-09_01-29-40_label_A,226,0,
v=fCnIw0aIYp4__#00-00-00_00-00-51_label_B6-0-0,train,/home/aarf101/xd_official/i3d-features/RGB/v=fCnIw0aIYp4__#00-00-00_00-00-51_label_B6-0-0,76,1,car_accident
v=7JbMKIHOVaY__#1_label_A,train,/home/aarf101/xd_official/i3d-features/RGB/v=7JbMKIHOVaY__#1_label_A,234,0,
Quantum.Of.Solace.2008__#01-22-53_01-23-55_label_B2-B1-0,train,/home/aarf101/xd_official/i3d-features/RGB/Quantum.Of.Solace.2008__#01-22-53_01-23-55_label_B2-B1-0,93,1,shooting|fighting
v=Zuc6rd0_w2U__#1_label_A,train,/home/aarf101/xd_official/i3d-features/RGB/v=Zuc6rd0_w2U__#1_label_A,42,0,
v=rMhEu33OqiM__#00-02-20_00-05-36_label_G-0-0,train,/home/aarf101/xd_official/i3d-features/RGB/v=rMhEu33OqiM__#00-02-20_00-05-36_label_G-0-0,294,1,explosion
v=_BvlwaTU16c__#1_label_B1-0-0,train,/home/aarf101/xd_official/i3d-features/RGB/v=_BvlwaTU16c__#1_label_B1-0-0,345,1,fighting
A.Beautiful.Mind.2001__#00-57-20_00-58-17_label_A,train,/home/aarf101/xd_official/i3d-features/RGB/A.Beautiful.Mind.2001__#00-57-20_00-58-17_label_A,85,0,
v=15wDrZJQpsw__#00-04-10_00-05-12_label_B6-0-0,train,/home/aarf101/xd_official/i3d-features/RGB/v=15wDrZJQpsw__#00-04-10_00-05-12_label_B6-0-0,93,1,car_accident
IP.Man.2.2010__#00-17-54_00-18-57_label_B1-0-0,train,/home/aarf101/xd_official/i3d-features/RGB/IP.Man.2.2010__#00-17-54_00-18-57_label_B1-0-0,94,1,fighting
Your.Name.2016__#00-30-00_00-33-40_label_A,train,/home/aarf101/xd_official/i3d-features/RGB/Your.Name.2016__#00-30-00_00-33-40_label_A,329,0,
Shoplifters.2018__#00-04-20_00-05-35_label_A,train,/home/aarf101/xd_official/i3d-features/RGB/Shoplifters.2018__#00-04-20_00-05-35_label_A,112,0,
wangted.2008__#01-28-40_01-31-51_label_G-B2-0,train,/home/aarf101/xd_official/i3d-features/RGB/wangted.2008__#01-28-40_01-31-51_label_G-B2-0,286,1,explosion|shooting
v=yy-KIWDcBr4__#00-14-10_00-16-09_label_B6-0-0,train,/home/aarf101/xd_official/i3d-features/RGB/v=yy-KIWDcBr4__#00-14-10_00-16-09_label_B6-0-0,178,1,car_accident
v=OVtfIMhGrGM__#1_label_G-0-0,train,/home/aarf101/xd_official/i3d-features/RGB/v=OVtfIMhGrGM__#1_label_G-0-0,24,1,explosion
v=fkps18H3SXY__#01-00-00_01-06-00_label_A,train,/home/aarf101/xd_official/i3d-features/RGB/v=fkps18H3SXY__#01-00-00_01-06-00_label_A,540,0,
Rush.Hour.1998.BluRay__#00-20-03_00-22-55_label_A,train,/home/aarf101/xd_official/i3d-features/RGB/Rush.Hour.1998.BluRay__#00-20-03_00-22-55_label_A,258,0,
v=eA2PsalGLtU__#1_label_A,train,/home/aarf101/xd_official/i3d-features/RGB/v=eA2PsalGLtU__#1_label_A,85,0,
v=BXR3d22BhHs__#00-03-06_00-04-00_label_B4-0-0,train,/home/aarf101/xd_official/i3d-features/RGB/v=BXR3d22BhHs__#00-03-06_00-04-00_label_B4-0-0,81,1,riot
v=sM814jqUPXw__#00-08-00_00-08-45_label_B6-0-0,train,/home/aarf101/xd_official/i3d-features/RGB/v=sM814jqUPXw__#00-08-00_00-08-45_label_B6-0-0,67,1,car_accident
v=VRn8Tc02TbU__#00-30-00_00-32-22_label_A,train,/home/aarf101/xd_official/i3d-features/RGB/v=VRn8Tc02TbU__#00-30-00_00-32-22_label_A,213,0,
Flipped.2010__#00-03-00_00-04-05_label_A,train,/home/aarf101/xd_official/i3d-features/RGB/Flipped.2010__#00-03-00_00-04-05_label_A,97,0,
v=_1AW8Nfe9gw__#1_label_B1-0-0,train,/home/aarf101/xd_official/i3d-features/RGB/v=_1AW8Nfe9gw__#1_label_B1-0-0,103,1,fighting
v=VRn8Tc02TbU__#00-09-00_00-12-00_label_A,train,/home/aarf101/xd_official/i3d-features/RGB/v=VRn8Tc02TbU__#00-09-00_00-12-00_label_A,270,0,
About.Time.2013__#01-39-05_01-46-40_label_A,train,/home/aarf101/xd_official/i3d-features/RGB/About.Time.2013__#01-39-05_01-46-40_label_A,682,0,
v=q7xm7vimDOA__#1_label_A,train,/home/aarf101/xd_official/i3d-features/RGB/v=q7xm7vimDOA__#1_label_A,265,0,
v=D1eP4Bn4hDQ__#00-01-30_00-03-05_label_B6-0-0,train,/home/aarf101/xd_official/i3d-features/RGB/v=D1eP4Bn4hDQ__#00-01-30_00-03-05_label_B6-0-0,142,1,car_accident
One.Day.2011__#01-31-56_01-38-14_label_A,train,/home/aarf101/xd_official/i3d-features/RGB/One.Day.2011__#01-31-56_01-38-14_label_A,566,0,
v=AcHHE9bvLgY__#1_label_A,train,/home/aarf101/xd_official/i3d-features/RGB/v=AcHHE9bvLgY__#1_label_A,351,0,
v=35KqGNa1FGA__#1_label_A,train,/home/aarf101/xd_official/i3d-features/RGB/v=35KqGNa1FGA__#1_label_A,297,0,
v=IMvuoGji3yU__#1_label_B4-0-0,train,/home/aarf101/xd_official/i3d-features/RGB/v=IMvuoGji3yU__#1_label_B4-0-0,2627,1,riot
The.Intouchables.2011__#00-40-52_00-42-31_label_A,train,/home/aarf101/xd_official/i3d-features/RGB/The.Intouchables.2011__#00-40-52_00-42-31_label_A,148,0,
The.Intouchables.2011__#01-46-20_01-48-10_label_A,train,/home/aarf101/xd_official/i3d-features/RGB/The.Intouchables.2011__#01-46-20_01-48-10_label_A,165,0,
Casino.Royale.2006__#00-32-34_00-35-11_label_A,train,/home/aarf101/xd_official/i3d-features/RGB/Casino.Royale.2006__#00-32-34_00-35-11_label_A,235,0,
v=IRc2ikqn5rk__#1_label_A,train,/home/aarf101/xd_official/i3d-features/RGB/v=IRc2ikqn5rk__#1_label_A,141,0,
Yellow.Sea.2010__#01-44-02_01-45-02_label_A,train,/home/aarf101/xd_official/i3d-features/RGB/Yellow.Sea.2010__#01-44-02_01-45-02_label_A,90,0,
v=VRn8Tc02TbU__#00-12-00_00-15-00_label_A,train,/home/aarf101/xd_official/i3d-features/RGB/v=VRn8Tc02TbU__#00-12-00_00-15-00_label_A,270,0,
v=hwgsrGRXxAo__#1_label_A,train,/home/aarf101/xd_official/i3d-features/RGB/v=hwgsrGRXxAo__#1_label_A,313,0,
IP.Man.2.2010__#00-57-58_00-59-16_label_A,train,/home/aarf101/xd_official/i3d-features/RGB/IP.Man.2.2010__#00-57-58_00-59-16_label_A,116,0,
v=MX_UU8fOYPo__#1_label_B1-0-0,train,/home/aarf101/xd_official/i3d-features/RGB/v=MX_UU8fOYPo__#1_label_B1-0-0,267,1,fighting
Hear.Me.2009__#01-17-00_01-19-40_label_A,train,/home/aarf101/xd_official/i3d-features/RGB/Hear.Me.2009__#01-17-00_01-19-40_label_A,240,0,
Fast.Furious.6.2013__#00-30-50_00-32-31_label_A,train,/home/aarf101/xd_official/i3d-features/RGB/Fast.Furious.6.2013__#00-30-50_00-32-31_label_A,151,0,
v=qAkUDbMuEqg__#1_label_B1-0-0,train,/home/aarf101/xd_official/i3d-features/RGB/v=qAkUDbMuEqg__#1_label_B1-0-0,168,1,fighting
Brick.Mansions.2014__#00-37-48_00-38-48_label_B1-0-0,train,/home/aarf101/xd_official/i3d-features/RGB/Brick.Mansions.2014__#00-37-48_00-38-48_label_B1-0-0,89,1,fighting
v=egfVEz3Udmw__#1_label_G-0-0,train,/home/aarf101/xd_official/i3d-features/RGB/v=egfVEz3Udmw__#1_label_G-0-0,171,1,explosion
Death.Proof.2007__#01-38-30_01-40-16_label_A,train,/home/aarf101/xd_official/i3d-features/RGB/Death.Proof.2007__#01-38-30_01-40-16_label_A,159,0,
v=6Jr-XTGY81E__#1_label_A,train,/home/aarf101/xd_official/i3d-features/RGB/v=6Jr-XTGY81E__#1_label_A,502,0,
v=8DTMW08T3kw__#1_label_A,train,/home/aarf101/xd_official/i3d-features/RGB/v=8DTMW08T3kw__#1_label_A,233,0,
GoldenEye.1995__#01-49-17_01-49-50_label_B2-0-0,train,/home/aarf101/xd_official/i3d-features/RGB/GoldenEye.1995__#01-49-17_01-49-50_label_B2-0-0,49,1,shooting
Mission.Impossible.Fallout.2018__#02-04-55_02-05-29_label_B1-0-0,train,/home/aarf101/xd_official/i3d-features/RGB/Mission.Impossible.Fallout.2018__#02-04-55_02-05-29_label_B1-0-0,51,1,fighting
The.Bourne.Legacy.2012__#0-53-06_0-58-18_label_A,train,/home/aarf101/xd_official/i3d-features/RGB/The.Bourne.Legacy.2012__#0-53-06_0-58-18_label_A,468,0,
The.Secret.Life.of.Walter.Mitty.2013__#01-09-30_01-16-59_label_A,train,/home/aarf101/xd_official/i3d-features/RGB/The.Secret.Life.of.Walter.Mitty.2013__#01-09-30_01-16-59_label_A,673,0,
v=H5W58Loofks__#00-03-00_00-03-50_label_B6-0-0,train,/home/aarf101/xd_official/i3d-features/RGB/v=H5W58Loofks__#00-03-00_00-03-50_label_B6-0-0,75,1,car_accident
v=thV8xUWohN4__#1_label_A,train,/home/aarf101/xd_official/i3d-features/RGB/v=thV8xUWohN4__#1_label_A,169,0,
Young.And.Dangerous.III.1996__#0-00-48_0-02-44_label_B5-0-0,train,/home/aarf101/xd_official/i3d-features/RGB/Young.And.Dangerous.III.1996__#0-00-48_0-02-44_label_B5-0-0,174,1,abuse
v=H9Y5_X1sEEA__#00-06-00_00-09-00_label_A,train,/home/aarf101/xd_official/i3d-features/RGB/v=H9Y5_X1sEEA__#00-06-00_00-09-00_label_A,270,0,
v=dN6qjd7K7vA__#1_label_A,train,/home/aarf101/xd_official/i3d-features/RGB/v=dN6qjd7K7vA__#1_label_A,386,0,
Quantum.Of.Solace.2008__#01-02-03_01-02-46_label_B2-B1-0,train,/home/aarf101/xd_official/i3d-features/RGB/Quantum.Of.Solace.2008__#01-02-03_01-02-46_label_B2-B1-0,64,1,shooting|fighting
v=Bmd8-_0HVNs__#1_label_B1-0-0,train,/home/aarf101/xd_official/i3d-features/RGB/v=Bmd8-_0HVNs__#1_label_B1-0-0,304,1,fighting
v=Dn_SDu22WpM__#00-00-00_00-00-51_label_B6-0-0,train,/home/aarf101/xd_official/i3d-features/RGB/v=Dn_SDu22WpM__#00-00-00_00-00-51_label_B6-0-0,76,1,car_accident
v=d0DAmHbbUxI__#1_label_A,train,/home/aarf101/xd_official/i3d-features/RGB/v=d0DAmHbbUxI__#1_label_A,46,0,
One.Day.2011__#00-01-45_00-02-50_label_A,train,/home/aarf101/xd_official/i3d-features/RGB/One.Day.2011__#00-01-45_00-02-50_label_A,97,0,
wangted.2008__#01-04-32_01-06-49_label_B2-0-0,train,/home/aarf101/xd_official/i3d-features/RGB/wangted.2008__#01-04-32_01-06-49_label_B2-0-0,205,1,shooting
Quantum.Of.Solace.2008__#01-36-08_01-38-00_label_A,train,/home/aarf101/xd_official/i3d-features/RGB/Quantum.Of.Solace.2008__#01-36-08_01-38-00_label_A,168,0,
Good.Will.Hunting.1997__#00-45-40_00-47-30_label_A,train,/home/aarf101/xd_official/i3d-features/RGB/Good.Will.Hunting.1997__#00-45-40_00-47-30_label_A,165,0,
v=1uJo9wvzYiw__#1_label_B4-0-0,train,/home/aarf101/xd_official/i3d-features/RGB/v=1uJo9wvzYiw__#1_label_B4-0-0,110,1,riot
v=OjUzOiOzUa0__#00-06-46_00-08-19_label_B6-0-0,train,/home/aarf101/xd_official/i3d-features/RGB/v=OjUzOiOzUa0__#00-06-46_00-08-19_label_B6-0-0,139,1,car_accident
v=vFPQ_NiDBIU__#00-24-00_00-30-00_label_A,train,/home/aarf101/xd_official/i3d-features/RGB/v=vFPQ_NiDBIU__#00-24-00_00-30-00_label_A,539,0,
v=sM814jqUPXw__#00-06-10_00-07-51_label_B6-0-0,train,/home/aarf101/xd_official/i3d-features/RGB/v=sM814jqUPXw__#00-06-10_00-07-51_label_B6-0-0,151,1,car_accident
The.Pursuit.of.Happyness.2006__#01-39-05_01-46-40_label_A,train,/home/aarf101/xd_official/i3d-features/RGB/The.Pursuit.of.Happyness.2006__#01-39-05_01-46-40_label_A,682,0,
v=7CrWzCwj_Gw__#1_label_A,train,/home/aarf101/xd_official/i3d-features/RGB/v=7CrWzCwj_Gw__#1_label_A,22,0,
v=RLFxf8slXMw__#1_label_B4-0-0,train,/home/aarf101/xd_official/i3d-features/RGB/v=RLFxf8slXMw__#1_label_B4-0-0,81,1,riot
Love.Me.If.You.Dare.2003__#00-51-55_00-55-16_label_A,train,/home/aarf101/xd_official/i3d-features/RGB/Love.Me.If.You.Dare.2003__#00-51-55_00-55-16_label_A,301,0,
Skyfall.2012__#02-01-38_02-02-00_label_B2-G-0,train,/home/aarf101/xd_official/i3d-features/RGB/Skyfall.2012__#02-01-38_02-02-00_label_B2-G-0,33,1,shooting|explosion
v=ZnFlL84K7HE__#00-22-53_00-27-53_label_B4-0-0,train,/home/aarf101/xd_official/i3d-features/RGB/v=ZnFlL84K7HE__#00-22-53_00-27-53_label_B4-0-0,450,1,riot
v=rQWPigb7qDY__#1_label_A,train,/home/aarf101/xd_official/i3d-features/RGB/v=rQWPigb7qDY__#1_label_A,6664,0,
v=EkMUrBdbrBg__#1_label_A,train,/home/aarf101/xd_official/i3d-features/RGB/v=EkMUrBdbrBg__#1_label_A,1151,0,
v=vCdBIRtsL6o__#1_label_A,train,/home/aarf101/xd_official/i3d-features/RGB/v=vCdBIRtsL6o__#1_label_A,243,0,
Love.Me.If.You.Dare.2003__#00-20-35_00-21-55_label_A,train,/home/aarf101/xd_official/i3d-features/RGB/Love.Me.If.You.Dare.2003__#00-20-35_00-21-55_label_A,120,0,
City.Of.Men.2007__#00-11-30_00-12-02_label_B1-0-0,train,/home/aarf101/xd_official/i3d-features/RGB/City.Of.Men.2007__#00-11-30_00-12-02_label_B1-0-0,48,1,fighting
Rush.Hour.1998.BluRay__#00-44-45_00-46-42_label_B1-B2-0,train,/home/aarf101/xd_official/i3d-features/RGB/Rush.Hour.1998.BluRay__#00-44-45_00-46-42_label_B1-B2-0,175,1,fighting|shooting
The.World.Is.Not.Enough.1999__#00-11-14_00-11-20_label_G-0-0,train,/home/aarf101/xd_official/i3d-features/RGB/The.World.Is.Not.Enough.1999__#00-11-14_00-11-20_label_G-0-0,8,1,explosion
Skyfall.2012__#02-08-20_02-08-43_label_B2-0-0,train,/home/aarf101/xd_official/i3d-features/RGB/Skyfall.2012__#02-08-20_02-08-43_label_B2-0-0,34,1,shooting
v=jI2GVcjXXI8__#1_label_A,train,/home/aarf101/xd_official/i3d-features/RGB/v=jI2GVcjXXI8__#1_label_A,226,0,
Before.Sunset.2004__#00-25-20_00-29-20_label_A,train,/home/aarf101/xd_official/i3d-features/RGB/Before.Sunset.2004__#00-25-20_00-29-20_label_A,360,0,
v=lLGgouOhQuU__#1_label_A,train,/home/aarf101/xd_official/i3d-features/RGB/v=lLGgouOhQuU__#1_label_A,178,0,
Mission.Impossible.II.2000__#01-33-57_01-34-19_label_G-B2-0,train,/home/aarf101/xd_official/i3d-features/RGB/Mission.Impossible.II.2000__#01-33-57_01-34-19_label_G-B2-0,33,1,explosion|shooting
Bullet.in.the.Head.1990__#01-13-41_01-16-02_label_B2-G-0,train,/home/aarf101/xd_official/i3d-features/RGB/Bullet.in.the.Head.1990__#01-13-41_01-16-02_label_B2-G-0,211,1,shooting|explosion
v=g9eyUL1wSv0__#1_label_B4-0-0,train,/home/aarf101/xd_official/i3d-features/RGB/v=g9eyUL1wSv0__#1_label_B4-0-0,175,1,riot
v=fkps18H3SXY__#00-48-00_00-54-00_label_A,train,/home/aarf101/xd_official/i3d-features/RGB/v=fkps18H3SXY__#00-48-00_00-54-00_label_A,540,0,
v=oEJO_alA5vU__#1_label_A,train,/home/aarf101/xd_official/i3d-features/RGB/v=oEJO_alA5vU__#1_label_A,113,0,
Still.Walking.2008__#00-20-35_00-23-06_label_A,train,/home/aarf101/xd_official/i3d-features/RGB/Still.Walking.2008__#00-20-35_00-23-06_label_A,226,0,
v=W1B8Sn2enVM__#1_label_A,train,/home/aarf101/xd_official/i3d-features/RGB/v=W1B8Sn2enVM__#1_label_A,123,0,
Mission.Impossible.Fallout.2018__#02-05-29_02-06-21_label_B6-0-0,train,/home/aarf101/xd_official/i3d-features/RGB/Mission.Impossible.Fallout.2018__#02-05-29_02-06-21_label_B6-0-0,78,1,car_accident
v=DJ5o69v-oY8__#1_label_B4-0-0,train,/home/aarf101/xd_official/i3d-features/RGB/v=DJ5o69v-oY8__#1_label_B4-0-0,213,1,riot
v=Wc8bKxwh-sA__#1_label_B1-0-0,train,/home/aarf101/xd_official/i3d-features/RGB/v=Wc8bKxwh-sA__#1_label_B1-0-0,100,1,fighting
v=O9ydbx_tkZQ__#1_label_A,train,/home/aarf101/xd_official/i3d-features/RGB/v=O9ydbx_tkZQ__#1_label_A,287,0,
v=vm5bhOBMXAs__#1_label_A,train,/home/aarf101/xd_official/i3d-features/RGB/v=vm5bhOBMXAs__#1_label_A,168,0,
Rush.Hour.1998.BluRay__#01-22-19_01-24-06_label_B1-B2-0,train,/home/aarf101/xd_official/i3d-features/RGB/Rush.Hour.1998.BluRay__#01-22-19_01-24-06_label_B1-B2-0,160,1,fighting|shooting
The.Intouchables.2011__#00-11-00_00-15-08_label_A,train,/home/aarf101/xd_official/i3d-features/RGB/The.Intouchables.2011__#00-11-00_00-15-08_label_A,372,0,
v=2Rr21qkZEDQ__#00-08-00_00-08-45_label_B6-0-0,train,/home/aarf101/xd_official/i3d-features/RGB/v=2Rr21qkZEDQ__#00-08-00_00-08-45_label_B6-0-0,67,1,car_accident
Ip.Man.2008__#00-20-20_00-21-26_label_B1-0-0,train,/home/aarf101/xd_official/i3d-features/RGB/Ip.Man.2008__#00-20-20_00-21-26_label_B1-0-0,99,1,fighting
New.Kids.Turbo.2010__#01-12-25_01-14-25_label_B2-0-0,train,/home/aarf101/xd_official/i3d-features/RGB/New.Kids.Turbo.2010__#01-12-25_01-14-25_label_B2-0-0,179,1,shooting
v=aT9TifU-L2Y__#1_label_A,train,/home/aarf101/xd_official/i3d-features/RGB/v=aT9TifU-L2Y__#1_label_A,114,0,
v=AqmD1zuTcxE__#1_label_B2-G-B6,train,/home/aarf101/xd_official/i3d-features/RGB/v=AqmD1zuTcxE__#1_label_B2-G-B6,231,1,shooting|explosion|car_accident
Ip.Man.3.2015__#01-18-33_01-19-26_label_A,train,/home/aarf101/xd_official/i3d-features/RGB/Ip.Man.3.2015__#01-18-33_01-19-26_label_A,79,0,
v=NLWoODwVaPg__#1_label_A,train,/home/aarf101/xd_official/i3d-features/RGB/v=NLWoODwVaPg__#1_label_A,134,0,
v=JzrpCC7XmyE__#01-12-00_01-18-00_label_A,train,/home/aarf101/xd_official/i3d-features/RGB/v=JzrpCC7XmyE__#01-12-00_01-18-00_label_A,540,0,
City.of.God.2002__#00-45-31_00-47-11_label_B2-0-0,train,/home/aarf101/xd_official/i3d-features/RGB/City.of.God.2002__#00-45-31_00-47-11_label_B2-0-0,150,1,shooting
v=P_w9DifJuAU__#1_label_A,train,/home/aarf101/xd_official/i3d-features/RGB/v=P_w9DifJuAU__#1_label_A,1295,0,
v=VpmGap58ZX0__#1_label_A,train,/home/aarf101/xd_official/i3d-features/RGB/v=VpmGap58ZX0__#1_label_A,330,0,
v=x-Cgkgj5KR0__#00-15-00_00-18-00_label_A,train,/home/aarf101/xd_official/i3d-features/RGB/v=x-Cgkgj5KR0__#00-15-00_00-18-00_label_A,270,0,
v=XjRhYP-OXdM__#00-15-00_00-18-00_label_A,train,/home/aarf101/xd_official/i3d-features/RGB/v=XjRhYP-OXdM__#00-15-00_00-18-00_label_A,269,0,
Rush.Hour.1998.BluRay__#00-32-44_00-34-12_label_B1-0-0,train,/home/aarf101/xd_official/i3d-features/RGB/Rush.Hour.1998.BluRay__#00-32-44_00-34-12_label_B1-0-0,131,1,fighting
v=TaEFGtAT2fs__#1_label_B6-0-0,train,/home/aarf101/xd_official/i3d-features/RGB/v=TaEFGtAT2fs__#1_label_B6-0-0,703,1,car_accident
Love.Death.and.Robots.S01E16__#0-07-15_0-07-35_label_A,train,/home/aarf101/xd_official/i3d-features/RGB/Love.Death.and.Robots.S01E16__#0-07-15_0-07-35_label_A,29,0,
The.Bourne.Identity.2002__#0-04-37_0-05-45_label_B1-0-0,train,/home/aarf101/xd_official/i3d-features/RGB/The.Bourne.Identity.2002__#0-04-37_0-05-45_label_B1-0-0,102,1,fighting
The.Bourne.Ultimatum.2007__#0-28-05_0-29-52_label_A,train,/home/aarf101/xd_official/i3d-features/RGB/The.Bourne.Ultimatum.2007__#0-28-05_0-29-52_label_A,160,0,
Ip.Man.2008__#00-07-38_00-09-35_label_A,train,/home/aarf101/xd_official/i3d-features/RGB/Ip.Man.2008__#00-07-38_00-09-35_label_A,175,0,
The.Bourne.Supremacy.2004__#0-01-35_0-04-25_label_A,train,/home/aarf101/xd_official/i3d-features/RGB/The.Bourne.Supremacy.2004__#0-01-35_0-04-25_label_A,254,0,
v=nBGaNwsjls0__#1_label_B1-0-0,train,/home/aarf101/xd_official/i3d-features/RGB/v=nBGaNwsjls0__#1_label_B1-0-0,167,1,fighting
v=NN05jCosAe8__#1_label_G-0-0,train,/home/aarf101/xd_official/i3d-features/RGB/v=NN05jCosAe8__#1_label_G-0-0,28,1,explosion
v=15wDrZJQpsw__#00-01-00_00-02-45_label_B6-0-0,train,/home/aarf101/xd_official/i3d-features/RGB/v=15wDrZJQpsw__#00-01-00_00-02-45_label_B6-0-0,157,1,car_accident
v=yy-KIWDcBr4__#00-13-00_00-14-09_label_B6-0-0,train,/home/aarf101/xd_official/i3d-features/RGB/v=yy-KIWDcBr4__#00-13-00_00-14-09_label_B6-0-0,103,1,car_accident
v=yy-KIWDcBr4__#00-00-00_00-00-51_label_B6-0-0,train,/home/aarf101/xd_official/i3d-features/RGB/v=yy-KIWDcBr4__#00-00-00_00-00-51_label_B6-0-0,76,1,car_accident
Fast.Five.2011__#01-10-08_01-11-51_label_A,train,/home/aarf101/xd_official/i3d-features/RGB/Fast.Five.2011__#01-10-08_01-11-51_label_A,154,0,
v=qmsQ-obL1Z4__#00-16-10_00-18-00_label_B6-0-0,train,/home/aarf101/xd_official/i3d-features/RGB/v=qmsQ-obL1Z4__#00-16-10_00-18-00_label_B6-0-0,164,1,car_accident
Mission.Impossible.III.2006__#00-16-30_00-17-22_label_B2-0-0,train,/home/aarf101/xd_official/i3d-features/RGB/Mission.Impossible.III.2006__#00-16-30_00-17-22_label_B2-0-0,78,1,shooting
v=png6cUURZB8__#1_label_A,train,/home/aarf101/xd_official/i3d-features/RGB/v=png6cUURZB8__#1_label_A,237,0,
Deadpool.2.2018__#0-05-27_0-07-58_label_B1-B2-0,train,/home/aarf101/xd_official/i3d-features/RGB/Deadpool.2.2018__#0-05-27_0-07-58_label_B1-B2-0,226,1,fighting|shooting
Saving.Private.Ryan.1998__#02-30-55_02-31-15_label_G-0-0,train,/home/aarf101/xd_official/i3d-features/RGB/Saving.Private.Ryan.1998__#02-30-55_02-31-15_label_G-0-0,30,1,explosion
v=fnN_FCj-MTA__#1_label_A,train,/home/aarf101/xd_official/i3d-features/RGB/v=fnN_FCj-MTA__#1_label_A,175,0,
Mission.Impossible.II.2000__#01-24-40_01-25-08_label_G-B2-0,train,/home/aarf101/xd_official/i3d-features/RGB/Mission.Impossible.II.2000__#01-24-40_01-25-08_label_G-B2-0,42,1,explosion|shooting
v=SV9sXnxAbtg__#1_label_G-0-0,train,/home/aarf101/xd_official/i3d-features/RGB/v=SV9sXnxAbtg__#1_label_G-0-0,237,1,explosion
Brick.Mansions.2014__#00-18-00_00-18-49_label_B2-0-0,train,/home/aarf101/xd_official/i3d-features/RGB/Brick.Mansions.2014__#00-18-00_00-18-49_label_B2-0-0,73,1,shooting
City.of.God.2002__#00-19-34_00-20-05_label_B2-B5-0,train,/home/aarf101/xd_official/i3d-features/RGB/City.of.God.2002__#00-19-34_00-20-05_label_B2-B5-0,46,1,shooting|abuse
v=Y3O4IOaKZqU__#1_label_A,train,/home/aarf101/xd_official/i3d-features/RGB/v=Y3O4IOaKZqU__#1_label_A,233,0,
Kingsman.The.Secret.Service.2014__#00-08-39_00-09-42_label_A,train,/home/aarf101/xd_official/i3d-features/RGB/Kingsman.The.Secret.Service.2014__#00-08-39_00-09-42_label_A,94,0,
v=G0jMP0ZFkTo__#1_label_A,train,/home/aarf101/xd_official/i3d-features/RGB/v=G0jMP0ZFkTo__#1_label_A,113,0,
The.Bourne.Legacy.2012__#0-44-41_0-47-56_label_B2-0-0,train,/home/aarf101/xd_official/i3d-features/RGB/The.Bourne.Legacy.2012__#0-44-41_0-47-56_label_B2-0-0,292,1,shooting
v=qKdONFdX1_Q__#1_label_A,train,/home/aarf101/xd_official/i3d-features/RGB/v=qKdONFdX1_Q__#1_label_A,245,0,
v=sOd762lSarw__#00-02-05_00-03-47_label_B6-0-0,train,/home/aarf101/xd_official/i3d-features/RGB/v=sOd762lSarw__#00-02-05_00-03-47_label_B6-0-0,153,1,car_accident
v=Kwn80uxd6u0__#1_label_G-0-0,train,/home/aarf101/xd_official/i3d-features/RGB/v=Kwn80uxd6u0__#1_label_G-0-0,133,1,explosion
v=MfgGJY_eZ4Q__#00-00-57_00-08-06_label_B4-0-0,train,/home/aarf101/xd_official/i3d-features/RGB/v=MfgGJY_eZ4Q__#00-00-57_00-08-06_label_B4-0-0,643,1,riot
v=mMod7Vk6N1w__#1_label_A,train,/home/aarf101/xd_official/i3d-features/RGB/v=mMod7Vk6N1w__#1_label_A,404,0,
Shoot.Em.Up.2007__#01-16-49_01-18-44_label_A,train,/home/aarf101/xd_official/i3d-features/RGB/Shoot.Em.Up.2007__#01-16-49_01-18-44_label_A,172,0,
v=CvLYGoF6CxA__#1_label_A,train,/home/aarf101/xd_official/i3d-features/RGB/v=CvLYGoF6CxA__#1_label_A,214,0,
Crank.Dircut.2006__#01-20-35_01-23-33_label_B2-0-0,train,/home/aarf101/xd_official/i3d-features/RGB/Crank.Dircut.2006__#01-20-35_01-23-33_label_B2-0-0,267,1,shooting
The.Hurt.Locker.2008__#02-02-35_02-04-40_label_A,train,/home/aarf101/xd_official/i3d-features/RGB/The.Hurt.Locker.2008__#02-02-35_02-04-40_label_A,187,0,
v=vhACO_m5pH0__#00-01-00_00-02-45_label_B6-0-0,train,/home/aarf101/xd_official/i3d-features/RGB/v=vhACO_m5pH0__#00-01-00_00-02-45_label_B6-0-0,157,1,car_accident
Fury.2014__#01-58-01_01-59-04_label_B2-G-0,train,/home/aarf101/xd_official/i3d-features/RGB/Fury.2014__#01-58-01_01-59-04_label_B2-G-0,94,1,shooting|explosion
v=BSHQ4Zq_hHY__#1_label_A,train,/home/aarf101/xd_official/i3d-features/RGB/v=BSHQ4Zq_hHY__#1_label_A,126,0,
v=20BgiYmYaW8__#1_label_A,train,/home/aarf101/xd_official/i3d-features/RGB/v=20BgiYmYaW8__#1_label_A,136,0,
v=aXI50sXZ4t0__#1_label_A,train,/home/aarf101/xd_official/i3d-features/RGB/v=aXI50sXZ4t0__#1_label_A,184,0,
Braveheart.1995__#02-28-15_02-29-59_label_B1-0-0,train,/home/aarf101/xd_official/i3d-features/RGB/Braveheart.1995__#02-28-15_02-29-59_label_B1-0-0,156,1,fighting
v=jYENhkzdpO8__#00-08-37_00-09-38_label_B6-0-0,train,/home/aarf101/xd_official/i3d-features/RGB/v=jYENhkzdpO8__#00-08-37_00-09-38_label_B6-0-0,91,1,car_accident
Quantum.Of.Solace.2008__#01-33-02_01-34-52_label_G-B2-0,train,/home/aarf101/xd_official/i3d-features/RGB/Quantum.Of.Solace.2008__#01-33-02_01-34-52_label_G-B2-0,165,1,explosion|shooting
v=JehgkThEeAU__#1_label_A,train,/home/aarf101/xd_official/i3d-features/RGB/v=JehgkThEeAU__#1_label_A,82,0,
Taken.Extended.Cut.2008__#00-10-52_00-11-15_label_B1-0-0,train,/home/aarf101/xd_official/i3d-features/RGB/Taken.Extended.Cut.2008__#00-10-52_00-11-15_label_B1-0-0,34,1,fighting
v=okOVxfuSYPk__#1_label_A,train,/home/aarf101/xd_official/i3d-features/RGB/v=okOVxfuSYPk__#1_label_A,315,0,
The.Bourne.Identity.2002__#01-48-22_01-49-05_label_B2-0-0,train,/home/aarf101/xd_official/i3d-features/RGB/The.Bourne.Identity.2002__#01-48-22_01-49-05_label_B2-0-0,64,1,shooting
Election.2005__#01-24-22_01-25-44_label_B5-0-0,train,/home/aarf101/xd_official/i3d-features/RGB/Election.2005__#01-24-22_01-25-44_label_B5-0-0,122,1,abuse
The.Intouchables.2011__#00-17-30_00-19-10_label_A,train,/home/aarf101/xd_official/i3d-features/RGB/The.Intouchables.2011__#00-17-30_00-19-10_label_A,150,0,
Desperado.1995__#00-27-45_00-28-07_label_B2-0-0,train,/home/aarf101/xd_official/i3d-features/RGB/Desperado.1995__#00-27-45_00-28-07_label_B2-0-0,33,1,shooting
Fast.Five.2011__#01-46-22_01-46-30_label_B6-0-0,train,/home/aarf101/xd_official/i3d-features/RGB/Fast.Five.2011__#01-46-22_01-46-30_label_B6-0-0,11,1,car_accident
Taken.3.2014__#00-22-56_00-23-18_label_B2-0-0,train,/home/aarf101/xd_official/i3d-features/RGB/Taken.3.2014__#00-22-56_00-23-18_label_B2-0-0,33,1,shooting
v=fK4RN5Hf77g__#1_label_G-0-0,train,/home/aarf101/xd_official/i3d-features/RGB/v=fK4RN5Hf77g__#1_label_G-0-0,353,1,explosion
Mindhunters.2004__#01-23-30_01-24-30_label_B2-0-0,train,/home/aarf101/xd_official/i3d-features/RGB/Mindhunters.2004__#01-23-30_01-24-30_label_B2-0-0,90,1,shooting
Hot.Fuzz.2007__#01-17-03_01-18-10_label_B1-0-0,train,/home/aarf101/xd_official/i3d-features/RGB/Hot.Fuzz.2007__#01-17-03_01-18-10_label_B1-0-0,100,1,fighting
Salt.2010__#00-52-08_00-52-38_label_B2-0-0,train,/home/aarf101/xd_official/i3d-features/RGB/Salt.2010__#00-52-08_00-52-38_label_B2-0-0,45,1,shooting
Taken.3.2014__#01-19-33_01-20-02_label_B1-0-0,train,/home/aarf101/xd_official/i3d-features/RGB/Taken.3.2014__#01-19-33_01-20-02_label_B1-0-0,43,1,fighting
Yellow.Sea.2010__#02-05-30_02-06-34_label_B1-0-0,train,/home/aarf101/xd_official/i3d-features/RGB/Yellow.Sea.2010__#02-05-30_02-06-34_label_B1-0-0,96,1,fighting
v=XOzk_zfibbw__#1_label_B4-0-0,train,/home/aarf101/xd_official/i3d-features/RGB/v=XOzk_zfibbw__#1_label_B4-0-0,121,1,riot
IP.Man.2.2010__#00-48-20_00-49-07_label_B1-0-0,train,/home/aarf101/xd_official/i3d-features/RGB/IP.Man.2.2010__#00-48-20_00-49-07_label_B1-0-0,70,1,fighting
v=jWwghTckkY0__#1_label_A,train,/home/aarf101/xd_official/i3d-features/RGB/v=jWwghTckkY0__#1_label_A,141,0,
v=et5Hb3bBKck__#1_label_B1-0-0,train,/home/aarf101/xd_official/i3d-features/RGB/v=et5Hb3bBKck__#1_label_B1-0-0,108,1,fighting
About.Time.2013__#00-05-52_00-08-22_label_A,train,/home/aarf101/xd_official/i3d-features/RGB/About.Time.2013__#00-05-52_00-08-22_label_A,225,0,
v=qr7e5aqvNmQ__#00-00-00_00-00-51_label_B6-0-0,train,/home/aarf101/xd_official/i3d-features/RGB/v=qr7e5aqvNmQ__#00-00-00_00-00-51_label_B6-0-0,76,1,car_accident
v=jpmQSeObStc__#00-03-25_00-04-54_label_B6-0-0,train,/home/aarf101/xd_official/i3d-features/RGB/v=jpmQSeObStc__#00-03-25_00-04-54_label_B6-0-0,133,1,car_accident
Salt.2010__#00-54-22_00-55-02_label_A,train,/home/aarf101/xd_official/i3d-features/RGB/Salt.2010__#00-54-22_00-55-02_label_A,60,0,
v=HRtVx13cUy4__#1_label_A,train,/home/aarf101/xd_official/i3d-features/RGB/v=HRtVx13cUy4__#1_label_A,24,0,
v=0lTLBaAtuNM__#00-02-11_00-03-21_label_G-0-0,train,/home/aarf101/xd_official/i3d-features/RGB/v=0lTLBaAtuNM__#00-02-11_00-03-21_label_G-0-0,105,1,explosion
Mission.Impossible.Fallout.2018__#02-12-31_02-12-38_label_G-0-0,train,/home/aarf101/xd_official/i3d-features/RGB/Mission.Impossible.Fallout.2018__#02-12-31_02-12-38_label_G-0-0,10,1,explosion
Yellow.Sea.2010__#00-53-21_00-54-25_label_B1-0-0,train,/home/aarf101/xd_official/i3d-features/RGB/Yellow.Sea.2010__#00-53-21_00-54-25_label_B1-0-0,96,1,fighting
v=C6Px7JdJb7c__#1_label_A,train,/home/aarf101/xd_official/i3d-features/RGB/v=C6Px7JdJb7c__#1_label_A,729,0,
v=XjRhYP-OXdM__#00-09-00_00-12-00_label_A,train,/home/aarf101/xd_official/i3d-features/RGB/v=XjRhYP-OXdM__#00-09-00_00-12-00_label_A,269,0,
v=PzenE60X0Vo__#1_label_A,train,/home/aarf101/xd_official/i3d-features/RGB/v=PzenE60X0Vo__#1_label_A,106,0,
v=ZdBy-v2C964__#1_label_A,train,/home/aarf101/xd_official/i3d-features/RGB/v=ZdBy-v2C964__#1_label_A,411,0,
Love.Actually.2003__#00-04-20_00-06-05_label_A,train,/home/aarf101/xd_official/i3d-features/RGB/Love.Actually.2003__#00-04-20_00-06-05_label_A,157,0,
v=DmznKoxsaCc__#1_label_A,train,/home/aarf101/xd_official/i3d-features/RGB/v=DmznKoxsaCc__#1_label_A,1291,0,
Before.Sunrise.1995__#00-16-18_00-18-09_label_A,train,/home/aarf101/xd_official/i3d-features/RGB/Before.Sunrise.1995__#00-16-18_00-18-09_label_A,166,0,
v=JTVUA-jJ11I__#1_label_G-0-0,train,/home/aarf101/xd_official/i3d-features/RGB/v=JTVUA-jJ11I__#1_label_G-0-0,78,1,explosion
v=7_1PfqGVSg0__#00-00-00_00-03-08_label_B2-G-0,train,/home/aarf101/xd_official/i3d-features/RGB/v=7_1PfqGVSg0__#00-00-00_00-03-08_label_B2-G-0,282,1,shooting|explosion
Mission.Impossible.III.2006__#00-15-40_00-16-28_label_G-0-0,train,/home/aarf101/xd_official/i3d-features/RGB/Mission.Impossible.III.2006__#00-15-40_00-16-28_label_G-0-0,72,1,explosion
Mission.Impossible.Fallout.2018__#01-29-00_01-31-50_label_B2-B1-0,train,/home/aarf101/xd_official/i3d-features/RGB/Mission.Impossible.Fallout.2018__#01-29-00_01-31-50_label_B2-B1-0,254,1,shooting|fighting
Desperado.1995__#00-50-55_00-52-02_label_A,train,/home/aarf101/xd_official/i3d-features/RGB/Desperado.1995__#00-50-55_00-52-02_label_A,100,0,
Before.Sunset.2004__#00-01-45_00-02-50_label_A,train,/home/aarf101/xd_official/i3d-features/RGB/Before.Sunset.2004__#00-01-45_00-02-50_label_A,97,0,
Before.Sunset.2004__#00-20-35_00-23-06_label_A,train,/home/aarf101/xd_official/i3d-features/RGB/Before.Sunset.2004__#00-20-35_00-23-06_label_A,226,0,
Yellow.Sea.2010__#01-36-00_01-36-57_label_B1-0-0,train,/home/aarf101/xd_official/i3d-features/RGB/Yellow.Sea.2010__#01-36-00_01-36-57_label_B1-0-0,85,1,fighting
v=HSisjzLESak__#00-09-00_00-10-25_label_B6-0-0,train,/home/aarf101/xd_official/i3d-features/RGB/v=HSisjzLESak__#00-09-00_00-10-25_label_B6-0-0,127,1,car_accident
Deadpool.2016__#01-02-43_01-03-01_label_B1-B2-0,train,/home/aarf101/xd_official/i3d-features/RGB/Deadpool.2016__#01-02-43_01-03-01_label_B1-B2-0,27,1,fighting|shooting
v=C8-ufLan6B8__#1_label_B4-0-0,train,/home/aarf101/xd_official/i3d-features/RGB/v=C8-ufLan6B8__#1_label_B4-0-0,183,1,riot
v=tNG62fULYgI__#1_label_A,train,/home/aarf101/xd_official/i3d-features/RGB/v=tNG62fULYgI__#1_label_A,285,0,
v=ccvwGYO1KwU__#1_label_B4-0-0,train,/home/aarf101/xd_official/i3d-features/RGB/v=ccvwGYO1KwU__#1_label_B4-0-0,104,1,riot
v=UmDrO4xtVbo__#1_label_B1-0-0,train,/home/aarf101/xd_official/i3d-features/RGB/v=UmDrO4xtVbo__#1_label_B1-0-0,129,1,fighting
Fast.Five.2011__#01-47-02_01-47-34_label_B6-B2-0,train,/home/aarf101/xd_official/i3d-features/RGB/Fast.Five.2011__#01-47-02_01-47-34_label_B6-B2-0,48,1,car_accident|shooting
v=bpXcG9Nfvos__#1_label_A,train,/home/aarf101/xd_official/i3d-features/RGB/v=bpXcG9Nfvos__#1_label_A,947,0,
GoldenEye.1995__#02-05-18_02-06-13_label_A,train,/home/aarf101/xd_official/i3d-features/RGB/GoldenEye.1995__#02-05-18_02-06-13_label_A,82,0,
Mission.Impossible.Ghost.Protocol.2011__#00-53-35_00-55-10_label_A,train,/home/aarf101/xd_official/i3d-features/RGB/Mission.Impossible.Ghost.Protocol.2011__#00-53-35_00-55-10_label_A,142,0,
New.Kids.Turbo.2010__#01-17-50_01-19-15_label_A,train,/home/aarf101/xd_official/i3d-features/RGB/New.Kids.Turbo.2010__#01-17-50_01-19-15_label_A,127,0,
Salt.2010__#00-24-37_00-25-07_label_B2-0-0,train,/home/aarf101/xd_official/i3d-features/RGB/Salt.2010__#00-24-37_00-25-07_label_B2-0-0,45,1,shooting
v=cr88_Xq2hMg__#1_label_A,train,/home/aarf101/xd_official/i3d-features/RGB/v=cr88_Xq2hMg__#1_label_A,49,0,
Be.with.You.2018__#01-52-20_01-58-00_label_A,train,/home/aarf101/xd_official/i3d-features/RGB/Be.with.You.2018__#01-52-20_01-58-00_label_A,510,0,
Fast.Furious.6.2013__#01-02-17_01-03-10_label_B6-B2-G,train,/home/aarf101/xd_official/i3d-features/RGB/Fast.Furious.6.2013__#01-02-17_01-03-10_label_B6-B2-G,79,1,car_accident|shooting|explosion
v=O7oKpUpOGKs__#1_label_B4-0-0,train,/home/aarf101/xd_official/i3d-features/RGB/v=O7oKpUpOGKs__#1_label_B4-0-0,236,1,riot
