clip_id,split,path,T,binary,labels
A.Beautiful.Mind.2001__#00-01-45_00-02-50_label_A,train,data/raw/xd-violence/data/swin_rgb/1-1004/A.Beautiful.Mind.2001__#00-01-45_00-02-50_label_A.npy,25,0,
A.Beautiful.Mind.2001__#00-03-00_00-04-05_label_A,train,data/raw/xd-violence/data/swin_rgb/1-1004/A.Beautiful.Mind.2001__#00-03-00_00-04-05_label_A.npy,25,0,
A.Beautiful.Mind.2001__#00-04-20_00-05-35_label_A,train,data/raw/xd-violence/data/swin_rgb/1-1004/A.Beautiful.Mind.2001__#00-04-20_00-05-35_label_A.npy,29,0,
A.Beautiful.Mind.2001__#00-05-52_00-08-22_label_A,train,data/raw/xd-violence/data/swin_rgb/1-1004/A.Beautiful.Mind.2001__#00-05-52_00-08-22_label_A.npy,57,0,
A.Beautiful.Mind.2001__#00-08-55_00-10-50_label_A,train,data/raw/xd-violence/data/swin_rgb/1-1004/A.Beautiful.Mind.2001__#00-08-55_00-10-50_label_A.npy,44,0,
A.Beautiful.Mind.2001__#00-16-18_00-17-09_label_A,train,data/raw/xd-violence/data/swin_rgb/1-1004/A.Beautiful.Mind.2001__#00-16-18_00-17-09_label_A.npy,20,0,
A.Beautiful.Mind.2001__#00-20-35_00-23-06_label_A,train,data/raw/xd-violence/data/swin_rgb/1-1004/A.Beautiful.Mind.2001__#00-20-35_00-23-06_label_A.npy,57,0,
A.Beautiful.Mind.2001__#00-23-50_00-24-31_label_A,train,data/raw/xd-violence/data/swin_rgb/1-1004/A.Beautiful.Mind.2001__#00-23-50_00-24-31_label_A.npy,16,0,
A.Beautiful.Mind.2001__#00-31-05_00-32-05_label_A,train,data/raw/xd-violence/data/swin_rgb/1-1004/A.Beautiful.Mind.2001__#00-31-05_00-32-05_label_A.npy,23,0,
A.Beautiful.Mind.2001__#00-32-07_00-36-45_label_A,train,data/raw/xd-violence/data/swin_rgb/1-1004/A.Beautiful.Mind.2001__#00-32-07_00-36-45_label_A.npy,105,0,
A.Beautiful.Mind.2001__#00-37-40_00-40-31_label_A,train,data/raw/xd-violence/data/swin_rgb/1-1004/A.Beautiful.Mind.2001__#00-37-40_00-40-31_label_A.npy,65,0,
A.Beautiful.Mind.2001__#00-42-52_00-45-31_label_A,train,data/raw/xd-violence/data/swin_rgb/1-1004/A.Beautiful.Mind.2001__#00-42-52_00-45-31_label_A.npy,60,0,
A.Beautiful.Mind.2001__#00-45-40_00-47-30_label_A,train,data/raw/xd-violence/data/swin_rgb/1-1004/A.Beautiful.Mind.2001__#00-45-40_00-47-30_label_A.npy,42,0,
A.Beautiful.Mind.2001__#00-57-20_00-58-17_label_A,train,data/raw/xd-violence/data/swin_rgb/1-1004/A.Beautiful.Mind.2001__#00-57-20_00-58-17_label_A.npy,22,0,
A.Beautiful.Mind.2001__#00-58-18_01-02-30_label_A,train,data/raw/xd-violence/data/swin_rgb/1-1004/A.Beautiful.Mind.2001__#00-58-18_01-02-30_label_A.npy,95,0,
A.Beautiful.Mind.2001__#01-21-22_01-25-40_label_A,train,data/raw/xd-violence/data/swin_rgb/1-1004/A.Beautiful.Mind.2001__#01-21-22_01-25-40_label_A.npy,97,0,
A.Beautiful.Mind.2001__#01-26-10_01-28-00_label_A,train,data/raw/xd-violence/data/swin_rgb/1-1004/A.Beautiful.Mind.2001__#01-26-10_01-28-00_label_A.npy,42,0,
A.Beautiful.Mind.2001__#01-29-31_01-31-00_label_A,train,data/raw/xd-violence/data/swin_rgb/1-1004/A.Beautiful.Mind.2001__#01-29-31_01-31-00_label_A.npy,34,0,
A.Beautiful.Mind.2001__#01-39-05_01-41-00_label_A,train,data/raw/xd-violence/data/swin_rgb/1-1004/A.Beautiful.Mind.2001__#01-39-05_01-41-00_label_A.npy,44,0,
A.Beautiful.Mind.2001__#01-42-06_01-45-53_label_A,train,data/raw/xd-violence/data/swin_rgb/1-1004/A.Beautiful.Mind.2001__#01-42-06_01-45-53_label_A.npy,86,0,
A.Beautiful.Mind.2001__#01-46-20_01-48-10_label_A,train,data/raw/xd-violence/data/swin_rgb/1-1004/A.Beautiful.Mind.2001__#01-46-20_01-48-10_label_A.npy,42,0,
A.Beautiful.Mind.2001__#01-50-50_01-52-00_label_A,train,data/raw/xd-violence/data/swin_rgb/1-1004/A.Beautiful.Mind.2001__#01-50-50_01-52-00_label_A.npy,27,0,
A.Beautiful.Mind.2001__#01-52-20_01-58-00_label_A,train,data/raw/xd-violence/data/swin_rgb/1-1004/A.Beautiful.Mind.2001__#01-52-20_01-58-00_label_A.npy,128,0,
A.Beautiful.Mind.2001__#01-58-20_02-05-00_label_A,train,data/raw/xd-violence/data/swin_rgb/1-1004/A.Beautiful.Mind.2001__#01-58-20_02-05-00_label_A.npy,151,0,
About.Time.2013__#00-01-45_00-02-15_label_A,train,data/raw/xd-violence/data/swin_rgb/1-1004/About.Time.2013__#00-01-45_00-02-15_label_A.npy,12,0,
About.Time.2013__#00-04-20_00-05-35_label_A,train,data/raw/xd-violence/data/swin_rgb/1-1004/About.Time.2013__#00-04-20_00-05-35_label_A.npy,29,0,
About.Time.2013__#00-05-52_00-08-22_label_A,train,data/raw/xd-violence/data/swin_rgb/1-1004/About.Time.2013__#00-05-52_00-08-22_label_A.npy,57,0,
About.Time.2013__#00-08-55_00-10-50_label_A,train,data/raw/xd-violence/data/swin_rgb/1-1004/About.Time.2013__#00-08-55_00-10-50_label_A.npy,44,0,
About.Time.2013__#00-11-00_00-15-08_label_A,train,data/raw/xd-violence/data/swin_rgb/1-1004/About.Time.2013__#00-11-00_00-15-08_label_A.npy,94,0,
About.Time.2013__#00-16-18_00-17-27_label_A,train,data/raw/xd-violence/data/swin_rgb/1-1004/About.Time.2013__#00-16-18_00-17-27_label_A.npy,26,0,
About.Time.2013__#00-17-30_00-19-10_label_A,train,data/raw/xd-violence/data/swin_rgb/1-1004/About.Time.2013__#00-17-30_00-19-10_label_A.npy,38,0,
About.Time.2013__#00-20-35_00-23-06_label_A,train,data/raw/xd-violence/data/swin_rgb/1-1004/About.Time.2013__#00-20-35_00-23-06_label_A.npy,57,0,
About.Time.2013__#00-25-20_00-29-40_label_A,train,data/raw/xd-violence/data/swin_rgb/1-1004/About.Time.2013__#00-25-20_00-29-40_label_A.npy,98,0,
About.Time.2013__#00-33-52_00-38-31_label_A,train,data/raw/xd-violence/data/swin_rgb/1-1004/About.Time.2013__#00-33-52_00-38-31_label_A.npy,105,0,
About.Time.2013__#00-38-52_00-40-31_label_A,train,data/raw/xd-violence/data/swin_rgb/1-1004/About.Time.2013__#00-38-52_00-40-31_label_A.npy,38,0,
About.Time.2013__#00-42-52_00-45-31_label_A,train,data/raw/xd-violence/data/swin_rgb/1-1004/About.Time.2013__#00-42-52_00-45-31_label_A.npy,60,0,
About.Time.2013__#00-45-40_00-47-30_label_A,train,data/raw/xd-violence/data/swin_rgb/1-1004/About.Time.2013__#00-45-40_00-47-30_label_A.npy,42,0,
About.Time.2013__#00-49-48_00-51-12_label_A,train,data/raw/xd-violence/data/swin_rgb/1-1004/About.Time.2013__#00-49-48_00-51-12_label_A.npy,32,0,
About.Time.2013__#00-51-55_00-55-16_label_A,train,data/raw/xd-violence/data/swin_rgb/1-1004/About.Time.2013__#00-51-55_00-55-16_label_A.npy,76,0,
About.Time.2013__#00-56-40_01-02-02_label_A,train,data/raw/xd-violence/data/swin_rgb/1-1004/About.Time.2013__#00-56-40_01-02-02_label_A.npy,121,0,
About.Time.2013__#01-02-18_01-03-10_label_A,train,data/raw/xd-violence/data/swin_rgb/1-1004/About.Time.2013__#01-02-18_01-03-10_label_A.npy,20,0,
About.Time.2013__#01-04-40_01-06-59_label_A,train,data/raw/xd-violence/data/swin_rgb/1-1004/About.Time.2013__#01-04-40_01-06-59_label_A.npy,53,0,
About.Time.2013__#01-09-30_01-16-59_label_A,train,data/raw/xd-violence/data/swin_rgb/1-1004/About.Time.2013__#01-09-30_01-16-59_label_A.npy,169,0,
About.Time.2013__#01-17-00_01-19-40_label_A,train,data/raw/xd-violence/data/swin_rgb/1-1004/About.Time.2013__#01-17-00_01-19-40_label_A.npy,61,0,
About.Time.2013__#01-26-10_01-28-00_label_A,train,data/raw/xd-violence/data/swin_rgb/1-1004/About.Time.2013__#01-26-10_01-28-00_label_A.npy,42,0,
About.Time.2013__#01-30-25_01-33-56_label_A,train,data/raw/xd-violence/data/swin_rgb/1-1004/About.Time.2013__#01-30-25_01-33-56_label_A.npy,80,0,
About.Time.2013__#01-34-18_01-38-11_label_A,train,data/raw/xd-violence/data/swin_rgb/1-1004/About.Time.2013__#01-34-18_01-38-11_label_A.npy,88,0,
About.Time.2013__#01-39-05_01-46-40_label_A,train,data/raw/xd-violence/data/swin_rgb/1-1004/About.Time.2013__#01-39-05_01-46-40_label_A.npy,171,0,
About.Time.2013__#01-47-40_01-49-53_label_A,train,data/raw/xd-violence/data/swin_rgb/1-1004/About.Time.2013__#01-47-40_01-49-53_label_A.npy,50,0,
About.Time.2013__#01-50-20_01-56-30_label_A,train,data/raw/xd-violence/data/swin_rgb/1-1004/About.Time.2013__#01-50-20_01-56-30_label_A.npy,139,0,
Bad.Boys.1995__#00-12-52_00-15-08_label_A,train,data/raw/xd-violence/data/swin_rgb/1-1004/Bad.Boys.1995__#00-12-52_00-15-08_label_A.npy,52,0,
Bad.Boys.1995__#00-26-51_00-27-53_label_B2-0-0,train,data/raw/xd-violence/data/swin_rgb/1-1004/Bad.Boys.1995__#00-26-51_00-27-53_label_B2-0-0.npy,24,1,shooting
Bad.Boys.1995__#00-34-10_00-35-15_label_A,train,data/raw/xd-violence/data/swin_rgb/1-1004/Bad.Boys.1995__#00-34-10_00-35-15_label_A.npy,25,0,
Bad.Boys.1995__#00-38-16_00-38-50_label_B2-0-0,train,data/raw/xd-violence/data/swin_rgb/1-1004/Bad.Boys.1995__#00-38-16_00-38-50_label_B2-0-0.npy,13,1,shooting
Bad.Boys.1995__#00-39-10_00-39-42_label_B2-0-0,train,data/raw/xd-violence/data/swin_rgb/1-1004/Bad.Boys.1995__#00-39-10_00-39-42_label_B2-0-0.npy,13,1,shooting
Bad.Boys.1995__#00-42-10_00-45-45_label_A,train,data/raw/xd-violence/data/swin_rgb/1-1004/Bad.Boys.1995__#00-42-10_00-45-45_label_A.npy,81,0,
Bad.Boys.1995__#01-00-02_01-01-39_label_A,train,data/raw/xd-violence/data/swin_rgb/1-1004/Bad.Boys.1995__#01-00-02_01-01-39_label_A.npy,37,0,
Bad.Boys.1995__#01-07-01_01-08-13_label_B1-0-0,train,data/raw/xd-violence/data/swin_rgb/1-1004/Bad.Boys.1995__#01-07-01_01-08-13_label_B1-0-0.npy,28,1,fighting
Bad.Boys.1995__#01-17-05_01-19-29_label_A,train,data/raw/xd-violence/data/swin_rgb/1-1004/Bad.Boys.1995__#01-17-05_01-19-29_label_A.npy,55,0,
Bad.Boys.1995__#01-21-35_01-22-25_label_B1-0-0,train,data/raw/xd-violence/data/swin_rgb/1-1004/Bad.Boys.1995__#01-21-35_01-22-25_label_B1-0-0.npy,19,1,fighting
Bad.Boys.1995__#01-30-37_01-32-44_label_A,train,data/raw/xd-violence/data/swin_rgb/1-1004/Bad.Boys.1995__#01-30-37_01-32-44_label_A.npy,48,0,
Bad.Boys.1995__#01-44-40_01-49-20_label_B2-G-B6,train,data/raw/xd-violence/data/swin_rgb/1-1004/Bad.Boys.1995__#01-44-40_01-49-20_label_B2-G-B6.npy,106,1,shooting|explosion|car_accident
Bad.Boys.1995__#01-52-45_01-53-19_label_B2-0-0,train,data/raw/xd-violence/data/swin_rgb/1-1004/Bad.Boys.1995__#01-52-45_01-53-19_label_B2-0-0.npy,13,1,shooting
Bad.Boys.1995__#01-53-29_01-54-33_label_A,train,data/raw/xd-violence/data/swin_rgb/1-1004/Bad.Boys.1995__#01-53-29_01-54-33_label_A.npy,25,0,
Bad.Boys.II.2003__#00-11-06_00-12-10_label_A,train,data/raw/xd-violence/data/swin_rgb/1-1004/Bad.Boys.II.2003__#00-11-06_00-12-10_label_A.npy,25,0,
Bad.Boys.II.2003__#00-16-16_00-20-25_label_A,train,data/raw/xd-violence/data/swin_rgb/1-1004/Bad.Boys.II.2003__#00-16-16_00-20-25_label_A.npy,94,0,
Bad.Boys.II.2003__#00-23-01_00-25-06_label_A,train,data/raw/xd-violence/data/swin_rgb/1-1004/Bad.Boys.II.2003__#00-23-01_00-25-06_label_A.npy,47,0,
Bad.Boys.II.2003__#00-27-29_00-30-13_label_B6-B2-0,train,data/raw/xd-violence/data/swin_rgb/1-1004/Bad.Boys.II.2003__#00-27-29_00-30-13_label_B6-B2-0.npy,62,1,car_accident|shooting
Bad.Boys.II.2003__#00-30-16_00-36-53_label_B2-B6-G,train,data/raw/xd-violence/data/swin_rgb/1-1004/Bad.Boys.II.2003__#00-30-16_00-36-53_label_B2-B6-G.npy,149,1,shooting|car_accident|explosion
Bad.Boys.II.2003__#00-37-53_00-41-48_label_A,train,data/raw/xd-violence/data/swin_rgb/1-1004/Bad.Boys.II.2003__#00-37-53_00-41-48_label_A.npy,89,0,
Bad.Boys.II.2003__#00-43-05_00-44-20_label_B2-0-0,train,data/raw/xd-violence/data/swin_rgb/1-1004/Bad.Boys.II.2003__#00-43-05_00-44-20_label_B2-0-0.npy,29,1,shooting
Bad.Boys.II.2003__#00-48-24_00-52-00_label_B2-0-0,train,data/raw/xd-violence/data/swin_rgb/1-1004/Bad.Boys.II.2003__#00-48-24_00-52-00_label_B2-0-0.npy,82,1,shooting
Bad.Boys.II.2003__#00-56-45_00-58-40_label_A,train,data/raw/xd-violence/data/swin_rgb/1-1004/Bad.Boys.II.2003__#00-56-45_00-58-40_label_A.npy,44,0,
Bad.Boys.II.2003__#01-27-09_01-28-25_label_B2-B6-0,train,data/raw/xd-violence/data/swin_rgb/1-1004/Bad.Boys.II.2003__#01-27-09_01-28-25_label_B2-B6-0.npy,29,1,shooting|car_accident
Bad.Boys.II.2003__#01-29-04_01-30-03_label_B1-0-0,train,data/raw/xd-violence/data/swin_rgb/1-1004/Bad.Boys.II.2003__#01-29-04_01-30-03_label_B1-0-0.npy,23,1,fighting
Bad.Boys.II.2003__#01-46-00_01-48-35_label_A,train,data/raw/xd-violence/data/swin_rgb/1-1004/Bad.Boys.II.2003__#01-46-00_01-48-35_label_A.npy,59,0,
Bad.Boys.II.2003__#02-05-15_02-05-36_label_A,train,data/raw/xd-violence/data/swin_rgb/1-1004/Bad.Boys.II.2003__#02-05-15_02-05-36_label_A.npy,8,0,
Bad.Boys.II.2003__#02-07-07_02-12-05_label_B2-G-0,train,data/raw/xd-violence/data/swin_rgb/1-1004/Bad.Boys.II.2003__#02-07-07_02-12-05_label_B2-G-0.npy,112,1,shooting|explosion
Bad.Boys.II.2003__#02-13-42_02-15-02_label_B6-G-B2,train,data/raw/xd-violence/data/swin_rgb/1-1004/Bad.Boys.II.2003__#02-13-42_02-15-02_label_B6-G-B2.npy,31,1,car_accident|explosion|shooting
Bad.Boys.II.2003__#02-15-48_02-18-12_label_B2-G-0,train,data/raw/xd-violence/data/swin_rgb/1-1004/Bad.Boys.II.2003__#02-15-48_02-18-12_label_B2-G-0.npy,55,1,shooting|explosion
Before.Sunrise.1995__#00-01-45_00-02-50_label_A,train,data/raw/xd-violence/data/swin_rgb/1-1004/Before.Sunrise.1995__#00-01-45_00-02-50_label_A.npy,25,0,
Before.Sunrise.1995__#00-05-52_00-08-22_label_A,train,data/raw/xd-violence/data/swin_rgb/1-1004/Before.Sunrise.1995__#00-05-52_00-08-22_label_A.npy,57,0,
Before.Sunrise.1995__#00-08-55_00-10-50_label_A,train,data/raw/xd-violence/data/swin_rgb/1-1004/Before.Sunrise.1995__#00-08-55_00-10-50_label_A.npy,44,0,
Before.Sunrise.1995__#00-11-00_00-15-08_label_A,train,data/raw/xd-violence/data/swin_rgb/1-1004/Before.Sunrise.1995__#00-11-00_00-15-08_label_A.npy,94,0,
Before.Sunrise.1995__#00-16-18_00-18-09_label_A,train,data/raw/xd-violence/data/swin_rgb/1-1004/Before.Sunrise.1995__#00-16-18_00-18-09_label_A.npy,42,0,
Before.Sunrise.1995__#00-20-35_00-23-06_label_A,train,data/raw/xd-violence/data/swin_rgb/1-1004/Before.Sunrise.1995__#00-20-35_00-23-06_label_A.npy,57,0,
Before.Sunrise.1995__#00-25-20_00-29-20_label_A,train,data/raw/xd-violence/data/swin_rgb/1-1004/Before.Sunrise.1995__#00-25-20_00-29-20_label_A.npy,91,0,
Before.Sunrise.1995__#00-31-05_00-32-05_label_A,train,data/raw/xd-violence/data/swin_rgb/1-1004/Before.Sunrise.1995__#00-31-05_00-32-05_label_A.npy,23,0,
Before.Sunrise.1995__#00-32-07_00-36-45_label_A,train,data/raw/xd-violence/data/swin_rgb/1-1004/Before.Sunrise.1995__#00-32-07_00-36-45_label_A.npy,105,0,
Before.Sunrise.1995__#00-37-40_00-40-31_label_A,train,data/raw/xd-violence/data/swin_rgb/1-1004/Before.Sunrise.1995__#00-37-40_00-40-31_label_A.npy,65,0,
Before.Sunrise.1995__#00-45-40_00-47-30_label_A,train,data/raw/xd-violence/data/swin_rgb/1-1004/Before.Sunrise.1995__#00-45-40_00-47-30_label_A.npy,42,0,
Before.Sunrise.1995__#00-50-26_00-55-16_label_A,train,data/raw/xd-violence/data/swin_rgb/1-1004/Before.Sunrise.1995__#00-50-26_00-55-16_label_A.npy,109,0,
Before.Sunrise.1995__#00-57-20_00-58-17_label_A,train,data/raw/xd-violence/data/swin_rgb/1-1004/Before.Sunrise.1995__#00-57-20_00-58-17_label_A.npy,22,0,
Before.Sunrise.1995__#00-58-18_01-02-30_label_A,train,data/raw/xd-violence/data/swin_rgb/1-1004/Before.Sunrise.1995__#00-58-18_01-02-30_label_A.npy,95,0,
Before.Sunrise.1995__#01-14-30_01-16-59_label_A,train,data/raw/xd-violence/data/swin_rgb/1-1004/Before.Sunrise.1995__#01-14-30_01-16-59_label_A.npy,56,0,
Before.Sunrise.1995__#01-21-22_01-25-40_label_A,train,data/raw/xd-violence/data/swin_rgb/1-1004/Before.Sunrise.1995__#01-21-22_01-25-40_label_A.npy,97,0,
Before.Sunrise.1995__#01-28-31_01-31-00_label_A,train,data/raw/xd-violence/data/swin_rgb/1-1004/Before.Sunrise.1995__#01-28-31_01-31-00_label_A.npy,56,0,
Before.Sunrise.1995__#01-31-18_01-36-11_label_A,train,data/raw/xd-violence/data/swin_rgb/1-1004/Before.Sunrise.1995__#01-31-18_01-36-11_label_A.npy,110,0,
Before.Sunset.2004__#00-01-45_00-02-50_label_A,train,data/raw/xd-violence/data/swin_rgb/1-1004/Before.Sunset.2004__#00-01-45_00-02-50_label_A.npy,25,0,
Before.Sunset.2004__#00-03-00_00-04-05_label_A,train,data/raw/xd-violence/data/swin_rgb/1-1004/Before.Sunset.2004__#00-03-00_00-04-05_label_A.npy,25,0,
Before.Sunset.2004__#00-04-20_00-05-35_label_A,train,data/raw/xd-violence/data/swin_rgb/1-1004/Before.Sunset.2004__#00-04-20_00-05-35_label_A.npy,29,0,
Before.Sunset.2004__#00-05-52_00-08-22_label_A,train,data/raw/xd-violence/data/swin_rgb/1-1004/Before.Sunset.2004__#00-05-52_00-08-22_label_A.npy,57,0,
Before.Sunset.2004__#00-08-55_00-10-50_label_A,train,data/raw/xd-violence/data/swin_rgb/1-1004/Before.Sunset.2004__#00-08-55_00-10-50_label_A.npy,44,0,
Before.Sunset.2004__#00-11-00_00-15-08_label_A,train,data/raw/xd-violence/data/swin_rgb/1-1004/Before.Sunset.2004__#00-11-00_00-15-08_label_A.npy,94,0,
Before.Sunset.2004__#00-16-18_00-18-09_label_A,train,data/raw/xd-violence/data/swin_rgb/1-1004/Before.Sunset.2004__#00-16-18_00-18-09_label_A.npy,42,0,
Before.Sunset.2004__#00-18-18_00-20-09_label_A,train,data/raw/xd-violence/data/swin_rgb/1-1004/Before.Sunset.2004__#00-18-18_00-20-09_label_A.npy,42,0,
Before.Sunset.2004__#00-20-35_00-23-06_label_A,train,data/raw/xd-violence/data/swin_rgb/1-1004/Before.Sunset.2004__#00-20-35_00-23-06_label_A.npy,57,0,
Before.Sunset.2004__#00-25-20_00-29-20_label_A,train,data/raw/xd-violence/data/swin_rgb/1-1004/Before.Sunset.2004__#00-25-20_00-29-20_label_A.npy,91,0,
Before.Sunset.2004__#00-31-05_00-32-05_label_A,train,data/raw/xd-violence/data/swin_rgb/1-1004/Before.Sunset.2004__#00-31-05_00-32-05_label_A.npy,23,0,
Before.Sunset.2004__#00-32-07_00-36-45_label_A,train,data/raw/xd-violence/data/swin_rgb/1-1004/Before.Sunset.2004__#00-32-07_00-36-45_label_A.npy,105,0,
Before.Sunset.2004__#00-37-40_00-40-31_label_A,train,data/raw/xd-violence/data/swin_rgb/1-1004/Before.Sunset.2004__#00-37-40_00-40-31_label_A.npy,65,0,
Before.Sunset.2004__#00-40-52_00-42-01_label_A,train,data/raw/xd-violence/data/swin_rgb/1-1004/Before.Sunset.2004__#00-40-52_00-42-01_label_A.npy,26,0,
Before.Sunset.2004__#00-42-52_00-45-31_label_A,train,data/raw/xd-violence/data/swin_rgb/1-1004/Before.Sunset.2004__#00-42-52_00-45-31_label_A.npy,60,0,
Before.Sunset.2004__#00-45-40_00-47-30_label_A,train,data/raw/xd-violence/data/swin_rgb/1-1004/Before.Sunset.2004__#00-45-40_00-47-30_label_A.npy,42,0,
Before.Sunset.2004__#00-47-55_00-49-50_label_A,train,data/raw/xd-violence/data/swin_rgb/1-1004/Before.Sunset.2004__#00-47-55_00-49-50_label_A.npy,44,0,
Before.Sunset.2004__#00-50-26_00-55-16_label_A,train,data/raw/xd-violence/data/swin_rgb/1-1004/Before.Sunset.2004__#00-50-26_00-55-16_label_A.npy,109,0,
Before.Sunset.2004__#00-55-26_00-57-16_label_A,train,data/raw/xd-violence/data/swin_rgb/1-1004/Before.Sunset.2004__#00-55-26_00-57-16_label_A.npy,42,0,
Before.Sunset.2004__#00-57-20_00-58-17_label_A,train,data/raw/xd-violence/data/swin_rgb/1-1004/Before.Sunset.2004__#00-57-20_00-58-17_label_A.npy,22,0,
Before.Sunset.2004__#00-58-18_01-02-30_label_A,train,data/raw/xd-violence/data/swin_rgb/1-1004/Before.Sunset.2004__#00-58-18_01-02-30_label_A.npy,95,0,
Before.Sunset.2004__#01-02-40_01-06-51_label_A,train,data/raw/xd-violence/data/swin_rgb/1-1004/Before.Sunset.2004__#01-02-40_01-06-51_label_A.npy,95,0,
Before.Sunset.2004__#01-07-30_01-09-51_label_A,train,data/raw/xd-violence/data/swin_rgb/1-1004/Before.Sunset.2004__#01-07-30_01-09-51_label_A.npy,53,0,
Before.Sunset.2004__#01-10-30_01-13-51_label_A,train,data/raw/xd-violence/data/swin_rgb/1-1004/Before.Sunset.2004__#01-10-30_01-13-51_label_A.npy,76,0,
Black.Hawk.Down.2001__#00-02-54_00-04-27_label_B4-0-0,train,data/raw/xd-violence/data/swin_rgb/1-1004/Black.Hawk.Down.2001__#00-02-54_00-04-27_label_B4-0-0.npy,35,1,riot
Black.Hawk.Down.2001__#00-12-00_00-12-31_label_A,train,data/raw/xd-violence/data/swin_rgb/1-1004/Black.Hawk.Down.2001__#00-12-00_00-12-31_label_A.npy,12,0,
Black.Hawk.Down.2001__#00-44-05_00-44-40_label_B2-0-0,train,data/raw/xd-violence/data/swin_rgb/1-1004/Black.Hawk.Down.2001__#00-44-05_00-44-40_label_B2-0-0.npy,14,1,shooting
Black.Hawk.Down.2001__#00-47-30_00-47-58_label_G-0-0,train,data/raw/xd-violence/data/swin_rgb/1-1004/Black.Hawk.Down.2001__#00-47-30_00-47-58_label_G-0-0.npy,11,1,explosion
Black.Hawk.Down.2001__#00-47-58_00-48-58_label_B2-0-0,train,data/raw/xd-violence/data/swin_rgb/1-1004/Black.Hawk.Down.2001__#00-47-58_00-48-58_label_B2-0-0.npy,23,1,shooting
Black.Hawk.Down.2001__#00-55-00_00-55-29_label_G-B2-0,train,data/raw/xd-violence/data/swin_rgb/1-1004/Black.Hawk.Down.2001__#00-55-00_00-55-29_label_G-B2-0.npy,11,1,explosion|shooting
Black.Hawk.Down.2001__#00-59-10_01-00-01_label_B2-0-0,train,data/raw/xd-violence/data/swin_rgb/1-1004/Black.Hawk.Down.2001__#00-59-10_01-00-01_label_B2-0-0.npy,20,1,shooting
Black.Hawk.Down.2001__#01-12-39_01-13-12_label_G-0-0,train,data/raw/xd-violence/data/swin_rgb/1-1004/Black.Hawk.Down.2001__#01-12-39_01-13-12_label_G-0-0.npy,13,1,explosion
Black.Hawk.Down.2001__#01-21-39_01-22-24_label_G-0-0,train,data/raw/xd-violence/data/swin_rgb/1-1004/Black.Hawk.Down.2001__#01-21-39_01-22-24_label_G-0-0.npy,17,1,explosion
Black.Hawk.Down.2001__#01-23-28_01-24-47_label_B4-0-0,train,data/raw/xd-violence/data/swin_rgb/1-1004/Black.Hawk.Down.2001__#01-23-28_01-24-47_label_B4-0-0.npy,30,1,riot
Black.Hawk.Down.2001__#01-49-18_01-49-50_label_G-0-0,train,data/raw/xd-violence/data/swin_rgb/1-1004/Black.Hawk.Down.2001__#01-49-18_01-49-50_label_G-0-0.npy,13,1,explosion
Black.Hawk.Down.2001__#01-51-26_01-51-50_label_G-0-0,train,data/raw/xd-violence/data/swin_rgb/1-1004/Black.Hawk.Down.2001__#01-51-26_01-51-50_label_G-0-0.npy,10,1,explosion
Black.Hawk.Down.2001__#02-04-08_02-04-28_label_G-0-0,train,data/raw/xd-violence/data/swin_rgb/1-1004/Black.Hawk.Down.2001__#02-04-08_02-04-28_label_G-0-0.npy,8,1,explosion
Black.Hawk.Down.2001__#02-14-30_02-14-50_label_A,train,data/raw/xd-violence/data/swin_rgb/1-1004/Black.Hawk.Down.2001__#02-14-30_02-14-50_label_A.npy,8,0,
Braveheart.1995__#00-41-00_00-44-30_label_B5-B1-0,train,data/raw/xd-violence/data/swin_rgb/1-1004/Braveheart.1995__#00-41-00_00-44-30_label_B5-B1-0.npy,79,1,abuse|fighting
Braveheart.1995__#00-49-00_00-52-55_label_B1-0-0,train,data/raw/xd-violence/data/swin_rgb/1-1004/Braveheart.1995__#00-49-00_00-52-55_label_B1-0-0.npy,89,1,fighting
Braveheart.1995__#00-54-00_00-56-20_label_A,train,data/raw/xd-violence/data/swin_rgb/1-1004/Braveheart.1995__#00-54-00_00-56-20_label_A.npy,53,0,
Braveheart.1995__#00-58-01_01-00-01_label_B1-0-0,train,data/raw/xd-violence/data/swin_rgb/1-1004/Braveheart.1995__#00-58-01_01-00-01_label_B1-0-0.npy,46,1,fighting
Braveheart.1995__#01-00-02_01-01-00_label_A,train,data/raw/xd-violence/data/swin_rgb/1-1004/Braveheart.1995__#01-00-02_01-01-00_label_A.npy,22,0,
Braveheart.1995__#01-06-20_01-09-20_label_A,train,data/raw/xd-violence/data/swin_rgb/1-1004/Braveheart.1995__#01-06-20_01-09-20_label_A.npy,68,0,
Braveheart.1995__#01-23-50_01-25-30_label_B1-0-0,train,data/raw/xd-violence/data/swin_rgb/1-1004/Braveheart.1995__#01-23-50_01-25-30_label_B1-0-0.npy,38,1,fighting
Braveheart.1995__#01-33-09_01-37-20_label_A,train,data/raw/xd-violence/data/swin_rgb/1-1004/Braveheart.1995__#01-33-09_01-37-20_label_A.npy,95,0,
Braveheart.1995__#01-38-50_01-39-49_label_B1-0-0,train,data/raw/xd-violence/data/swin_rgb/1-1004/Braveheart.1995__#01-38-50_01-39-49_label_B1-0-0.npy,23,1,fighting
Braveheart.1995__#01-39-55_01-42-30_label_A,train,data/raw/xd-violence/data/swin_rgb/1-1004/Braveheart.1995__#01-39-55_01-42-30_label_A.npy,59,0,
Braveheart.1995__#01-44-05_01-45-55_label_A,train,data/raw/xd-violence/data/swin_rgb/1-1004/Braveheart.1995__#01-44-05_01-45-55_label_A.npy,42,0,
Braveheart.1995__#02-01-31_02-04-10_label_B1-0-0,train,data/raw/xd-violence/data/swin_rgb/1-1004/Braveheart.1995__#02-01-31_02-04-10_label_B1-0-0.npy,60,1,fighting
Braveheart.1995__#02-04-30_02-05-30_label_B1-0-0,train,data/raw/xd-violence/data/swin_rgb/1-1004/Braveheart.1995__#02-04-30_02-05-30_label_B1-0-0.npy,23,1,fighting
Braveheart.1995__#02-13-10_02-14-40_label_A,train,data/raw/xd-violence/data/swin_rgb/1-1004/Braveheart.1995__#02-13-10_02-14-40_label_A.npy,34,0,
Braveheart.1995__#02-14-41_02-16-20_label_B1-0-0,train,data/raw/xd-violence/data/swin_rgb/1-1004/Braveheart.1995__#02-14-41_02-16-20_label_B1-0-0.npy,38,1,fighting
Braveheart.1995__#02-19-30_02-20-55_label_B1-0-0,train,data/raw/xd-violence/data/swin_rgb/1-1004/Braveheart.1995__#02-19-30_02-20-55_label_B1-0-0.npy,32,1,fighting
Braveheart.1995__#02-23-30_02-24-27_label_A,train,data/raw/xd-violence/data/swin_rgb/1-1004/Braveheart.1995__#02-23-30_02-24-27_label_A.npy,22,0,
Braveheart.1995__#02-28-15_02-29-59_label_B1-0-0,train,data/raw/xd-violence/data/swin_rgb/1-1004/Braveheart.1995__#02-28-15_02-29-59_label_B1-0-0.npy,40,1,fighting
Braveheart.1995__#02-43-01_02-46-50_label_B5-0-0,train,data/raw/xd-violence/data/swin_rgb/1-1004/Braveheart.1995__#02-43-01_02-46-50_label_B5-0-0.npy,86,1,abuse
Brick.Mansions.2014__#00-00-54_00-01-24_label_B4-0-0,train,data/raw/xd-violence/data/swin_rgb/1-1004/Brick.Mansions.2014__#00-00-54_00-01-24_label_B4-0-0.npy,12,1,riot
Brick.Mansions.2014__#00-01-26_00-02-19_label_A,train,data/raw/xd-violence/data/swin_rgb/1-1004/Brick.Mansions.2014__#00-01-26_00-02-19_label_A.npy,20,0,
Brick.Mansions.2014__#00-03-40_00-03-55_label_B1-B2-0,train,data/raw/xd-violence/data/swin_rgb/1-1004/Brick.Mansions.2014__#00-03-40_00-03-55_label_B1-B2-0.npy,6,1,fighting|shooting
Brick.Mansions.2014__#00-04-52_00-05-38_label_B1-0-0,train,data/raw/xd-violence/data/swin_rgb/1-1004/Brick.Mansions.2014__#00-04-52_00-05-38_label_B1-0-0.npy,18,1,fighting
Brick.Mansions.2014__#00-08-07_00-08-27_label_G-0-0,train,data/raw/xd-violence/data/swin_rgb/1-1004/Brick.Mansions.2014__#00-08-07_00-08-27_label_G-0-0.npy,8,1,explosion
Brick.Mansions.2014__#00-15-12_00-15-27_label_B2-0-0,train,data/raw/xd-violence/data/swin_rgb/1-1004/Brick.Mansions.2014__#00-15-12_00-15-27_label_B2-0-0.npy,6,1,shooting
Brick.Mansions.2014__#00-16-02_00-16-26_label_B2-0-0,train,data/raw/xd-violence/data/swin_rgb/1-1004/Brick.Mansions.2014__#00-16-02_00-16-26_label_B2-0-0.npy,9,1,shooting
Brick.Mansions.2014__#00-17-12_00-17-40_label_B2-0-0,train,data/raw/xd-violence/data/swin_rgb/1-1004/Brick.Mansions.2014__#00-17-12_00-17-40_label_B2-0-0.npy,11,1,shooting
Brick.Mansions.2014__#00-18-00_00-18-49_label_B2-0-0,train,data/raw/xd-violence/data/swin_rgb/1-1004/Brick.Mansions.2014__#00-18-00_00-18-49_label_B2-0-0.npy,19,1,shooting
Brick.Mansions.2014__#00-22-00_00-23-33_label_A,train,data/raw/xd-violence/data/swin_rgb/1-1004/Brick.Mansions.2014__#00-22-00_00-23-33_label_A.npy,35,0,
Brick.Mansions.2014__#00-25-26_00-25-47_label_A,train,data/raw/xd-violence/data/swin_rgb/1-1004/Brick.Mansions.2014__#00-25-26_00-25-47_label_A.npy,8,0,
Brick.Mansions.2014__#00-32-30_00-33-20_label_A,train,data/raw/xd-violence/data/swin_rgb/1-1004/Brick.Mansions.2014__#00-32-30_00-33-20_label_A.npy,19,0,
Brick.Mansions.2014__#00-35-46_00-36-04_label_B1-0-0,train,data/raw/xd-violence/data/swin_rgb/1-1004/Brick.Mansions.2014__#00-35-46_00-36-04_label_B1-0-0.npy,7,1,fighting
Brick.Mansions.2014__#00-37-48_00-38-48_label_B1-0-0,train,data/raw/xd-violence/data/swin_rgb/1-1004/Brick.Mansions.2014__#00-37-48_00-38-48_label_B1-0-0.npy,23,1,fighting
Brick.Mansions.2014__#00-38-48_00-39-22_label_A,train,data/raw/xd-violence/data/swin_rgb/1-1004/Brick.Mansions.2014__#00-38-48_00-39-22_label_A.npy,13,0,
Brick.Mansions.2014__#00-40-15_00-40-55_label_B6-0-0,train,data/raw/xd-violence/data/swin_rgb/1-1004/Brick.Mansions.2014__#00-40-15_00-40-55_label_B6-0-0.npy,15,1,car_accident
Brick.Mansions.2014__#00-44-28_00-44-46_label_B1-0-0,train,data/raw/xd-violence/data/swin_rgb/1-1004/Brick.Mansions.2014__#00-44-28_00-44-46_label_B1-0-0.npy,7,1,fighting
Brick.Mansions.2014__#00-44-56_00-46-38_label_A,train,data/raw/xd-violence/data/swin_rgb/1-1004/Brick.Mansions.2014__#00-44-56_00-46-38_label_A.npy,39,0,
Brick.Mansions.2014__#00-47-11_00-48-52_label_B1-0-0,train,data/raw/xd-violence/data/swin_rgb/1-1004/Brick.Mansions.2014__#00-47-11_00-48-52_label_B1-0-0.npy,38,1,fighting
Brick.Mansions.2014__#00-53-40_00-55-05_label_A,train,data/raw/xd-violence/data/swin_rgb/1-1004/Brick.Mansions.2014__#00-53-40_00-55-05_label_A.npy,32,0,
Brick.Mansions.2014__#00-58-05_00-58-57_label_B2-B1-0,train,data/raw/xd-violence/data/swin_rgb/1-1004/Brick.Mansions.2014__#00-58-05_00-58-57_label_B2-B1-0.npy,20,1,shooting|fighting
Brick.Mansions.2014__#00-59-15_00-59-39_label_B1-0-0,train,data/raw/xd-violence/data/swin_rgb/1-1004/Brick.Mansions.2014__#00-59-15_00-59-39_label_B1-0-0.npy,9,1,fighting
Brick.Mansions.2014__#01-02-45_01-03-18_label_B1-0-0,train,data/raw/xd-violence/data/swin_rgb/1-1004/Brick.Mansions.2014__#01-02-45_01-03-18_label_B1-0-0.npy,13,1,fighting
Brick.Mansions.2014__#01-09-47_01-11-55_label_B1-0-0,train,data/raw/xd-violence/data/swin_rgb/1-1004/Brick.Mansions.2014__#01-09-47_01-11-55_label_B1-0-0.npy,48,1,fighting
Brick.Mansions.2014__#01-15-01_01-16-45_label_B1-0-0,train,data/raw/xd-violence/data/swin_rgb/1-1004/Brick.Mansions.2014__#01-15-01_01-16-45_label_B1-0-0.npy,39,1,fighting
Brick.Mansions.2014__#01-17-29_01-18-33_label_A,train,data/raw/xd-violence/data/swin_rgb/1-1004/Brick.Mansions.2014__#01-17-29_01-18-33_label_A.npy,24,0,
Brick.Mansions.2014__#01-18-33_01-19-39_label_B4-B1-0,train,data/raw/xd-violence/data/swin_rgb/1-1004/Brick.Mansions.2014__#01-18-33_01-19-39_label_B4-B1-0.npy,25,1,riot|fighting
Brick.Mansions.2014__#01-22-49_01-24-59_label_A,train,data/raw/xd-violence/data/swin_rgb/1-1004/Brick.Mansions.2014__#01-22-49_01-24-59_label_A.npy,49,0,
Bullet.in.the.Head.1990__#00-02-50_00-03-55_label_B1-0-0,train,data/raw/xd-violence/data/swin_rgb/1-1004/Bullet.in.the.Head.1990__#00-02-50_00-03-55_label_B1-0-0.npy,25,1,fighting
Bullet.in.the.Head.1990__#00-04-41_00-06-12_label_B1-0-0,train,data/raw/xd-violence/data/swin_rgb/1-1004/Bullet.in.the.Head.1990__#00-04-41_00-06-12_label_B1-0-0.npy,35,1,fighting
Bullet.in.the.Head.1990__#00-06-13_00-07-41_label_A,train,data/raw/xd-violence/data/swin_rgb/1-1004/Bullet.in.the.Head.1990__#00-06-13_00-07-41_label_A.npy,34,0,
Bullet.in.the.Head.1990__#00-10-30_00-11-45_label_B1-0-0,train,data/raw/xd-violence/data/swin_rgb/1-1004/Bullet.in.the.Head.1990__#00-10-30_00-11-45_label_B1-0-0.npy,29,1,fighting
Bullet.in.the.Head.1990__#00-11-50_00-12-33_label_A,train,data/raw/xd-violence/data/swin_rgb/1-1004/Bullet.in.the.Head.1990__#00-11-50_00-12-33_label_A.npy,17,0,
Bullet.in.the.Head.1990__#00-21-30_00-23-30_label_B4-B1-G,train,data/raw/xd-violence/data/swin_rgb/1-1004/Bullet.in.the.Head.1990__#00-21-30_00-23-30_label_B4-B1-G.npy,46,1,riot|fighting|explosion
Bullet.in.the.Head.1990__#00-26-20_00-28-45_label_G-B2-0,train,data/raw/xd-violence/data/swin_rgb/1-1004/Bullet.in.the.Head.1990__#00-26-20_00-28-45_label_G-B2-0.npy,55,1,explosion|shooting
Bullet.in.the.Head.1990__#00-28-50_00-31-20_label_B4-B2-B1,train,data/raw/xd-violence/data/swin_rgb/1-1004/Bullet.in.the.Head.1990__#00-28-50_00-31-20_label_B4-B2-B1.npy,57,1,riot|shooting|fighting
Bullet.in.the.Head.1990__#00-31-50_00-33-20_label_A,train,data/raw/xd-violence/data/swin_rgb/1-1004/Bullet.in.the.Head.1990__#00-31-50_00-33-20_label_A.npy,34,0,
Bullet.in.the.Head.1990__#00-36-00_00-37-14_label_B2-0-0,train,data/raw/xd-violence/data/swin_rgb/1-1004/Bullet.in.the.Head.1990__#00-36-00_00-37-14_label_B2-0-0.npy,28,1,shooting
Bullet.in.the.Head.1990__#00-39-01_00-41-00_label_B2-0-0,train,data/raw/xd-violence/data/swin_rgb/1-1004/Bullet.in.the.Head.1990__#00-39-01_00-41-00_label_B2-0-0.npy,45,1,shooting
Bullet.in.the.Head.1990__#00-45-00_00-46-20_label_B2-B1-0,train,data/raw/xd-violence/data/swin_rgb/1-1004/Bullet.in.the.Head.1990__#00-45-00_00-46-20_label_B2-B1-0.npy,31,1,shooting|fighting
Bullet.in.the.Head.1990__#00-46-24_00-48-52_label_A,train,data/raw/xd-violence/data/swin_rgb/1-1004/Bullet.in.the.Head.1990__#00-46-24_00-48-52_label_A.npy,56,0,
Bullet.in.the.Head.1990__#00-48-53_00-51-45_label_A,train,data/raw/xd-violence/data/swin_rgb/1-1004/Bullet.in.the.Head.1990__#00-48-53_00-51-45_label_A.npy,65,0,
Bullet.in.the.Head.1990__#00-52-55_00-54-30_label_B1-B2-G,train,data/raw/xd-violence/data/swin_rgb/1-1004/Bullet.in.the.Head.1990__#00-52-55_00-54-30_label_B1-B2-G.npy,36,1,fighting|shooting|explosion
Bullet.in.the.Head.1990__#00-54-31_00-56-50_label_B2-B5-G,train,data/raw/xd-violence/data/swin_rgb/1-1004/Bullet.in.the.Head.1990__#00-54-31_00-56-50_label_B2-B5-G.npy,53,1,shooting|abuse|explosion
Bullet.in.the.Head.1990__#00-56-51_00-57-52_label_A,train,data/raw/xd-violence/data/swin_rgb/1-1004/Bullet.in.the.Head.1990__#00-56-51_00-57-52_label_A.npy,23,0,
Bullet.in.the.Head.1990__#00-57-53_01-00-57_label_G-B2-0,train,data/raw/xd-violence/data/swin_rgb/1-1004/Bullet.in.the.Head.1990__#00-57-53_01-00-57_label_G-B2-0.npy,70,1,explosion|shooting
Bullet.in.the.Head.1990__#01-01-11_01-04-01_label_G-B2-0,train,data/raw/xd-violence/data/swin_rgb/1-1004/Bullet.in.the.Head.1990__#01-01-11_01-04-01_label_G-B2-0.npy,64,1,explosion|shooting
Bullet.in.the.Head.1990__#01-04-23_01-06-11_label_A,train,data/raw/xd-violence/data/swin_rgb/1-1004/Bullet.in.the.Head.1990__#01-04-23_01-06-11_label_A.npy,41,0,
Bullet.in.the.Head.1990__#01-07-01_01-10-00_label_B2-G-0,train,data/raw/xd-violence/data/swin_rgb/1-1004/Bullet.in.the.Head.1990__#01-07-01_01-10-00_label_B2-G-0.npy,68,1,shooting|explosion
Bullet.in.the.Head.1990__#01-12-20_01-13-40_label_A,train,data/raw/xd-violence/data/swin_rgb/1-1004/Bullet.in.the.Head.1990__#01-12-20_01-13-40_label_A.npy,31,0,
Bullet.in.the.Head.1990__#01-13-41_01-16-02_label_B2-G-0,train,data/raw/xd-violence/data/swin_rgb/1-1004/Bullet.in.the.Head.1990__#01-13-41_01-16-02_label_B2-G-0.npy,53,1,shooting|explosion
Bullet.in.the.Head.1990__#01-16-04_01-17-30_label_B2-G-0,train,data/raw/xd-violence/data/swin_rgb/1-1004/Bullet.in.the.Head.1990__#01-16-04_01-17-30_label_B2-G-0.npy,33,1,shooting|explosion
Bullet.in.the.Head.1990__#01-17-31_01-18-22_label_A,train,data/raw/xd-violence/data/swin_rgb/1-1004/Bullet.in.the.Head.1990__#01-17-31_01-18-22_label_A.npy,20,0,
Bullet.in.the.Head.1990__#01-19-10_01-21-30_label_B2-B5-0,train,data/raw/xd-violence/data/swin_rgb/1-1004/Bullet.in.the.Head.1990__#01-19-10_01-21-30_label_B2-B5-0.npy,53,1,shooting|abuse
Bullet.in.the.Head.1990__#01-21-37_01-25-26_label_B2-0-0,train,data/raw/xd-violence/data/swin_rgb/1-1004/Bullet.in.the.Head.1990__#01-21-37_01-25-26_label_B2-0-0.npy,86,1,shooting
Bullet.in.the.Head.1990__#01-28-30_01-33-00_label_B2-G-0,train,data/raw/xd-violence/data/swin_rgb/1-1004/Bullet.in.the.Head.1990__#01-28-30_01-33-00_label_B2-G-0.npy,102,1,shooting|explosion
Bullet.in.the.Head.1990__#01-33-02_01-35-40_label_B2-G-0,train,data/raw/xd-violence/data/swin_rgb/1-1004/Bullet.in.the.Head.1990__#01-33-02_01-35-40_label_B2-G-0.npy,60,1,shooting|explosion
Bullet.in.the.Head.1990__#01-36-00_01-38-33_label_B2-G-0,train,data/raw/xd-violence/data/swin_rgb/1-1004/Bullet.in.the.Head.1990__#01-36-00_01-38-33_label_B2-G-0.npy,58,1,shooting|explosion
Bullet.in.the.Head.1990__#01-39-10_01-40-55_label_A,train,data/raw/xd-violence/data/swin_rgb/1-1004/Bullet.in.the.Head.1990__#01-39-10_01-40-55_label_A.npy,40,0,
Bullet.in.the.Head.1990__#01-40-59_01-42-05_label_A,train,data/raw/xd-violence/data/swin_rgb/1-1004/Bullet.in.the.Head.1990__#01-40-59_01-42-05_label_A.npy,25,0,
Bullet.in.the.Head.1990__#01-42-30_01-43-30_label_B2-0-0,train,data/raw/xd-violence/data/swin_rgb/1-1004/Bullet.in.the.Head.1990__#01-42-30_01-43-30_label_B2-0-0.npy,23,1,shooting
Bullet.in.the.Head.1990__#01-44-20_01-45-20_label_A,train,data/raw/xd-violence/data/swin_rgb/1-1004/Bullet.in.the.Head.1990__#01-44-20_01-45-20_label_A.npy,23,0,
Bullet.in.the.Head.1990__#01-46-45_01-47-50_label_B5-B2-0,train,data/raw/xd-violence/data/swin_rgb/1-1004/Bullet.in.the.Head.1990__#01-46-45_01-47-50_label_B5-B2-0.npy,25,1,abuse|shooting
Bullet.in.the.Head.1990__#01-48-01_01-50-20_label_A,train,data/raw/xd-violence/data/swin_rgb/1-1004/Bullet.in.the.Head.1990__#01-48-01_01-50-20_label_A.npy,53,0,
Bullet.in.the.Head.1990__#01-52-56_01-54-05_label_G-B2-0,train,data/raw/xd-violence/data/swin_rgb/1-1004/Bullet.in.the.Head.1990__#01-52-56_01-54-05_label_G-B2-0.npy,26,1,explosion|shooting
Bullet.in.the.Head.1990__#01-54-10_01-55-41_label_A,train,data/raw/xd-violence/data/swin_rgb/1-1004/Bullet.in.the.Head.1990__#01-54-10_01-55-41_label_A.npy,35,0,
Bullet.in.the.Head.1990__#01-55-45_01-57-12_label_A,train,data/raw/xd-violence/data/swin_rgb/1-1004/Bullet.in.the.Head.1990__#01-55-45_01-57-12_label_A.npy,33,0,
Bullet.in.the.Head.1990__#01-59-31_02-01-50_label_B6-B2-G,train,data/raw/xd-violence/data/swin_rgb/1-1004/Bullet.in.the.Head.1990__#01-59-31_02-01-50_label_B6-B2-G.npy,53,1,car_accident|shooting|explosion
Bullet.in.the.Head.1990__#02-05-23_02-06-45_label_G-B2-0,train,data/raw/xd-violence/data/swin_rgb/1-1004/Bullet.in.the.Head.1990__#02-05-23_02-06-45_label_G-B2-0.npy,31,1,explosion|shooting
Bullet.in.the.Head.1990__#02-06-50_02-09-20_label_B2-0-0,train,data/raw/xd-violence/data/swin_rgb/1-1004/Bullet.in.the.Head.1990__#02-06-50_02-09-20_label_B2-0-0.npy,57,1,shooting
City.Of.Men.2007__#00-11-30_00-12-02_label_B1-0-0,train,data/raw/xd-violence/data/swin_rgb/1-1004/City.Of.Men.2007__#00-11-30_00-12-02_label_B1-0-0.npy,13,1,fighting
City.Of.Men.2007__#00-24-29_00-25-30_label_B1-0-0,train,data/raw/xd-violence/data/swin_rgb/1-1004/City.Of.Men.2007__#00-24-29_00-25-30_label_B1-0-0.npy,23,1,fighting
City.Of.Men.2007__#00-26-43_00-27-53_label_A,train,data/raw/xd-violence/data/swin_rgb/1-1004/City.Of.Men.2007__#00-26-43_00-27-53_label_A.npy,27,0,
City.Of.Men.2007__#00-53-50_00-54-30_label_B2-0-0,train,data/raw/xd-violence/data/swin_rgb/1-1004/City.Of.Men.2007__#00-53-50_00-54-30_label_B2-0-0.npy,16,1,shooting
City.Of.Men.2007__#00-54-31_00-55-31_label_A,train,data/raw/xd-violence/data/swin_rgb/1-1004/City.Of.Men.2007__#00-54-31_00-55-31_label_A.npy,23,0,
City.Of.Men.2007__#01-09-40_01-10-20_label_B2-0-0,train,data/raw/xd-violence/data/swin_rgb/1-1004/City.Of.Men.2007__#01-09-40_01-10-20_label_B2-0-0.npy,16,1,shooting
City.Of.Men.2007__#01-10-21_01-11-35_label_A,train,data/raw/xd-violence/data/swin_rgb/1-1004/City.Of.Men.2007__#01-10-21_01-11-35_label_A.npy,28,0,
City.Of.Men.2007__#01-30-15_01-31-37_label_B2-B6-0,train,data/raw/xd-violence/data/swin_rgb/1-1004/City.Of.Men.2007__#01-30-15_01-31-37_label_B2-B6-0.npy,31,1,shooting|car_accident
City.Of.Men.2007__#01-33-01_01-34-12_label_A,train,data/raw/xd-violence/data/swin_rgb/1-1004/City.Of.Men.2007__#01-33-01_01-34-12_label_A.npy,27,0,
City.Of.Men.2007__#01-34-30_01-35-11_label_B2-0-0,train,data/raw/xd-violence/data/swin_rgb/1-1004/City.Of.Men.2007__#01-34-30_01-35-11_label_B2-0-0.npy,16,1,shooting
City.of.God.2002__#00-02-50_00-03-25_label_B2-0-0,train,data/raw/xd-violence/data/swin_rgb/1-1004/City.of.God.2002__#00-02-50_00-03-25_label_B2-0-0.npy,14,1,shooting
City.of.God.2002__#00-03-54_00-04-32_label_A,train,data/raw/xd-violence/data/swin_rgb/1-1004/City.of.God.2002__#00-03-54_00-04-32_label_A.npy,15,0,
City.of.God.2002__#00-06-10_00-07-01_label_B1-0-0,train,data/raw/xd-violence/data/swin_rgb/1-1004/City.of.God.2002__#00-06-10_00-07-01_label_B1-0-0.npy,20,1,fighting
City.of.God.2002__#00-19-34_00-20-05_label_B2-B5-0,train,data/raw/xd-violence/data/swin_rgb/1-1004/City.of.God.2002__#00-19-34_00-20-05_label_B2-B5-0.npy,12,1,shooting|abuse
City.of.God.2002__#00-21-02_00-22-10_label_A,train,data/raw/xd-violence/data/swin_rgb/1-1004/City.of.God.2002__#00-21-02_00-22-10_label_A.npy,26,0,
City.of.God.2002__#00-27-11_00-28-05_label_B5-0-0,train,data/raw/xd-violence/data/swin_rgb/1-1004/City.of.God.2002__#00-27-11_00-28-05_label_B5-0-0.npy,21,1,abuse
City.of.God.2002__#00-31-35_00-32-30_label_B2-0-0,train,data/raw/xd-violence/data/swin_rgb/1-1004/City.of.God.2002__#00-31-35_00-32-30_label_B2-0-0.npy,21,1,shooting
City.of.God.2002__#00-34-55_00-35-50_label_A,train,data/raw/xd-violence/data/swin_rgb/1-1004/City.of.God.2002__#00-34-55_00-35-50_label_A.npy,21,0,
City.of.God.2002__#00-38-48_00-39-30_label_B2-0-0,train,data/raw/xd-violence/data/swin_rgb/1-1004/City.of.God.2002__#00-38-48_00-39-30_label_B2-0-0.npy,16,1,shooting
City.of.God.2002__#00-42-00_00-43-02_label_B2-0-0,train,data/raw/xd-violence/data/swin_rgb/1-1004/City.of.God.2002__#00-42-00_00-43-02_label_B2-0-0.npy,24,1,shooting
City.of.God.2002__#00-44-06_00-45-30_label_A,train,data/raw/xd-violence/data/swin_rgb/1-1004/City.of.God.2002__#00-44-06_00-45-30_label_A.npy,32,0,
City.of.God.2002__#00-45-31_00-47-11_label_B2-0-0,train,data/raw/xd-violence/data/swin_rgb/1-1004/City.of.God.2002__#00-45-31_00-47-11_label_B2-0-0.npy,38,1,shooting
City.of.God.2002__#00-48-31_00-49-18_label_A,train,data/raw/xd-violence/data/swin_rgb/1-1004/City.of.God.2002__#00-48-31_00-49-18_label_A.npy,18,0,
City.of.God.2002__#00-49-19_00-50-05_label_A,train,data/raw/xd-violence/data/swin_rgb/1-1004/City.of.God.2002__#00-49-19_00-50-05_label_A.npy,18,0,
City.of.God.2002__#00-54-17_00-55-05_label_B2-0-0,train,data/raw/xd-violence/data/swin_rgb/1-1004/City.of.God.2002__#00-54-17_00-55-05_label_B2-0-0.npy,18,1,shooting
City.of.God.2002__#00-55-06_00-56-12_label_A,train,data/raw/xd-violence/data/swin_rgb/1-1004/City.of.God.2002__#00-55-06_00-56-12_label_A.npy,25,0,
City.of.God.2002__#00-58-51_00-59-52_label_A,train,data/raw/xd-violence/data/swin_rgb/1-1004/City.of.God.2002__#00-58-51_00-59-52_label_A.npy,23,0,
City.of.God.2002__#00-59-55_01-02-35_label_B5-B2-0,train,data/raw/xd-violence/data/swin_rgb/1-1004/City.of.God.2002__#00-59-55_01-02-35_label_B5-B2-0.npy,61,1,abuse|shooting
City.of.God.2002__#01-02-36_01-04-02_label_A,train,data/raw/xd-violence/data/swin_rgb/1-1004/City.of.God.2002__#01-02-36_01-04-02_label_A.npy,33,0,
City.of.God.2002__#01-09-11_01-10-35_label_B5-0-0,train,data/raw/xd-violence/data/swin_rgb/1-1004/City.of.God.2002__#01-09-11_01-10-35_label_B5-0-0.npy,32,1,abuse
City.of.God.2002__#01-10-36_01-11-40_label_A,train,data/raw/xd-violence/data/swin_rgb/1-1004/City.of.God.2002__#01-10-36_01-11-40_label_A.npy,25,0,
City.of.God.2002__#01-23-10_01-24-00_label_B1-0-0,train,data/raw/xd-violence/data/swin_rgb/1-1004/City.of.God.2002__#01-23-10_01-24-00_label_B1-0-0.npy,19,1,fighting
City.of.God.2002__#01-26-21_01-27-25_label_B2-0-0,train,data/raw/xd-violence/data/swin_rgb/1-1004/City.of.God.2002__#01-26-21_01-27-25_label_B2-0-0.npy,25,1,shooting
City.of.God.2002__#01-27-26_01-28-48_label_A,train,data/raw/xd-violence/data/swin_rgb/1-1004/City.of.God.2002__#01-27-26_01-28-48_label_A.npy,31,0,
City.of.God.2002__#01-32-31_01-33-11_label_B2-0-0,train,data/raw/xd-violence/data/swin_rgb/1-1004/City.of.God.2002__#01-32-31_01-33-11_label_B2-0-0.npy,16,1,shooting
City.of.God.2002__#01-33-30_01-34-50_label_B2-0-0,train,data/raw/xd-violence/data/swin_rgb/1-1004/City.of.God.2002__#01-33-30_01-34-50_label_B2-0-0.npy,31,1,shooting
City.of.God.2002__#01-34-52_01-35-26_label_A,train,data/raw/xd-violence/data/swin_rgb/1-1004/City.of.God.2002__#01-34-52_01-35-26_label_A.npy,13,0,
City.of.God.2002__#01-35-27_01-36-12_label_B2-0-0,train,data/raw/xd-violence/data/swin_rgb/1-1004/City.of.God.2002__#01-35-27_01-36-12_label_B2-0-0.npy,17,1,shooting
City.of.God.2002__#01-37-13_01-38-30_label_G-B2-0,train,data/raw/xd-violence/data/swin_rgb/1-1004/City.of.God.2002__#01-37-13_01-38-30_label_G-B2-0.npy,29,1,explosion|shooting
City.of.God.2002__#01-38-31_01-39-00_label_B2-0-0,train,data/raw/xd-violence/data/swin_rgb/1-1004/City.of.God.2002__#01-38-31_01-39-00_label_B2-0-0.npy,11,1,shooting
City.of.God.2002__#01-54-15_01-56-20_label_B2-B6-0,train,data/raw/xd-violence/data/swin_rgb/1-1004/City.of.God.2002__#01-54-15_01-56-20_label_B2-B6-0.npy,47,1,shooting|car_accident
City.of.God.2002__#01-56-21_01-57-30_label_B2-0-0,train,data/raw/xd-violence/data/swin_rgb/1-1004/City.of.God.2002__#01-56-21_01-57-30_label_B2-0-0.npy,26,1,shooting
City.of.God.2002__#02-00-11_02-01-40_label_B2-0-0,train,data/raw/xd-violence/data/swin_rgb/1-1004/City.of.God.2002__#02-00-11_02-01-40_label_B2-0-0.npy,34,1,shooting
Crank.Dircut.2006__#0-29-02_0-29-32_label_B2-0-0,train,data/raw/xd-violence/data/swin_rgb/1-1004/Crank.Dircut.2006__#0-29-02_0-29-32_label_B2-0-0.npy,12,1,shooting
Crank.Dircut.2006__#0-41-11_0-42-10_label_B6-0-0,train,data/raw/xd-violence/data/swin_rgb/1-1004/Crank.Dircut.2006__#0-41-11_0-42-10_label_B6-0-0.npy,23,1,car_accident
Crank.Dircut.2006__#01-01-10_01-02-01_label_B2-0-0,train,data/raw/xd-violence/data/swin_rgb/1-1004/Crank.Dircut.2006__#01-01-10_01-02-01_label_B2-0-0.npy,20,1,shooting
Crank.Dircut.2006__#01-02-04_01-02-32_label_B2-0-0,train,data/raw/xd-violence/data/swin_rgb/1-1004/Crank.Dircut.2006__#01-02-04_01-02-32_label_B2-0-0.npy,11,1,shooting
Crank.Dircut.2006__#01-03-52_01-04-23_label_B2-0-0,train,data/raw/xd-violence/data/swin_rgb/1-1004/Crank.Dircut.2006__#01-03-52_01-04-23_label_B2-0-0.npy,12,1,shooting
Crank.Dircut.2006__#01-04-45_01-05-36_label_B2-0-0,train,data/raw/xd-violence/data/swin_rgb/1-1004/Crank.Dircut.2006__#01-04-45_01-05-36_label_B2-0-0.npy,20,1,shooting
Crank.Dircut.2006__#01-06-54_01-07-05_label_B6-B2-0,train,data/raw/xd-violence/data/swin_rgb/1-1004/Crank.Dircut.2006__#01-06-54_01-07-05_label_B6-B2-0.npy,5,1,car_accident|shooting
Crank.Dircut.2006__#01-13-35_01-14-35_label_A,train,data/raw/xd-violence/data/swin_rgb/1-1004/Crank.Dircut.2006__#01-13-35_01-14-35_label_A.npy,23,0,
Crank.Dircut.2006__#01-20-35_01-23-33_label_B2-0-0,train,data/raw/xd-violence/data/swin_rgb/1-1004/Crank.Dircut.2006__#01-20-35_01-23-33_label_B2-0-0.npy,67,1,shooting
Deadpool.2.2018__#0-01-55_0-02-34_label_G-0-0,train,data/raw/xd-violence/data/swin_rgb/1-1004/Deadpool.2.2018__#0-01-55_0-02-34_label_G-0-0.npy,15,1,explosion
Deadpool.2.2018__#0-03-38_0-03-50_label_B2-0-0,train,data/raw/xd-violence/data/swin_rgb/1-1004/Deadpool.2.2018__#0-03-38_0-03-50_label_B2-0-0.npy,5,1,shooting
Deadpool.2.2018__#0-04-03_0-04-45_label_B1-B2-0,train,data/raw/xd-violence/data/swin_rgb/1-1004/Deadpool.2.2018__#0-04-03_0-04-45_label_B1-B2-0.npy,16,1,fighting|shooting
Deadpool.2.2018__#0-05-27_0-07-58_label_B1-B2-0,train,data/raw/xd-violence/data/swin_rgb/1-1004/Deadpool.2.2018__#0-05-27_0-07-58_label_B1-B2-0.npy,57,1,fighting|shooting
Deadpool.2.2018__#0-09-10_0-10-50_label_A,train,data/raw/xd-violence/data/swin_rgb/1-1004/Deadpool.2.2018__#0-09-10_0-10-50_label_A.npy,38,0,
Deadpool.2.2018__#0-14-23_0-16-20_label_B1-B2-0,train,data/raw/xd-violence/data/swin_rgb/1-1004/Deadpool.2.2018__#0-14-23_0-16-20_label_B1-B2-0.npy,44,1,fighting|shooting
Deadpool.2.2018__#0-19-38_0-21-41_label_A,train,data/raw/xd-violence/data/swin_rgb/1-1004/Deadpool.2.2018__#0-19-38_0-21-41_label_A.npy,47,0,
Deadpool.2.2018__#0-24-44_0-25-20_label_A,train,data/raw/xd-violence/data/swin_rgb/1-1004/Deadpool.2.2018__#0-24-44_0-25-20_label_A.npy,14,0,
Deadpool.2.2018__#0-52-40_0-53-06_label_G-0-0,train,data/raw/xd-violence/data/swin_rgb/1-1004/Deadpool.2.2018__#0-52-40_0-53-06_label_G-0-0.npy,10,1,explosion
Deadpool.2.2018__#0-55-12_0-56-27_label_B1-B2-0,train,data/raw/xd-violence/data/swin_rgb/1-1004/Deadpool.2.2018__#0-55-12_0-56-27_label_B1-B2-0.npy,29,1,fighting|shooting
Deadpool.2.2018__#0-57-55_0-59-15_label_B1-0-0,train,data/raw/xd-violence/data/swin_rgb/1-1004/Deadpool.2.2018__#0-57-55_0-59-15_label_B1-0-0.npy,31,1,fighting
Deadpool.2.2018__#0-59-16_0-59-23_label_G-0-0,train,data/raw/xd-violence/data/swin_rgb/1-1004/Deadpool.2.2018__#0-59-16_0-59-23_label_G-0-0.npy,3,1,explosion
Deadpool.2.2018__#01-12-12_01-12-50_label_A,train,data/raw/xd-violence/data/swin_rgb/1-1004/Deadpool.2.2018__#01-12-12_01-12-50_label_A.npy,15,0,
Deadpool.2.2018__#01-15-32_01-15-58_label_B6-G-0,train,data/raw/xd-violence/data/swin_rgb/1-1004/Deadpool.2.2018__#01-15-32_01-15-58_label_B6-G-0.npy,10,1,car_accident|explosion
Deadpool.2.2018__#01-16-32_01-16-51_label_G-B6-0,train,data/raw/xd-violence/data/swin_rgb/1-1004/Deadpool.2.2018__#01-16-32_01-16-51_label_G-B6-0.npy,8,1,explosion|car_accident
Deadpool.2.2018__#01-37-54_01-38-07_label_G-0-0,train,data/raw/xd-violence/data/swin_rgb/1-1004/Deadpool.2.2018__#01-37-54_01-38-07_label_G-0-0.npy,5,1,explosion
Deadpool.2.2018__#01-42-58_01-43-15_label_B1-0-0,train,data/raw/xd-violence/data/swin_rgb/1-1004/Deadpool.2.2018__#01-42-58_01-43-15_label_B1-0-0.npy,7,1,fighting
Deadpool.2.2018__#02-05-32_02-05-55_label_A,train,data/raw/xd-violence/data/swin_rgb/1-1004/Deadpool.2.2018__#02-05-32_02-05-55_label_A.npy,9,0,
Deadpool.2016__#0-06-50_0-08-49_label_B1-B2-B6,train,data/raw/xd-violence/data/swin_rgb/1-1004/Deadpool.2016__#0-06-50_0-08-49_label_B1-B2-B6.npy,45,1,fighting|shooting|car_accident
Deadpool.2016__#0-08-50_0-09-11_label_B6-0-0,train,data/raw/xd-violence/data/swin_rgb/1-1004/Deadpool.2016__#0-08-50_0-09-11_label_B6-0-0.npy,8,1,car_accident
Deadpool.2016__#0-10-14_0-12-16_label_B2-0-0,train,data/raw/xd-violence/data/swin_rgb/1-1004/Deadpool.2016__#0-10-14_0-12-16_label_B2-0-0.npy,46,1,shooting
Deadpool.2016__#0-12-18_0-12-28_label_G-0-0,train,data/raw/xd-violence/data/swin_rgb/1-1004/Deadpool.2016__#0-12-18_0-12-28_label_G-0-0.npy,4,1,explosion
Deadpool.2016__#0-13-36_0-14-22_label_B1-0-0,train,data/raw/xd-violence/data/swin_rgb/1-1004/Deadpool.2016__#0-13-36_0-14-22_label_B1-0-0.npy,18,1,fighting
Deadpool.2016__#0-17-08_0-17-52_label_A,train,data/raw/xd-violence/data/swin_rgb/1-1004/Deadpool.2016__#0-17-08_0-17-52_label_A.npy,17,0,
Deadpool.2016__#0-27-11_0-27-48_label_A,train,data/raw/xd-violence/data/swin_rgb/1-1004/Deadpool.2016__#0-27-11_0-27-48_label_A.npy,14,0,
Deadpool.2016__#0-28-34_0-29-54_label_B1-0-0,train,data/raw/xd-violence/data/swin_rgb/1-1004/Deadpool.2016__#0-28-34_0-29-54_label_B1-0-0.npy,31,1,fighting
Deadpool.2016__#0-30-17_0-31-51_label_A,train,data/raw/xd-violence/data/swin_rgb/1-1004/Deadpool.2016__#0-30-17_0-31-51_label_A.npy,36,0,
Deadpool.2016__#0-52-22_0-53-30_label_G-0-0,train,data/raw/xd-violence/data/swin_rgb/1-1004/Deadpool.2016__#0-52-22_0-53-30_label_G-0-0.npy,26,1,explosion
Deadpool.2016__#0-53-31_0-55-31_label_B1-0-0,train,data/raw/xd-violence/data/swin_rgb/1-1004/Deadpool.2016__#0-53-31_0-55-31_label_B1-0-0.npy,46,1,fighting
Deadpool.2016__#01-00-11_01-00-24_label_B1-0-0,train,data/raw/xd-violence/data/swin_rgb/1-1004/Deadpool.2016__#01-00-11_01-00-24_label_B1-0-0.npy,5,1,fighting
Deadpool.2016__#01-00-24_01-00-35_label_B2-0-0,train,data/raw/xd-violence/data/swin_rgb/1-1004/Deadpool.2016__#01-00-24_01-00-35_label_B2-0-0.npy,5,1,shooting
Deadpool.2016__#01-01-24_01-01-39_label_B2-B1-0,train,data/raw/xd-violence/data/swin_rgb/1-1004/Deadpool.2016__#01-01-24_01-01-39_label_B2-B1-0.npy,6,1,shooting|fighting
Deadpool.2016__#01-01-44_01-01-54_label_B1-0-0,train,data/raw/xd-violence/data/swin_rgb/1-1004/Deadpool.2016__#01-01-44_01-01-54_label_B1-0-0.npy,4,1,fighting
Deadpool.2016__#01-02-43_01-03-01_label_B1-B2-0,train,data/raw/xd-violence/data/swin_rgb/1-1004/Deadpool.2016__#01-02-43_01-03-01_label_B1-B2-0.npy,7,1,fighting|shooting
Deadpool.2016__#01-18-13_01-20-20_label_A,train,data/raw/xd-violence/data/swin_rgb/1-1004/Deadpool.2016__#01-18-13_01-20-20_label_A.npy,48,0,
Deadpool.2016__#01-22-32_01-22-41_label_B2-0-0,train,data/raw/xd-violence/data/swin_rgb/1-1004/Deadpool.2016__#01-22-32_01-22-41_label_B2-0-0.npy,4,1,shooting
Deadpool.2016__#01-24-30_01-24-40_label_B1-B2-0,train,data/raw/xd-violence/data/swin_rgb/1-1004/Deadpool.2016__#01-24-30_01-24-40_label_B1-B2-0.npy,4,1,fighting|shooting
Deadpool.2016__#01-27-52_01-28-33_label_B1-0-0,train,data/raw/xd-violence/data/swin_rgb/1-1004/Deadpool.2016__#01-27-52_01-28-33_label_B1-0-0.npy,16,1,fighting
Deadpool.2016__#01-28-50_01-29-52_label_B1-0-0,train,data/raw/xd-violence/data/swin_rgb/1-1004/Deadpool.2016__#01-28-50_01-29-52_label_B1-0-0.npy,24,1,fighting
Deadpool.2016__#01-33-21_01-34-25_label_B1-0-0,train,data/raw/xd-violence/data/swin_rgb/1-1004/Deadpool.2016__#01-33-21_01-34-25_label_B1-0-0.npy,25,1,fighting
Deadpool.2016__#01-36-22_01-37-45_label_A,train,data/raw/xd-violence/data/swin_rgb/1-1004/Deadpool.2016__#01-36-22_01-37-45_label_A.npy,32,0,
Deadpool.2016__#01-47-00_01-47-28_label_A,train,data/raw/xd-violence/data/swin_rgb/1-1004/Deadpool.2016__#01-47-00_01-47-28_label_A.npy,11,0,
Death.Proof.2007__#00-06-20_00-08-55_label_A,train,data/raw/xd-violence/data/swin_rgb/1-1004/Death.Proof.2007__#00-06-20_00-08-55_label_A.npy,59,0,
Death.Proof.2007__#00-09-12_00-13-12_label_A,train,data/raw/xd-violence/data/swin_rgb/1-1004/Death.Proof.2007__#00-09-12_00-13-12_label_A.npy,91,0,
Death.Proof.2007__#00-13-52_00-16-22_label_A,train,data/raw/xd-violence/data/swin_rgb/1-1004/Death.Proof.2007__#00-13-52_00-16-22_label_A.npy,57,0,
Death.Proof.2007__#00-50-18_00-51-44_label_B6-0-0,train,data/raw/xd-violence/data/swin_rgb/1-1004/Death.Proof.2007__#00-50-18_00-51-44_label_B6-0-0.npy,33,1,car_accident
Death.Proof.2007__#00-53-22_00-55-45_label_A,train,data/raw/xd-violence/data/swin_rgb/1-1004/Death.Proof.2007__#00-53-22_00-55-45_label_A.npy,54,0,
Death.Proof.2007__#01-32-22_01-37-50_label_B6-0-0,train,data/raw/xd-violence/data/swin_rgb/1-1004/Death.Proof.2007__#01-32-22_01-37-50_label_B6-0-0.npy,124,1,car_accident
Death.Proof.2007__#01-38-04_01-38-25_label_B2-0-0,train,data/raw/xd-violence/data/swin_rgb/1-1004/Death.Proof.2007__#01-38-04_01-38-25_label_B2-0-0.npy,8,1,shooting
Death.Proof.2007__#01-38-30_01-40-16_label_A,train,data/raw/xd-violence/data/swin_rgb/1-1004/Death.Proof.2007__#01-38-30_01-40-16_label_A.npy,40,0,
Death.Proof.2007__#01-42-24_01-48-28_label_B6-0-0,train,data/raw/xd-violence/data/swin_rgb/1-1004/Death.Proof.2007__#01-42-24_01-48-28_label_B6-0-0.npy,137,1,car_accident
Death.Proof.2007__#01-48-30_01-49-26_label_B5-0-0,train,data/raw/xd-violence/data/swin_rgb/1-1004/Death.Proof.2007__#01-48-30_01-49-26_label_B5-0-0.npy,21,1,abuse
Desperado.1995__#00-00-00_00-03-38_label_A,train,data/raw/xd-violence/data/swin_rgb/1-1004/Desperado.1995__#00-00-00_00-03-38_label_A.npy,82,0,
Desperado.1995__#00-04-53_00-07-53_label_B1-B2-0,train,data/raw/xd-violence/data/swin_rgb/1-1004/Desperado.1995__#00-04-53_00-07-53_label_B1-B2-0.npy,68,1,fighting|shooting
Desperado.1995__#00-12-36_00-14-51_label_A,train,data/raw/xd-violence/data/swin_rgb/1-1004/Desperado.1995__#00-12-36_00-14-51_label_A.npy,51,0,
Desperado.1995__#00-22-12_00-23-56_label_A,train,data/raw/xd-violence/data/swin_rgb/1-1004/Desperado.1995__#00-22-12_00-23-56_label_A.npy,40,0,
Desperado.1995__#00-27-45_00-28-07_label_B2-0-0,train,data/raw/xd-violence/data/swin_rgb/1-1004/Desperado.1995__#00-27-45_00-28-07_label_B2-0-0.npy,9,1,shooting
Desperado.1995__#00-31-12_00-37-04_label_B1-B2-0,train,data/raw/xd-violence/data/swin_rgb/1-1004/Desperado.1995__#00-31-12_00-37-04_label_B1-B2-0.npy,133,1,fighting|shooting
Desperado.1995__#00-38-05_00-38-30_label_B6-0-0,train,data/raw/xd-violence/data/swin_rgb/1-1004/Desperado.1995__#00-38-05_00-38-30_label_B6-0-0.npy,10,1,car_accident
Desperado.1995__#00-46-34_00-47-46_label_A,train,data/raw/xd-violence/data/swin_rgb/1-1004/Desperado.1995__#00-46-34_00-47-46_label_A.npy,28,0,
Desperado.1995__#00-50-55_00-52-02_label_A,train,data/raw/xd-violence/data/swin_rgb/1-1004/Desperado.1995__#00-50-55_00-52-02_label_A.npy,26,0,
Desperado.1995__#00-54-16_00-56-20_label_B1-B2-0,train,data/raw/xd-violence/data/swin_rgb/1-1004/Desperado.1995__#00-54-16_00-56-20_label_B1-B2-0.npy,47,1,fighting|shooting
Desperado.1995__#01-20-31_01-21-27_label_B2-0-0,train,data/raw/xd-violence/data/swin_rgb/1-1004/Desperado.1995__#01-20-31_01-21-27_label_B2-0-0.npy,22,1,shooting
Desperado.1995__#01-27-37_01-31-55_label_B2-G-0,train,data/raw/xd-violence/data/swin_rgb/1-1004/Desperado.1995__#01-27-37_01-31-55_label_B2-G-0.npy,97,1,shooting|explosion
Desperado.1995__#01-36-33_01-37-50_label_A,train,data/raw/xd-violence/data/swin_rgb/1-1004/Desperado.1995__#01-36-33_01-37-50_label_A.npy,29,0,
Election.2005__#00-05-30_00-06-56_label_A,train,data/raw/xd-violence/data/swin_rgb/1-1004/Election.2005__#00-05-30_00-06-56_label_A.npy,33,0,
Election.2005__#00-15-23_00-17-02_label_A,train,data/raw/xd-violence/data/swin_rgb/1-1004/Election.2005__#00-15-23_00-17-02_label_A.npy,38,0,
Election.2005__#00-28-03_00-29-17_label_B1-0-0,train,data/raw/xd-violence/data/swin_rgb/1-1004/Election.2005__#00-28-03_00-29-17_label_B1-0-0.npy,28,1,fighting
Election.2005__#00-58-42_01-01-10_label_B1-B5-0,train,data/raw/xd-violence/data/swin_rgb/1-1004/Election.2005__#00-58-42_01-01-10_label_B1-B5-0.npy,56,1,fighting|abuse
Election.2005__#01-05-37_01-07-06_label_A,train,data/raw/xd-violence/data/swin_rgb/1-1004/Election.2005__#01-05-37_01-07-06_label_A.npy,34,0,
Election.2005__#01-08-01_01-09-04_label_B1-0-0,train,data/raw/xd-violence/data/swin_rgb/1-1004/Election.2005__#01-08-01_01-09-04_label_B1-0-0.npy,24,1,fighting
Election.2005__#01-12-58_01-14-11_label_A,train,data/raw/xd-violence/data/swin_rgb/1-1004/Election.2005__#01-12-58_01-14-11_label_A.npy,28,0,
Election.2005__#01-19-48_01-21-18_label_A,train,data/raw/xd-violence/data/swin_rgb/1-1004/Election.2005__#01-19-48_01-21-18_label_A.npy,34,0,
Election.2005__#01-24-22_01-25-44_label_B5-0-0,train,data/raw/xd-violence/data/swin_rgb/1-1004/Election.2005__#01-24-22_01-25-44_label_B5-0-0.npy,31,1,abuse
Election.2005__#01-30-35_01-34-07_label_B5-0-0,train,data/raw/xd-violence/data/swin_rgb/1-1004/Election.2005__#01-30-35_01-34-07_label_B5-0-0.npy,80,1,abuse
Fast.Five.2011__#00-00-50_00-01-20_label_A,train,data/raw/xd-violence/data/swin_rgb/1-1004/Fast.Five.2011__#00-00-50_00-01-20_label_A.npy,12,0,
Fast.Five.2011__#00-07-53_00-08-53_label_A,train,data/raw/xd-violence/data/swin_rgb/1-1004/Fast.Five.2011__#00-07-53_00-08-53_label_A.npy,23,0,
Fast.Five.2011__#00-16-27_00-16-40_label_G-0-0,train,data/raw/xd-violence/data/swin_rgb/1-1004/Fast.Five.2011__#00-16-27_00-16-40_label_G-0-0.npy,5,1,explosion
Fast.Five.2011__#00-23-05_00-24-44_label_A,train,data/raw/xd-violence/data/swin_rgb/1-1004/Fast.Five.2011__#00-23-05_00-24-44_label_A.npy,38,0,
Fast.Five.2011__#00-26-55_00-28-33_label_A,train,data/raw/xd-violence/data/swin_rgb/1-1004/Fast.Five.2011__#00-26-55_00-28-33_label_A.npy,37,0,
Fast.Five.2011__#00-30-33_00-31-13_label_B2-0-0,train,data/raw/xd-violence/data/swin_rgb/1-1004/Fast.Five.2011__#00-30-33_00-31-13_label_B2-0-0.npy,16,1,shooting
Fast.Five.2011__#00-31-50_00-32-05_label_B1-0-0,train,data/raw/xd-violence/data/swin_rgb/1-1004/Fast.Five.2011__#00-31-50_00-32-05_label_B1-0-0.npy,6,1,fighting
Fast.Five.2011__#00-32-24_00-32-39_label_B1-B2-0,train,data/raw/xd-violence/data/swin_rgb/1-1004/Fast.Five.2011__#00-32-24_00-32-39_label_B1-B2-0.npy,6,1,fighting|shooting
Fast.Five.2011__#00-35-08_00-36-50_label_A,train,data/raw/xd-violence/data/swin_rgb/1-1004/Fast.Five.2011__#00-35-08_00-36-50_label_A.npy,39,0,
Fast.Five.2011__#00-38-01_00-40-44_label_A,train,data/raw/xd-violence/data/swin_rgb/1-1004/Fast.Five.2011__#00-38-01_00-40-44_label_A.npy,62,0,
Fast.Five.2011__#00-42-00_00-45-37_label_A,train,data/raw/xd-violence/data/swin_rgb/1-1004/Fast.Five.2011__#00-42-00_00-45-37_label_A.npy,82,0,
Fast.Five.2011__#00-49-45_00-49-58_label_B1-0-0,train,data/raw/xd-violence/data/swin_rgb/1-1004/Fast.Five.2011__#00-49-45_00-49-58_label_B1-0-0.npy,5,1,fighting
Fast.Five.2011__#01-00-48_01-00-58_label_G-0-0,train,data/raw/xd-violence/data/swin_rgb/1-1004/Fast.Five.2011__#01-00-48_01-00-58_label_G-0-0.npy,4,1,explosion
Fast.Five.2011__#01-05-32_01-06-05_label_A,train,data/raw/xd-violence/data/swin_rgb/1-1004/Fast.Five.2011__#01-05-32_01-06-05_label_A.npy,13,0,
Fast.Five.2011__#01-06-30_01-06-53_label_A,train,data/raw/xd-violence/data/swin_rgb/1-1004/Fast.Five.2011__#01-06-30_01-06-53_label_A.npy,9,0,
Fast.Five.2011__#01-10-08_01-11-51_label_A,train,data/raw/xd-violence/data/swin_rgb/1-1004/Fast.Five.2011__#01-10-08_01-11-51_label_A.npy,39,0,
Fast.Five.2011__#01-32-48_01-33-22_label_B2-G-B6,train,data/raw/xd-violence/data/swin_rgb/1-1004/Fast.Five.2011__#01-32-48_01-33-22_label_B2-G-B6.npy,13,1,shooting|explosion|car_accident
Fast.Five.2011__#01-33-25_01-34-41_label_B2-G-0,train,data/raw/xd-violence/data/swin_rgb/1-1004/Fast.Five.2011__#01-33-25_01-34-41_label_B2-G-0.npy,29,1,shooting|explosion
Fast.Five.2011__#01-34-41_01-35-12_label_B2-0-0,train,data/raw/xd-violence/data/swin_rgb/1-1004/Fast.Five.2011__#01-34-41_01-35-12_label_B2-0-0.npy,12,1,shooting
Fast.Five.2011__#01-40-08_01-40-22_label_B2-0-0,train,data/raw/xd-violence/data/swin_rgb/1-1004/Fast.Five.2011__#01-40-08_01-40-22_label_B2-0-0.npy,6,1,shooting
Fast.Five.2011__#01-46-22_01-46-30_label_B6-0-0,train,data/raw/xd-violence/data/swin_rgb/1-1004/Fast.Five.2011__#01-46-22_01-46-30_label_B6-0-0.npy,3,1,car_accident
Fast.Five.2011__#01-47-02_01-47-34_label_B6-B2-0,train,data/raw/xd-violence/data/swin_rgb/1-1004/Fast.Five.2011__#01-47-02_01-47-34_label_B6-B2-0.npy,13,1,car_accident|shooting
Fast.Five.2011__#01-50-02_01-50-38_label_B6-0-0,train,data/raw/xd-violence/data/swin_rgb/1-1004/Fast.Five.2011__#01-50-02_01-50-38_label_B6-0-0.npy,14,1,car_accident
Fast.Five.2011__#01-50-50_01-51-37_label_B2-B6-0,train,data/raw/xd-violence/data/swin_rgb/1-1004/Fast.Five.2011__#01-50-50_01-51-37_label_B2-B6-0.npy,18,1,shooting|car_accident
Fast.Five.2011__#01-51-50_01-52-04_label_B2-0-0,train,data/raw/xd-violence/data/swin_rgb/1-1004/Fast.Five.2011__#01-51-50_01-52-04_label_B2-0-0.npy,6,1,shooting
Fast.Five.2011__#01-55-07_01-58-50_label_A,train,data/raw/xd-violence/data/swin_rgb/1-1004/Fast.Five.2011__#01-55-07_01-58-50_label_A.npy,84,0,
Fast.Furious.2009__#00-06-33_00-07-30_label_G-B6-0,train,data/raw/xd-violence/data/swin_rgb/1-1004/Fast.Furious.2009__#00-06-33_00-07-30_label_G-B6-0.npy,22,1,explosion|car_accident
Fast.Furious.2009__#00-08-56_00-10-39_label_A,train,data/raw/xd-violence/data/swin_rgb/1-1004/Fast.Furious.2009__#00-08-56_00-10-39_label_A.npy,39,0,
Fast.Furious.2009__#00-13-50_00-14-04_label_B2-0-0,train,data/raw/xd-violence/data/swin_rgb/1-1004/Fast.Furious.2009__#00-13-50_00-14-04_label_B2-0-0.npy,6,1,shooting
Fast.Furious.2009__#00-15-05_00-19-56_label_A,train,data/raw/xd-violence/data/swin_rgb/1-1004/Fast.Furious.2009__#00-15-05_00-19-56_label_A.npy,110,0,
Fast.Furious.2009__#00-22-36_00-24-00_label_A,train,data/raw/xd-violence/data/swin_rgb/1-1004/Fast.Furious.2009__#00-22-36_00-24-00_label_A.npy,32,0,
Fast.Furious.2009__#00-26-32_00-29-20_label_A,train,data/raw/xd-violence/data/swin_rgb/1-1004/Fast.Furious.2009__#00-26-32_00-29-20_label_A.npy,63,0,
Fast.Furious.2009__#00-29-26_00-30-14_label_B1-0-0,train,data/raw/xd-violence/data/swin_rgb/1-1004/Fast.Furious.2009__#00-29-26_00-30-14_label_B1-0-0.npy,18,1,fighting
Fast.Furious.2009__#00-51-30_00-53-14_label_A,train,data/raw/xd-violence/data/swin_rgb/1-1004/Fast.Furious.2009__#00-51-30_00-53-14_label_A.npy,40,0,
Fast.Furious.2009__#01-03-26_01-04-10_label_G-B2-B1,train,data/raw/xd-violence/data/swin_rgb/1-1004/Fast.Furious.2009__#01-03-26_01-04-10_label_G-B2-B1.npy,17,1,explosion|shooting|fighting
Fast.Furious.2009__#01-10-19_01-11-25_label_B1-0-0,train,data/raw/xd-violence/data/swin_rgb/1-1004/Fast.Furious.2009__#01-10-19_01-11-25_label_B1-0-0.npy,25,1,fighting
Fast.Furious.2009__#01-15-20_01-17-50_label_A,train,data/raw/xd-violence/data/swin_rgb/1-1004/Fast.Furious.2009__#01-15-20_01-17-50_label_A.npy,57,0,
Fast.Furious.2009__#01-19-19_01-20-50_label_A,train,data/raw/xd-violence/data/swin_rgb/1-1004/Fast.Furious.2009__#01-19-19_01-20-50_label_A.npy,35,0,
Fast.Furious.2009__#01-21-28_01-26-52_label_A,train,data/raw/xd-violence/data/swin_rgb/1-1004/Fast.Furious.2009__#01-21-28_01-26-52_label_A.npy,122,0,
Fast.Furious.2009__#01-35-00_01-35-48_label_B2-B6-B1,train,data/raw/xd-violence/data/swin_rgb/1-1004/Fast.Furious.2009__#01-35-00_01-35-48_label_B2-B6-B1.npy,19,1,shooting|car_accident|fighting
Flipped.2010__#00-01-45_00-02-50_label_A,train,data/raw/xd-violence/data/swin_rgb/1-1004/Flipped.2010__#00-01-45_00-02-50_label_A.npy,25,0,
Flipped.2010__#00-03-00_00-04-05_label_A,train,data/raw/xd-violence/data/swin_rgb/1-1004/Flipped.2010__#00-03-00_00-04-05_label_A.npy,25,0,
Flipped.2010__#00-11-00_00-15-08_label_A,train,data/raw/xd-violence/data/swin_rgb/1-1004/Flipped.2010__#00-11-00_00-15-08_label_A.npy,94,0,
Flipped.2010__#00-16-18_00-18-09_label_A,train,data/raw/xd-violence/data/swin_rgb/1-1004/Flipped.2010__#00-16-18_00-18-09_label_A.npy,42,0,
Flipped.2010__#00-18-18_00-20-09_label_A,train,data/raw/xd-violence/data/swin_rgb/1-1004/Flipped.2010__#00-18-18_00-20-09_label_A.npy,42,0,
Flipped.2010__#00-20-35_00-23-06_label_A,train,data/raw/xd-violence/data/swin_rgb/1-1004/Flipped.2010__#00-20-35_00-23-06_label_A.npy,57,0,
Flipped.2010__#00-23-50_00-24-31_label_A,train,data/raw/xd-violence/data/swin_rgb/1-1004/Flipped.2010__#00-23-50_00-24-31_label_A.npy,16,0,
Flipped.2010__#00-25-20_00-29-20_label_A,train,data/raw/xd-violence/data/swin_rgb/1-1004/Flipped.2010__#00-25-20_00-29-20_label_A.npy,91,0,
Flipped.2010__#00-31-05_00-32-05_label_A,train,data/raw/xd-violence/data/swin_rgb/1-1004/Flipped.2010__#00-31-05_00-32-05_label_A.npy,23,0,
Flipped.2010__#00-32-07_00-36-45_label_A,train,data/raw/xd-violence/data/swin_rgb/1-1004/Flipped.2010__#00-32-07_00-36-45_label_A.npy,105,0,
Flipped.2010__#00-37-40_00-40-31_label_A,train,data/raw/xd-violence/data/swin_rgb/1-1004/Flipped.2010__#00-37-40_00-40-31_label_A.npy,65,0,
Flipped.2010__#00-40-52_00-42-01_label_A,train,data/raw/xd-violence/data/swin_rgb/1-1004/Flipped.2010__#00-40-52_00-42-01_label_A.npy,26,0,
Flipped.2010__#00-47-55_00-49-50_label_A,train,data/raw/xd-violence/data/swin_rgb/1-1004/Flipped.2010__#00-47-55_00-49-50_label_A.npy,44,0,
Flipped.2010__#00-55-26_00-57-16_label_A,train,data/raw/xd-violence/data/swin_rgb/1-1004/Flipped.2010__#00-55-26_00-57-16_label_A.npy,42,0,
Flipped.2010__#00-57-20_00-58-17_label_A,train,data/raw/xd-violence/data/swin_rgb/1-1004/Flipped.2010__#00-57-20_00-58-17_label_A.npy,22,0,
Flipped.2010__#00-58-18_01-02-30_label_A,train,data/raw/xd-violence/data/swin_rgb/1-1004/Flipped.2010__#00-58-18_01-02-30_label_A.npy,95,0,
Flipped.2010__#01-02-40_01-06-51_label_A,train,data/raw/xd-violence/data/swin_rgb/1-1004/Flipped.2010__#01-02-40_01-06-51_label_A.npy,95,0,
Flipped.2010__#01-14-30_01-16-51_label_A,train,data/raw/xd-violence/data/swin_rgb/1-1004/Flipped.2010__#01-14-30_01-16-51_label_A.npy,53,0,
Flipped.2010__#01-17-03_01-20-51_label_A,train,data/raw/xd-violence/data/swin_rgb/1-1004/Flipped.2010__#01-17-03_01-20-51_label_A.npy,86,0,
Flipped.2010__#01-21-00_01-24-40_label_A,train,data/raw/xd-violence/data/swin_rgb/1-1004/Flipped.2010__#01-21-00_01-24-40_label_A.npy,83,0,
From.Dusk.Till.Dawn.1996__#00-00-36_00-04-16_label_A,train,data/raw/xd-violence/data/swin_rgb/1-1004/From.Dusk.Till.Dawn.1996__#00-00-36_00-04-16_label_A.npy,83,0,
From.Dusk.Till.Dawn.1996__#00-06-15_00-07-30_label_B2-0-0,train,data/raw/xd-violence/data/swin_rgb/1-1004/From.Dusk.Till.Dawn.1996__#00-06-15_00-07-30_label_B2-0-0.npy,29,1,shooting
From.Dusk.Till.Dawn.1996__#00-09-15_00-10-31_label_G-0-0,train,data/raw/xd-violence/data/swin_rgb/1-1004/From.Dusk.Till.Dawn.1996__#00-09-15_00-10-31_label_G-0-0.npy,29,1,explosion
From.Dusk.Till.Dawn.1996__#00-17-24_00-20-39_label_A,train,data/raw/xd-violence/data/swin_rgb/1-1004/From.Dusk.Till.Dawn.1996__#00-17-24_00-20-39_label_A.npy,74,0,
From.Dusk.Till.Dawn.1996__#00-24-13_00-24-42_label_B1-0-0,train,data/raw/xd-violence/data/swin_rgb/1-1004/From.Dusk.Till.Dawn.1996__#00-24-13_00-24-42_label_B1-0-0.npy,11,1,fighting
Fury.2014__#00-01-50_00-02-58_label_A,train,data/raw/xd-violence/data/swin_rgb/1-1004/Fury.2014__#00-01-50_00-02-58_label_A.npy,26,0,
Fury.2014__#00-09-04_00-10-42_label_A,train,data/raw/xd-violence/data/swin_rgb/1-1004/Fury.2014__#00-09-04_00-10-42_label_A.npy,37,0,
Fury.2014__#00-17-40_00-18-35_label_B1-0-0,train,data/raw/xd-violence/data/swin_rgb/1-1004/Fury.2014__#00-17-40_00-18-35_label_B1-0-0.npy,21,1,fighting
Fury.2014__#00-20-27_00-21-57_label_A,train,data/raw/xd-violence/data/swin_rgb/1-1004/Fury.2014__#00-20-27_00-21-57_label_A.npy,34,0,
Fury.2014__#00-23-40_00-24-42_label_B2-G-0,train,data/raw/xd-violence/data/swin_rgb/1-1004/Fury.2014__#00-23-40_00-24-42_label_B2-G-0.npy,24,1,shooting|explosion
Fury.2014__#00-27-12_00-28-42_label_A,train,data/raw/xd-violence/data/swin_rgb/1-1004/Fury.2014__#00-27-12_00-28-42_label_A.npy,34,0,
Fury.2014__#00-31-22_00-35-11_label_B2-G-0,train,data/raw/xd-violence/data/swin_rgb/1-1004/Fury.2014__#00-31-22_00-35-11_label_B2-G-0.npy,86,1,shooting|explosion
Fury.2014__#00-41-33_00-43-12_label_A,train,data/raw/xd-violence/data/swin_rgb/1-1004/Fury.2014__#00-41-33_00-43-12_label_A.npy,38,0,
Fury.2014__#00-46-02_00-48-53_label_B2-G-0,train,data/raw/xd-violence/data/swin_rgb/1-1004/Fury.2014__#00-46-02_00-48-53_label_B2-G-0.npy,65,1,shooting|explosion
Fury.2014__#00-56-10_00-57-38_label_A,train,data/raw/xd-violence/data/swin_rgb/1-1004/Fury.2014__#00-56-10_00-57-38_label_A.npy,34,0,
Fury.2014__#00-57-48_00-58-12_label_B2-G-0,train,data/raw/xd-violence/data/swin_rgb/1-1004/Fury.2014__#00-57-48_00-58-12_label_B2-G-0.npy,10,1,shooting|explosion
Fury.2014__#01-14-49_01-15-52_label_G-0-0,train,data/raw/xd-violence/data/swin_rgb/1-1004/Fury.2014__#01-14-49_01-15-52_label_G-0-0.npy,24,1,explosion
Fury.2014__#01-17-16_01-18-40_label_A,train,data/raw/xd-violence/data/swin_rgb/1-1004/Fury.2014__#01-17-16_01-18-40_label_A.npy,32,0,
Fury.2014__#01-18-45_01-24-14_label_B2-G-0,train,data/raw/xd-violence/data/swin_rgb/1-1004/Fury.2014__#01-18-45_01-24-14_label_B2-G-0.npy,124,1,shooting|explosion
Fury.2014__#01-24-39_01-26-24_label_A,train,data/raw/xd-violence/data/swin_rgb/1-1004/Fury.2014__#01-24-39_01-26-24_label_A.npy,40,0,
Fury.2014__#01-27-52_01-30-09_label_A,train,data/raw/xd-violence/data/swin_rgb/1-1004/Fury.2014__#01-27-52_01-30-09_label_A.npy,52,0,
Fury.2014__#01-42-02_01-47-12_label_B2-G-0,train,data/raw/xd-violence/data/swin_rgb/1-1004/Fury.2014__#01-42-02_01-47-12_label_B2-G-0.npy,117,1,shooting|explosion
Fury.2014__#01-48-19_01-56-29_label_B2-G-0,train,data/raw/xd-violence/data/swin_rgb/1-1004/Fury.2014__#01-48-19_01-56-29_label_B2-G-0.npy,184,1,shooting|explosion
Fury.2014__#01-58-01_01-59-04_label_B2-G-0,train,data/raw/xd-violence/data/swin_rgb/1-1004/Fury.2014__#01-58-01_01-59-04_label_B2-G-0.npy,24,1,shooting|explosion
Fury.2014__#02-04-03_02-05-57_label_A,train,data/raw/xd-violence/data/swin_rgb/1-1004/Fury.2014__#02-04-03_02-05-57_label_A.npy,43,0,
Gladiator.2000__#00-02-03_00-04-28_label_A,train,data/raw/xd-violence/data/swin_rgb/1-1004/Gladiator.2000__#00-02-03_00-04-28_label_A.npy,55,0,
Gladiator.2000__#00-13-32_00-14-40_label_A,train,data/raw/xd-violence/data/swin_rgb/1-1004/Gladiator.2000__#00-13-32_00-14-40_label_A.npy,26,0,
Gladiator.2000__#00-23-08_00-23-42_label_B1-0-0,train,data/raw/xd-violence/data/swin_rgb/1-1004/Gladiator.2000__#00-23-08_00-23-42_label_B1-0-0.npy,13,1,fighting
Gladiator.2000__#00-25-57_00-27-16_label_A,train,data/raw/xd-violence/data/swin_rgb/1-1004/Gladiator.2000__#00-25-57_00-27-16_label_A.npy,30,0,
Gladiator.2000__#00-41-25_00-42-45_label_B1-0-0,train,data/raw/xd-violence/data/swin_rgb/1-1004/Gladiator.2000__#00-41-25_00-42-45_label_B1-0-0.npy,31,1,fighting
Gladiator.2000__#00-59-29_01-02-19_label_B1-0-0,train,data/raw/xd-violence/data/swin_rgb/1-1004/Gladiator.2000__#00-59-29_01-02-19_label_B1-0-0.npy,64,1,fighting
Gladiator.2000__#01-02-57_01-04-54_label_A,train,data/raw/xd-violence/data/swin_rgb/1-1004/Gladiator.2000__#01-02-57_01-04-54_label_A.npy,44,0,
Gladiator.2000__#01-13-12_01-15-48_label_A,train,data/raw/xd-violence/data/swin_rgb/1-1004/Gladiator.2000__#01-13-12_01-15-48_label_A.npy,59,0,
Gladiator.2000__#01-27-58_01-29-40_label_A,train,data/raw/xd-violence/data/swin_rgb/1-1004/Gladiator.2000__#01-27-58_01-29-40_label_A.npy,39,0,
Gladiator.2000__#01-32-15_01-37-06_label_B1-0-0,train,data/raw/xd-violence/data/swin_rgb/1-1004/Gladiator.2000__#01-32-15_01-37-06_label_B1-0-0.npy,110,1,fighting
Gladiator.2000__#01-44-18_01-46-14_label_A,train,data/raw/xd-violence/data/swin_rgb/1-1004/Gladiator.2000__#01-44-18_01-46-14_label_A.npy,44,0,
Gladiator.2000__#01-55-09_01-59-36_label_B1-0-0,train,data/raw/xd-violence/data/swin_rgb/1-1004/Gladiator.2000__#01-55-09_01-59-36_label_B1-0-0.npy,101,1,fighting
Gladiator.2000__#02-08-45_02-10-17_label_A,train,data/raw/xd-violence/data/swin_rgb/1-1004/Gladiator.2000__#02-08-45_02-10-17_label_A.npy,35,0,
Gladiator.2000__#02-35-38_02-38-52_label_B1-0-0,train,data/raw/xd-violence/data/swin_rgb/1-1004/Gladiator.2000__#02-35-38_02-38-52_label_B1-0-0.npy,73,1,fighting
God.Bless.America.2011__#00-02-00_00-02-25_label_B2-0-0,train,data/raw/xd-violence/data/swin_rgb/1-1004/God.Bless.America.2011__#00-02-00_00-02-25_label_B2-0-0.npy,10,1,shooting
God.Bless.America.2011__#00-06-59_00-12-23_label_A,train,data/raw/xd-violence/data/swin_rgb/1-1004/God.Bless.America.2011__#00-06-59_00-12-23_label_A.npy,122,0,
God.Bless.America.2011__#00-14-02_00-18-05_label_A,train,data/raw/xd-violence/data/swin_rgb/1-1004/God.Bless.America.2011__#00-14-02_00-18-05_label_A.npy,92,0,
God.Bless.America.2011__#00-20-55_00-22-32_label_A,train,data/raw/xd-violence/data/swin_rgb/1-1004/God.Bless.America.2011__#00-20-55_00-22-32_label_A.npy,37,0,
God.Bless.America.2011__#00-42-23_00-45-12_label_A,train,data/raw/xd-violence/data/swin_rgb/1-1004/God.Bless.America.2011__#00-42-23_00-45-12_label_A.npy,64,0,
God.Bless.America.2011__#00-48-15_00-49-11_label_B2-0-0,train,data/raw/xd-violence/data/swin_rgb/1-1004/God.Bless.America.2011__#00-48-15_00-49-11_label_B2-0-0.npy,22,1,shooting
God.Bless.America.2011__#00-52-07_00-53-55_label_B2-0-0,train,data/raw/xd-violence/data/swin_rgb/1-1004/God.Bless.America.2011__#00-52-07_00-53-55_label_B2-0-0.npy,41,1,shooting
God.Bless.America.2011__#00-54-15_00-56-05_label_A,train,data/raw/xd-violence/data/swin_rgb/1-1004/God.Bless.America.2011__#00-54-15_00-56-05_label_A.npy,42,0,
God.Bless.America.2011__#01-08-47_01-09-21_label_B2-0-0,train,data/raw/xd-violence/data/swin_rgb/1-1004/God.Bless.America.2011__#01-08-47_01-09-21_label_B2-0-0.npy,13,1,shooting
God.Bless.America.2011__#01-11-54_01-13-00_label_A,train,data/raw/xd-violence/data/swin_rgb/1-1004/God.Bless.America.2011__#01-11-54_01-13-00_label_A.npy,25,0,
God.Bless.America.2011__#01-13-20_01-15-05_label_B2-B6-0,train,data/raw/xd-violence/data/swin_rgb/1-1004/God.Bless.America.2011__#01-13-20_01-15-05_label_B2-B6-0.npy,40,1,shooting|car_accident
God.Bless.America.2011__#01-15-20_01-16-40_label_A,train,data/raw/xd-violence/data/swin_rgb/1-1004/God.Bless.America.2011__#01-15-20_01-16-40_label_A.npy,31,0,
God.Bless.America.2011__#01-17-10_01-20-20_label_A,train,data/raw/xd-violence/data/swin_rgb/1-1004/God.Bless.America.2011__#01-17-10_01-20-20_label_A.npy,72,0,
God.Bless.America.2011__#01-21-50_01-22-35_label_B1-0-0,train,data/raw/xd-violence/data/swin_rgb/1-1004/God.Bless.America.2011__#01-21-50_01-22-35_label_B1-0-0.npy,17,1,fighting
God.Bless.America.2011__#01-33-26_01-35-50_label_B2-0-0,train,data/raw/xd-violence/data/swin_rgb/1-1004/God.Bless.America.2011__#01-33-26_01-35-50_label_B2-0-0.npy,55,1,shooting
God.Bless.America.2011__#01-38-25_01-39-20_label_B2-0-0,train,data/raw/xd-violence/data/swin_rgb/1-1004/God.Bless.America.2011__#01-38-25_01-39-20_label_B2-0-0.npy,21,1,shooting
GoldenEye.1995__#00-03-13_00-04-35_label_A,train,data/raw/xd-violence/data/swin_rgb/1-1004/GoldenEye.1995__#00-03-13_00-04-35_label_A.npy,31,0,
GoldenEye.1995__#00-05-41_00-07-32_label_B2-G-0,train,data/raw/xd-violence/data/swin_rgb/1-1004/GoldenEye.1995__#00-05-41_00-07-32_label_B2-G-0.npy,42,1,shooting|explosion
GoldenEye.1995__#00-08-07_00-09-04_label_B2-0-0,train,data/raw/xd-violence/data/swin_rgb/1-1004/GoldenEye.1995__#00-08-07_00-09-04_label_B2-0-0.npy,22,1,shooting
GoldenEye.1995__#00-17-21_00-20-35_label_A,train,data/raw/xd-violence/data/swin_rgb/1-1004/GoldenEye.1995__#00-17-21_00-20-35_label_A.npy,73,0,
GoldenEye.1995__#00-25-13_00-25-45_label_A,train,data/raw/xd-violence/data/swin_rgb/1-1004/GoldenEye.1995__#00-25-13_00-25-45_label_A.npy,13,0,
GoldenEye.1995__#00-26-45_00-27-14_label_B2-0-0,train,data/raw/xd-violence/data/swin_rgb/1-1004/GoldenEye.1995__#00-26-45_00-27-14_label_B2-0-0.npy,11,1,shooting
GoldenEye.1995__#00-28-54_00-31-08_label_A,train,data/raw/xd-violence/data/swin_rgb/1-1004/GoldenEye.1995__#00-28-54_00-31-08_label_A.npy,51,0,
GoldenEye.1995__#00-33-26_00-34-08_label_B2-0-0,train,data/raw/xd-violence/data/swin_rgb/1-1004/GoldenEye.1995__#00-33-26_00-34-08_label_B2-0-0.npy,16,1,shooting
GoldenEye.1995__#00-35-26_00-35-44_label_B2-0-0,train,data/raw/xd-violence/data/swin_rgb/1-1004/GoldenEye.1995__#00-35-26_00-35-44_label_B2-0-0.npy,7,1,shooting
GoldenEye.1995__#00-36-26_00-38-25_label_A,train,data/raw/xd-violence/data/swin_rgb/1-1004/GoldenEye.1995__#00-36-26_00-38-25_label_A.npy,45,0,
GoldenEye.1995__#00-39-57_00-41-32_label_G-0-0,train,data/raw/xd-violence/data/swin_rgb/1-1004/GoldenEye.1995__#00-39-57_00-41-32_label_G-0-0.npy,36,1,explosion
GoldenEye.1995__#00-45-43_00-48-10_label_A,train,data/raw/xd-violence/data/swin_rgb/1-1004/GoldenEye.1995__#00-45-43_00-48-10_label_A.npy,56,0,
GoldenEye.1995__#00-49-11_00-50-25_label_A,train,data/raw/xd-violence/data/swin_rgb/1-1004/GoldenEye.1995__#00-49-11_00-50-25_label_A.npy,28,0,
GoldenEye.1995__#00-51-14_00-52-39_label_A,train,data/raw/xd-violence/data/swin_rgb/1-1004/GoldenEye.1995__#00-51-14_00-52-39_label_A.npy,32,0,
GoldenEye.1995__#00-52-42_00-52-59_label_G-0-0,train,data/raw/xd-violence/data/swin_rgb/1-1004/GoldenEye.1995__#00-52-42_00-52-59_label_G-0-0.npy,7,1,explosion
GoldenEye.1995__#01-12-02_01-12-44_label_G-0-0,train,data/raw/xd-violence/data/swin_rgb/1-1004/GoldenEye.1995__#01-12-02_01-12-44_label_G-0-0.npy,16,1,explosion
GoldenEye.1995__#01-14-10_01-16-51_label_A,train,data/raw/xd-violence/data/swin_rgb/1-1004/GoldenEye.1995__#01-14-10_01-16-51_label_A.npy,61,0,
GoldenEye.1995__#01-21-56_01-23-18_label_G-B2-B6,train,data/raw/xd-violence/data/swin_rgb/1-1004/GoldenEye.1995__#01-21-56_01-23-18_label_G-B2-B6.npy,31,1,explosion|shooting|car_accident
GoldenEye.1995__#01-25-54_01-26-53_label_A,train,data/raw/xd-violence/data/swin_rgb/1-1004/GoldenEye.1995__#01-25-54_01-26-53_label_A.npy,23,0,
GoldenEye.1995__#01-28-03_01-28-24_label_G-0-0,train,data/raw/xd-violence/data/swin_rgb/1-1004/GoldenEye.1995__#01-28-03_01-28-24_label_G-0-0.npy,8,1,explosion
GoldenEye.1995__#01-33-05_01-33-39_label_G-0-0,train,data/raw/xd-violence/data/swin_rgb/1-1004/GoldenEye.1995__#01-33-05_01-33-39_label_G-0-0.npy,13,1,explosion
GoldenEye.1995__#01-35-37_01-39-00_label_A,train,data/raw/xd-violence/data/swin_rgb/1-1004/GoldenEye.1995__#01-35-37_01-39-00_label_A.npy,77,0,
GoldenEye.1995__#01-43-18_01-44-30_label_B1-B2-G,train,data/raw/xd-violence/data/swin_rgb/1-1004/GoldenEye.1995__#01-43-18_01-44-30_label_B1-B2-G.npy,28,1,fighting|shooting|explosion
GoldenEye.1995__#01-49-17_01-49-50_label_B2-0-0,train,data/raw/xd-violence/data/swin_rgb/1-1004/GoldenEye.1995__#01-49-17_01-49-50_label_B2-0-0.npy,13,1,shooting
GoldenEye.1995__#01-52-20_01-53-15_label_A,train,data/raw/xd-violence/data/swin_rgb/1-1004/GoldenEye.1995__#01-52-20_01-53-15_label_A.npy,21,0,
GoldenEye.1995__#01-55-46_01-56-22_label_G-0-0,train,data/raw/xd-violence/data/swin_rgb/1-1004/GoldenEye.1995__#01-55-46_01-56-22_label_G-0-0.npy,14,1,explosion
GoldenEye.1995__#01-57-47_01-58-28_label_B2-0-0,train,data/raw/xd-violence/data/swin_rgb/1-1004/GoldenEye.1995__#01-57-47_01-58-28_label_B2-0-0.npy,16,1,shooting
GoldenEye.1995__#01-59-47_02-00-39_label_B1-0-0,train,data/raw/xd-violence/data/swin_rgb/1-1004/GoldenEye.1995__#01-59-47_02-00-39_label_B1-0-0.npy,20,1,fighting
GoldenEye.1995__#02-05-18_02-06-13_label_A,train,data/raw/xd-violence/data/swin_rgb/1-1004/GoldenEye.1995__#02-05-18_02-06-13_label_A.npy,21,0,
Good.Will.Hunting.1997__#00-01-45_00-02-50_label_A,train,data/raw/xd-violence/data/swin_rgb/1-1004/Good.Will.Hunting.1997__#00-01-45_00-02-50_label_A.npy,25,0,
Good.Will.Hunting.1997__#00-03-00_00-04-05_label_A,train,data/raw/xd-violence/data/swin_rgb/1-1004/Good.Will.Hunting.1997__#00-03-00_00-04-05_label_A.npy,25,0,
Good.Will.Hunting.1997__#00-04-20_00-05-35_label_A,train,data/raw/xd-violence/data/swin_rgb/1-1004/Good.Will.Hunting.1997__#00-04-20_00-05-35_label_A.npy,29,0,
Good.Will.Hunting.1997__#00-05-52_00-08-22_label_A,train,data/raw/xd-violence/data/swin_rgb/1-1004/Good.Will.Hunting.1997__#00-05-52_00-08-22_label_A.npy,57,0,
Good.Will.Hunting.1997__#00-12-45_00-15-08_label_A,train,data/raw/xd-violence/data/swin_rgb/1-1004/Good.Will.Hunting.1997__#00-12-45_00-15-08_label_A.npy,54,0,
Good.Will.Hunting.1997__#00-16-18_00-18-09_label_A,train,data/raw/xd-violence/data/swin_rgb/1-1004/Good.Will.Hunting.1997__#00-16-18_00-18-09_label_A.npy,42,0,
Good.Will.Hunting.1997__#00-20-35_00-23-06_label_A,train,data/raw/xd-violence/data/swin_rgb/1-1004/Good.Will.Hunting.1997__#00-20-35_00-23-06_label_A.npy,57,0,
Good.Will.Hunting.1997__#00-23-50_00-24-31_label_A,train,data/raw/xd-violence/data/swin_rgb/1-1004/Good.Will.Hunting.1997__#00-23-50_00-24-31_label_A.npy,16,0,
Good.Will.Hunting.1997__#00-25-20_00-29-20_label_A,train,data/raw/xd-violence/data/swin_rgb/1-1004/Good.Will.Hunting.1997__#00-25-20_00-29-20_label_A.npy,91,0,
Good.Will.Hunting.1997__#00-31-05_00-32-05_label_A,train,data/raw/xd-violence/data/swin_rgb/1-1004/Good.Will.Hunting.1997__#00-31-05_00-32-05_label_A.npy,23,0,
Good.Will.Hunting.1997__#00-32-07_00-35-00_label_A,train,data/raw/xd-violence/data/swin_rgb/1-1004/Good.Will.Hunting.1997__#00-32-07_00-35-00_label_A.npy,65,0,
Good.Will.Hunting.1997__#00-35-50_00-40-31_label_A,train,data/raw/xd-violence/data/swin_rgb/1-1004/Good.Will.Hunting.1997__#00-35-50_00-40-31_label_A.npy,106,0,
Good.Will.Hunting.1997__#00-42-52_00-45-31_label_A,train,data/raw/xd-violence/data/swin_rgb/1-1004/Good.Will.Hunting.1997__#00-42-52_00-45-31_label_A.npy,60,0,
Good.Will.Hunting.1997__#00-45-40_00-47-30_label_A,train,data/raw/xd-violence/data/swin_rgb/1-1004/Good.Will.Hunting.1997__#00-45-40_00-47-30_label_A.npy,42,0,
Good.Will.Hunting.1997__#00-50-26_00-55-16_label_A,train,data/raw/xd-violence/data/swin_rgb/1-1004/Good.Will.Hunting.1997__#00-50-26_00-55-16_label_A.npy,109,0,
Good.Will.Hunting.1997__#00-57-20_00-58-17_label_A,train,data/raw/xd-violence/data/swin_rgb/1-1004/Good.Will.Hunting.1997__#00-57-20_00-58-17_label_A.npy,22,0,
Good.Will.Hunting.1997__#01-07-50_01-14-05_label_A,train,data/raw/xd-violence/data/swin_rgb/1-1004/Good.Will.Hunting.1997__#01-07-50_01-14-05_label_A.npy,141,0,
Good.Will.Hunting.1997__#01-14-30_01-16-59_label_A,train,data/raw/xd-violence/data/swin_rgb/1-1004/Good.Will.Hunting.1997__#01-14-30_01-16-59_label_A.npy,56,0,
Good.Will.Hunting.1997__#01-17-00_01-21-50_label_A,train,data/raw/xd-violence/data/swin_rgb/1-1004/Good.Will.Hunting.1997__#01-17-00_01-21-50_label_A.npy,109,0,
Good.Will.Hunting.1997__#01-27-20_01-29-40_label_A,train,data/raw/xd-violence/data/swin_rgb/1-1004/Good.Will.Hunting.1997__#01-27-20_01-29-40_label_A.npy,53,0,
Good.Will.Hunting.1997__#01-33-18_01-36-11_label_A,train,data/raw/xd-violence/data/swin_rgb/1-1004/Good.Will.Hunting.1997__#01-33-18_01-36-11_label_A.npy,65,0,
Good.Will.Hunting.1997__#01-39-05_01-41-00_label_A,train,data/raw/xd-violence/data/swin_rgb/1-1004/Good.Will.Hunting.1997__#01-39-05_01-41-00_label_A.npy,44,0,
Good.Will.Hunting.1997__#01-42-06_01-45-53_label_A,train,data/raw/xd-violence/data/swin_rgb/1-1004/Good.Will.Hunting.1997__#01-42-06_01-45-53_label_A.npy,86,0,
Good.Will.Hunting.1997__#01-46-20_01-48-10_label_A,train,data/raw/xd-violence/data/swin_rgb/1-1004/Good.Will.Hunting.1997__#01-46-20_01-48-10_label_A.npy,42,0,
Good.Will.Hunting.1997__#01-50-50_01-52-00_label_A,train,data/raw/xd-violence/data/swin_rgb/1-1004/Good.Will.Hunting.1997__#01-50-50_01-52-00_label_A.npy,27,0,
Good.Will.Hunting.1997__#01-52-20_01-58-00_label_A,train,data/raw/xd-violence/data/swin_rgb/1-1004/Good.Will.Hunting.1997__#01-52-20_01-58-00_label_A.npy,128,0,
Good.Will.Hunting.1997__#01-58-20_02-01-10_label_A,train,data/raw/xd-violence/data/swin_rgb/1-1004/Good.Will.Hunting.1997__#01-58-20_02-01-10_label_A.npy,64,0,
Haywire.2011__#00-05-37_00-07-13_label_A,train,data/raw/xd-violence/data/swin_rgb/1-1004/Haywire.2011__#00-05-37_00-07-13_label_A.npy,36,0,
Haywire.2011__#00-17-28_00-18-39_label_A,train,data/raw/xd-violence/data/swin_rgb/1-1004/Haywire.2011__#00-17-28_00-18-39_label_A.npy,27,0,
Haywire.2011__#00-22-13_00-23-53_label_A,train,data/raw/xd-violence/data/swin_rgb/1-1004/Haywire.2011__#00-22-13_00-23-53_label_A.npy,38,0,
Haywire.2011__#00-43-46_00-45-00_label_A,train,data/raw/xd-violence/data/swin_rgb/1-1004/Haywire.2011__#00-43-46_00-45-00_label_A.npy,28,0,
Haywire.2011__#00-51-18_00-51-53_label_B1-0-0,train,data/raw/xd-violence/data/swin_rgb/1-1004/Haywire.2011__#00-51-18_00-51-53_label_B1-0-0.npy,14,1,fighting
Haywire.2011__#01-03-19_01-04-02_label_B2-0-0,train,data/raw/xd-violence/data/swin_rgb/1-1004/Haywire.2011__#01-03-19_01-04-02_label_B2-0-0.npy,17,1,shooting
Haywire.2011__#01-05-21_01-06-37_label_A,train,data/raw/xd-violence/data/swin_rgb/1-1004/Haywire.2011__#01-05-21_01-06-37_label_A.npy,29,0,
Haywire.2011__#01-11-54_01-15-57_label_B1-B2-0,train,data/raw/xd-violence/data/swin_rgb/1-1004/Haywire.2011__#01-11-54_01-15-57_label_B1-B2-0.npy,92,1,fighting|shooting
Haywire.2011__#01-16-30_01-18-01_label_A,train,data/raw/xd-violence/data/swin_rgb/1-1004/Haywire.2011__#01-16-30_01-18-01_label_A.npy,35,0,
Hear.Me.2009__#00-01-45_00-04-15_label_A,train,data/raw/xd-violence/data/swin_rgb/1-1004/Hear.Me.2009__#00-01-45_00-04-15_label_A.npy,57,0,
Hear.Me.2009__#00-04-20_00-06-05_label_A,train,data/raw/xd-violence/data/swin_rgb/1-1004/Hear.Me.2009__#00-04-20_00-06-05_label_A.npy,40,0,
Hear.Me.2009__#00-06-37_00-08-22_label_A,train,data/raw/xd-violence/data/swin_rgb/1-1004/Hear.Me.2009__#00-06-37_00-08-22_label_A.npy,40,0,
Hear.Me.2009__#00-08-55_00-10-50_label_A,train,data/raw/xd-violence/data/swin_rgb/1-1004/Hear.Me.2009__#00-08-55_00-10-50_label_A.npy,44,0,
Hear.Me.2009__#00-11-00_00-15-08_label_A,train,data/raw/xd-violence/data/swin_rgb/1-1004/Hear.Me.2009__#00-11-00_00-15-08_label_A.npy,94,0,
Hear.Me.2009__#00-16-18_00-17-27_label_A,train,data/raw/xd-violence/data/swin_rgb/1-1004/Hear.Me.2009__#00-16-18_00-17-27_label_A.npy,26,0,
Hear.Me.2009__#00-17-30_00-19-10_label_A,train,data/raw/xd-violence/data/swin_rgb/1-1004/Hear.Me.2009__#00-17-30_00-19-10_label_A.npy,38,0,
Hear.Me.2009__#00-20-35_00-23-06_label_A,train,data/raw/xd-violence/data/swin_rgb/1-1004/Hear.Me.2009__#00-20-35_00-23-06_label_A.npy,57,0,
Hear.Me.2009__#00-23-50_00-24-31_label_A,train,data/raw/xd-violence/data/swin_rgb/1-1004/Hear.Me.2009__#00-23-50_00-24-31_label_A.npy,16,0,
Hear.Me.2009__#00-25-20_00-29-40_label_A,train,data/raw/xd-violence/data/swin_rgb/1-1004/Hear.Me.2009__#00-25-20_00-29-40_label_A.npy,98,0,
Hear.Me.2009__#00-33-52_00-38-31_label_A,train,data/raw/xd-violence/data/swin_rgb/1-1004/Hear.Me.2009__#00-33-52_00-38-31_label_A.npy,105,0,
Hear.Me.2009__#00-38-52_00-40-31_label_A,train,data/raw/xd-violence/data/swin_rgb/1-1004/Hear.Me.2009__#00-38-52_00-40-31_label_A.npy,38,0,
Hear.Me.2009__#00-45-40_00-47-30_label_A,train,data/raw/xd-violence/data/swin_rgb/1-1004/Hear.Me.2009__#00-45-40_00-47-30_label_A.npy,42,0,
Hear.Me.2009__#00-51-55_00-55-16_label_A,train,data/raw/xd-violence/data/swin_rgb/1-1004/Hear.Me.2009__#00-51-55_00-55-16_label_A.npy,76,0,
Hear.Me.2009__#00-56-40_01-02-02_label_A,train,data/raw/xd-violence/data/swin_rgb/1-1004/Hear.Me.2009__#00-56-40_01-02-02_label_A.npy,121,0,
Hear.Me.2009__#01-02-18_01-03-10_label_A,train,data/raw/xd-violence/data/swin_rgb/1-1004/Hear.Me.2009__#01-02-18_01-03-10_label_A.npy,20,0,
Hear.Me.2009__#01-04-40_01-06-59_label_A,train,data/raw/xd-violence/data/swin_rgb/1-1004/Hear.Me.2009__#01-04-40_01-06-59_label_A.npy,53,0,
Hear.Me.2009__#01-09-30_01-16-59_label_A,train,data/raw/xd-violence/data/swin_rgb/1-1004/Hear.Me.2009__#01-09-30_01-16-59_label_A.npy,169,0,
Hear.Me.2009__#01-17-00_01-19-40_label_A,train,data/raw/xd-violence/data/swin_rgb/1-1004/Hear.Me.2009__#01-17-00_01-19-40_label_A.npy,61,0,
Hear.Me.2009__#01-21-00_01-26-08_label_A,train,data/raw/xd-violence/data/swin_rgb/1-1004/Hear.Me.2009__#01-21-00_01-26-08_label_A.npy,116,0,
Hear.Me.2009__#01-26-10_01-28-00_label_A,train,data/raw/xd-violence/data/swin_rgb/1-1004/Hear.Me.2009__#01-26-10_01-28-00_label_A.npy,42,0,
Hear.Me.2009__#01-30-25_01-33-56_label_A,train,data/raw/xd-violence/data/swin_rgb/1-1004/Hear.Me.2009__#01-30-25_01-33-56_label_A.npy,80,0,
Hear.Me.2009__#01-34-18_01-38-11_label_A,train,data/raw/xd-violence/data/swin_rgb/1-1004/Hear.Me.2009__#01-34-18_01-38-11_label_A.npy,88,0,
Hear.Me.2009__#01-39-05_01-46-40_label_A,train,data/raw/xd-violence/data/swin_rgb/1-1004/Hear.Me.2009__#01-39-05_01-46-40_label_A.npy,171,0,
Hot.Fuzz.2007__#00-02-45_00-05-20_label_A,train,data/raw/xd-violence/data/swin_rgb/1-1004/Hot.Fuzz.2007__#00-02-45_00-05-20_label_A.npy,59,0,
Hot.Fuzz.2007__#00-08-11_00-10-43_label_A,train,data/raw/xd-violence/data/swin_rgb/1-1004/Hot.Fuzz.2007__#00-08-11_00-10-43_label_A.npy,58,0,
Hot.Fuzz.2007__#00-14-20_00-15-05_label_A,train,data/raw/xd-violence/data/swin_rgb/1-1004/Hot.Fuzz.2007__#00-14-20_00-15-05_label_A.npy,17,0,
Hot.Fuzz.2007__#00-45-10_00-51-15_label_A,train,data/raw/xd-violence/data/swin_rgb/1-1004/Hot.Fuzz.2007__#00-45-10_00-51-15_label_A.npy,137,0,
Hot.Fuzz.2007__#01-17-03_01-18-10_label_B1-0-0,train,data/raw/xd-violence/data/swin_rgb/1-1004/Hot.Fuzz.2007__#01-17-03_01-18-10_label_B1-0-0.npy,26,1,fighting
Hot.Fuzz.2007__#01-28-58_01-29-28_label_A,train,data/raw/xd-violence/data/swin_rgb/1-1004/Hot.Fuzz.2007__#01-28-58_01-29-28_label_A.npy,12,0,
Hot.Fuzz.2007__#01-33-10_01-38-50_label_B2-0-0,train,data/raw/xd-violence/data/swin_rgb/1-1004/Hot.Fuzz.2007__#01-33-10_01-38-50_label_B2-0-0.npy,128,1,shooting
Hot.Fuzz.2007__#01-41-50_01-44-10_label_B1-B2-0,train,data/raw/xd-violence/data/swin_rgb/1-1004/Hot.Fuzz.2007__#01-41-50_01-44-10_label_B1-B2-0.npy,53,1,fighting|shooting
Hot.Fuzz.2007__#01-45-55_01-46-39_label_B2-0-0,train,data/raw/xd-violence/data/swin_rgb/1-1004/Hot.Fuzz.2007__#01-45-55_01-46-39_label_B2-0-0.npy,17,1,shooting
Hot.Fuzz.2007__#01-47-20_01-48-30_label_B1-0-0,train,data/raw/xd-violence/data/swin_rgb/1-1004/Hot.Fuzz.2007__#01-47-20_01-48-30_label_B1-0-0.npy,27,1,fighting
Hot.Fuzz.2007__#01-52-24_01-52-48_label_B2-0-0,train,data/raw/xd-violence/data/swin_rgb/1-1004/Hot.Fuzz.2007__#01-52-24_01-52-48_label_B2-0-0.npy,10,1,shooting
Hot.Fuzz.2007__#01-52-53_01-53-34_label_G-0-0,train,data/raw/xd-violence/data/swin_rgb/1-1004/Hot.Fuzz.2007__#01-52-53_01-53-34_label_G-0-0.npy,16,1,explosion
Hot.Fuzz.2007__#01-53-51_01-54-45_label_A,train,data/raw/xd-violence/data/swin_rgb/1-1004/Hot.Fuzz.2007__#01-53-51_01-54-45_label_A.npy,21,0,
IP.Man.2.2010__#00-09-34_00-10-35_label_B1-0-0,train,data/raw/xd-violence/data/swin_rgb/1-1004/IP.Man.2.2010__#00-09-34_00-10-35_label_B1-0-0.npy,23,1,fighting
IP.Man.2.2010__#00-12-46_00-13-46_label_A,train,data/raw/xd-violence/data/swin_rgb/1-1004/IP.Man.2.2010__#00-12-46_00-13-46_label_A.npy,23,0,
IP.Man.2.2010__#00-17-54_00-18-57_label_B1-0-0,train,data/raw/xd-violence/data/swin_rgb/1-1004/IP.Man.2.2010__#00-17-54_00-18-57_label_B1-0-0.npy,24,1,fighting
IP.Man.2.2010__#00-22-00_00-26-30_label_B1-0-0,train,data/raw/xd-violence/data/swin_rgb/1-1004/IP.Man.2.2010__#00-22-00_00-26-30_label_B1-0-0.npy,102,1,fighting
IP.Man.2.2010__#00-29-16_00-30-36_label_A,train,data/raw/xd-violence/data/swin_rgb/1-1004/IP.Man.2.2010__#00-29-16_00-30-36_label_A.npy,30,0,
IP.Man.2.2010__#00-39-03_00-40-13_label_B1-0-0,train,data/raw/xd-violence/data/swin_rgb/1-1004/IP.Man.2.2010__#00-39-03_00-40-13_label_B1-0-0.npy,27,1,fighting
IP.Man.2.2010__#00-40-54_00-42-26_label_B1-0-0,train,data/raw/xd-violence/data/swin_rgb/1-1004/IP.Man.2.2010__#00-40-54_00-42-26_label_B1-0-0.npy,35,1,fighting
IP.Man.2.2010__#00-42-46_00-45-40_label_B1-0-0,train,data/raw/xd-violence/data/swin_rgb/1-1004/IP.Man.2.2010__#00-42-46_00-45-40_label_B1-0-0.npy,66,1,fighting
IP.Man.2.2010__#00-48-20_00-49-07_label_B1-0-0,train,data/raw/xd-violence/data/swin_rgb/1-1004/IP.Man.2.2010__#00-48-20_00-49-07_label_B1-0-0.npy,18,1,fighting
IP.Man.2.2010__#00-52-23_00-53-29_label_B1-0-0,train,data/raw/xd-violence/data/swin_rgb/1-1004/IP.Man.2.2010__#00-52-23_00-53-29_label_B1-0-0.npy,25,1,fighting
IP.Man.2.2010__#00-57-58_00-59-16_label_A,train,data/raw/xd-violence/data/swin_rgb/1-1004/IP.Man.2.2010__#00-57-58_00-59-16_label_A.npy,30,0,
IP.Man.2.2010__#01-04-07_01-04-40_label_B1-0-0,train,data/raw/xd-violence/data/swin_rgb/1-1004/IP.Man.2.2010__#01-04-07_01-04-40_label_B1-0-0.npy,13,1,fighting
IP.Man.2.2010__#01-04-54_01-06-57_label_B4-B1-0,train,data/raw/xd-violence/data/swin_rgb/1-1004/IP.Man.2.2010__#01-04-54_01-06-57_label_B4-B1-0.npy,47,1,riot|fighting
IP.Man.2.2010__#01-07-48_01-15-21_label_B1-0-0,train,data/raw/xd-violence/data/swin_rgb/1-1004/IP.Man.2.2010__#01-07-48_01-15-21_label_B1-0-0.npy,170,1,fighting
IP.Man.2.2010__#01-16-59_01-17-19_label_A,train,data/raw/xd-violence/data/swin_rgb/1-1004/IP.Man.2.2010__#01-16-59_01-17-19_label_A.npy,8,0,
IP.Man.2.2010__#01-19-49_01-20-49_label_A,train,data/raw/xd-violence/data/swin_rgb/1-1004/IP.Man.2.2010__#01-19-49_01-20-49_label_A.npy,23,0,
IP.Man.2.2010__#01-27-31_01-29-31_label_A,train,data/raw/xd-violence/data/swin_rgb/1-1004/IP.Man.2.2010__#01-27-31_01-29-31_label_A.npy,45,0,
IP.Man.2.2010__#01-29-35_01-33-35_label_B1-0-0,train,data/raw/xd-violence/data/swin_rgb/1-1004/IP.Man.2.2010__#01-29-35_01-33-35_label_B1-0-0.npy,90,1,fighting
IP.Man.2.2010__#01-33-45_01-34-55_label_B1-0-0,train,data/raw/xd-violence/data/swin_rgb/1-1004/IP.Man.2.2010__#01-33-45_01-34-55_label_B1-0-0.npy,27,1,fighting
IP.Man.2.2010__#01-40-31_01-43-41_label_A,train,data/raw/xd-violence/data/swin_rgb/1-1004/IP.Man.2.2010__#01-40-31_01-43-41_label_A.npy,72,0,
Ip.Man.2008__#00-05-39_00-07-10_label_B1-0-0,train,data/raw/xd-violence/data/swin_rgb/1-1004/Ip.Man.2008__#00-05-39_00-07-10_label_B1-0-0.npy,35,1,fighting
Ip.Man.2008__#00-07-38_00-09-35_label_A,train,data/raw/xd-violence/data/swin_rgb/1-1004/Ip.Man.2008__#00-07-38_00-09-35_label_A.npy,44,0,
Ip.Man.2008__#00-15-10_00-15-52_label_B1-0-0,train,data/raw/xd-violence/data/swin_rgb/1-1004/Ip.Man.2008__#00-15-10_00-15-52_label_B1-0-0.npy,16,1,fighting
Ip.Man.2008__#00-19-02_00-20-14_label_B1-0-0,train,data/raw/xd-violence/data/swin_rgb/1-1004/Ip.Man.2008__#00-19-02_00-20-14_label_B1-0-0.npy,28,1,fighting
Ip.Man.2008__#00-20-20_00-21-26_label_B1-0-0,train,data/raw/xd-violence/data/swin_rgb/1-1004/Ip.Man.2008__#00-20-20_00-21-26_label_B1-0-0.npy,25,1,fighting
Ip.Man.2008__#00-21-43_00-23-13_label_A,train,data/raw/xd-violence/data/swin_rgb/1-1004/Ip.Man.2008__#00-21-43_00-23-13_label_A.npy,34,0,
Ip.Man.2008__#00-23-19_00-24-27_label_B1-0-0,train,data/raw/xd-violence/data/swin_rgb/1-1004/Ip.Man.2008__#00-23-19_00-24-27_label_B1-0-0.npy,26,1,fighting
Ip.Man.2008__#00-24-28_00-25-21_label_A,train,data/raw/xd-violence/data/swin_rgb/1-1004/Ip.Man.2008__#00-24-28_00-25-21_label_A.npy,20,0,
Ip.Man.2008__#00-28-08_00-33-03_label_B1-0-0,train,data/raw/xd-violence/data/swin_rgb/1-1004/Ip.Man.2008__#00-28-08_00-33-03_label_B1-0-0.npy,111,1,fighting
Ip.Man.2008__#00-43-36_00-44-34_label_A,train,data/raw/xd-violence/data/swin_rgb/1-1004/Ip.Man.2008__#00-43-36_00-44-34_label_A.npy,22,0,
Ip.Man.2008__#00-53-31_00-54-44_label_B1-0-0,train,data/raw/xd-violence/data/swin_rgb/1-1004/Ip.Man.2008__#00-53-31_00-54-44_label_B1-0-0.npy,28,1,fighting
Ip.Man.2008__#00-54-44_00-55-00_label_B2-0-0,train,data/raw/xd-violence/data/swin_rgb/1-1004/Ip.Man.2008__#00-54-44_00-55-00_label_B2-0-0.npy,7,1,shooting
Ip.Man.2008__#00-56-49_01-00-39_label_B1-0-0,train,data/raw/xd-violence/data/swin_rgb/1-1004/Ip.Man.2008__#00-56-49_01-00-39_label_B1-0-0.npy,87,1,fighting
Ip.Man.2008__#01-07-28_01-07-38_label_B1-0-0,train,data/raw/xd-violence/data/swin_rgb/1-1004/Ip.Man.2008__#01-07-28_01-07-38_label_B1-0-0.npy,4,1,fighting
Ip.Man.2008__#01-07-54_01-08-34_label_B1-0-0,train,data/raw/xd-violence/data/swin_rgb/1-1004/Ip.Man.2008__#01-07-54_01-08-34_label_B1-0-0.npy,16,1,fighting
Ip.Man.2008__#01-12-34_01-13-06_label_B1-0-0,train,data/raw/xd-violence/data/swin_rgb/1-1004/Ip.Man.2008__#01-12-34_01-13-06_label_B1-0-0.npy,13,1,fighting
Ip.Man.2008__#01-13-33_01-14-07_label_A,train,data/raw/xd-violence/data/swin_rgb/1-1004/Ip.Man.2008__#01-13-33_01-14-07_label_A.npy,13,0,
Ip.Man.2008__#01-19-09_01-20-43_label_B1-0-0,train,data/raw/xd-violence/data/swin_rgb/1-1004/Ip.Man.2008__#01-19-09_01-20-43_label_B1-0-0.npy,36,1,fighting
Ip.Man.2008__#01-21-10_01-24-22_label_B1-0-0,train,data/raw/xd-violence/data/swin_rgb/1-1004/Ip.Man.2008__#01-21-10_01-24-22_label_B1-0-0.npy,73,1,fighting
Ip.Man.2008__#01-26-51_01-28-04_label_B1-0-0,train,data/raw/xd-violence/data/swin_rgb/1-1004/Ip.Man.2008__#01-26-51_01-28-04_label_B1-0-0.npy,28,1,fighting
Ip.Man.2008__#01-34-52_01-39-12_label_B1-0-0,train,data/raw/xd-violence/data/swin_rgb/1-1004/Ip.Man.2008__#01-34-52_01-39-12_label_B1-0-0.npy,98,1,fighting
Jason.Bourne.2016__#0-02-40_0-04-00_label_B1-0-0,train,data/raw/xd-violence/data/swin_rgb/1-1004/Jason.Bourne.2016__#0-02-40_0-04-00_label_B1-0-0.npy,31,1,fighting
Jason.Bourne.2016__#0-05-33_0-07-56_label_A,train,data/raw/xd-violence/data/swin_rgb/1-1004/Jason.Bourne.2016__#0-05-33_0-07-56_label_A.npy,54,0,
Jason.Bourne.2016__#0-08-00_0-08-11_label_B1-0-0,train,data/raw/xd-violence/data/swin_rgb/1-1004/Jason.Bourne.2016__#0-08-00_0-08-11_label_B1-0-0.npy,5,1,fighting
Jason.Bourne.2016__#0-10-26_0-12-34_label_A,train,data/raw/xd-violence/data/swin_rgb/1-1004/Jason.Bourne.2016__#0-10-26_0-12-34_label_A.npy,48,0,
Jason.Bourne.2016__#0-14-41_0-15-57_label_B1-0-0,train,data/raw/xd-violence/data/swin_rgb/1-1004/Jason.Bourne.2016__#0-14-41_0-15-57_label_B1-0-0.npy,29,1,fighting
Jason.Bourne.2016__#0-16-14_0-16-43_label_B4-0-0,train,data/raw/xd-violence/data/swin_rgb/1-1004/Jason.Bourne.2016__#0-16-14_0-16-43_label_B4-0-0.npy,11,1,riot
Jason.Bourne.2016__#0-22-15_0-22-52_label_B4-0-0,train,data/raw/xd-violence/data/swin_rgb/1-1004/Jason.Bourne.2016__#0-22-15_0-22-52_label_B4-0-0.npy,14,1,riot
Jason.Bourne.2016__#0-22-52_0-23-35_label_B1-0-0,train,data/raw/xd-violence/data/swin_rgb/1-1004/Jason.Bourne.2016__#0-22-52_0-23-35_label_B1-0-0.npy,17,1,fighting
Jason.Bourne.2016__#0-23-49_0-25-22_label_B4-0-0,train,data/raw/xd-violence/data/swin_rgb/1-1004/Jason.Bourne.2016__#0-23-49_0-25-22_label_B4-0-0.npy,35,1,riot
Jason.Bourne.2016__#0-25-22_0-26-14_label_B1-B4-0,train,data/raw/xd-violence/data/swin_rgb/1-1004/Jason.Bourne.2016__#0-25-22_0-26-14_label_B1-B4-0.npy,20,1,fighting|riot
Jason.Bourne.2016__#0-26-38_0-26-55_label_B4-0-0,train,data/raw/xd-violence/data/swin_rgb/1-1004/Jason.Bourne.2016__#0-26-38_0-26-55_label_B4-0-0.npy,7,1,riot
Jason.Bourne.2016__#0-26-58_0-27-20_label_B2-B6-B1,train,data/raw/xd-violence/data/swin_rgb/1-1004/Jason.Bourne.2016__#0-26-58_0-27-20_label_B2-B6-B1.npy,9,1,shooting|car_accident|fighting
Jason.Bourne.2016__#0-28-43_0-29-35_label_B6-B4-0,train,data/raw/xd-violence/data/swin_rgb/1-1004/Jason.Bourne.2016__#0-28-43_0-29-35_label_B6-B4-0.npy,20,1,car_accident|riot
Jason.Bourne.2016__#0-30-30_0-30-38_label_B2-0-0,train,data/raw/xd-violence/data/swin_rgb/1-1004/Jason.Bourne.2016__#0-30-30_0-30-38_label_B2-0-0.npy,4,1,shooting
Jason.Bourne.2016__#0-30-38_0-31-45_label_B4-0-0,train,data/raw/xd-violence/data/swin_rgb/1-1004/Jason.Bourne.2016__#0-30-38_0-31-45_label_B4-0-0.npy,26,1,riot
Jason.Bourne.2016__#0-31-46_0-32-10_label_B2-B6-0,train,data/raw/xd-violence/data/swin_rgb/1-1004/Jason.Bourne.2016__#0-31-46_0-32-10_label_B2-B6-0.npy,10,1,shooting|car_accident
Jason.Bourne.2016__#0-33-40_0-33-53_label_B2-0-0,train,data/raw/xd-violence/data/swin_rgb/1-1004/Jason.Bourne.2016__#0-33-40_0-33-53_label_B2-0-0.npy,5,1,shooting
Jason.Bourne.2016__#0-34-23_0-36-10_label_A,train,data/raw/xd-violence/data/swin_rgb/1-1004/Jason.Bourne.2016__#0-34-23_0-36-10_label_A.npy,41,0,
Jason.Bourne.2016__#0-36-20_0-37-27_label_A,train,data/raw/xd-violence/data/swin_rgb/1-1004/Jason.Bourne.2016__#0-36-20_0-37-27_label_A.npy,26,0,
Jason.Bourne.2016__#0-38-40_0-40-00_label_A,train,data/raw/xd-violence/data/swin_rgb/1-1004/Jason.Bourne.2016__#0-38-40_0-40-00_label_A.npy,31,0,
Jason.Bourne.2016__#0-47-00_0-49-00_label_A,train,data/raw/xd-violence/data/swin_rgb/1-1004/Jason.Bourne.2016__#0-47-00_0-49-00_label_A.npy,46,0,
Jason.Bourne.2016__#0-50-51_0-51-30_label_B1-0-0,train,data/raw/xd-violence/data/swin_rgb/1-1004/Jason.Bourne.2016__#0-50-51_0-51-30_label_B1-0-0.npy,15,1,fighting
Jason.Bourne.2016__#0-53-59_0-54-53_label_B1-0-0,train,data/raw/xd-violence/data/swin_rgb/1-1004/Jason.Bourne.2016__#0-53-59_0-54-53_label_B1-0-0.npy,21,1,fighting
Jason.Bourne.2016__#0-55-15_0-57-25_label_A,train,data/raw/xd-violence/data/swin_rgb/1-1004/Jason.Bourne.2016__#0-55-15_0-57-25_label_A.npy,49,0,
Jason.Bourne.2016__#0-57-28_0-58-55_label_A,train,data/raw/xd-violence/data/swin_rgb/1-1004/Jason.Bourne.2016__#0-57-28_0-58-55_label_A.npy,33,0,
Jason.Bourne.2016__#01-10-50_01-11-00_label_B2-0-0,train,data/raw/xd-violence/data/swin_rgb/1-1004/Jason.Bourne.2016__#01-10-50_01-11-00_label_B2-0-0.npy,4,1,shooting
Jason.Bourne.2016__#01-13-10_01-13-40_label_B2-0-0,train,data/raw/xd-violence/data/swin_rgb/1-1004/Jason.Bourne.2016__#01-13-10_01-13-40_label_B2-0-0.npy,12,1,shooting
Jason.Bourne.2016__#01-16-40_01-18-50_label_A,train,data/raw/xd-violence/data/swin_rgb/1-1004/Jason.Bourne.2016__#01-16-40_01-18-50_label_A.npy,49,0,
Jason.Bourne.2016__#01-24-46_01-25-35_label_A,train,data/raw/xd-violence/data/swin_rgb/1-1004/Jason.Bourne.2016__#01-24-46_01-25-35_label_A.npy,19,0,
Jason.Bourne.2016__#01-27-09_01-29-40_label_A,train,data/raw/xd-violence/data/swin_rgb/1-1004/Jason.Bourne.2016__#01-27-09_01-29-40_label_A.npy,57,0,
Jason.Bourne.2016__#01-30-15_01-30-31_label_B2-0-0,train,data/raw/xd-violence/data/swin_rgb/1-1004/Jason.Bourne.2016__#01-30-15_01-30-31_label_B2-0-0.npy,7,1,shooting
Jason.Bourne.2016__#01-31-13_01-31-32_label_B1-0-0,train,data/raw/xd-violence/data/swin_rgb/1-1004/Jason.Bourne.2016__#01-31-13_01-31-32_label_B1-0-0.npy,8,1,fighting
Jason.Bourne.2016__#01-31-32_01-31-37_label_B2-0-0,train,data/raw/xd-violence/data/swin_rgb/1-1004/Jason.Bourne.2016__#01-31-32_01-31-37_label_B2-0-0.npy,2,1,shooting
Jason.Bourne.2016__#01-36-35_01-37-25_label_B2-0-0,train,data/raw/xd-violence/data/swin_rgb/1-1004/Jason.Bourne.2016__#01-36-35_01-37-25_label_B2-0-0.npy,19,1,shooting
Jason.Bourne.2016__#01-39-00_01-39-26_label_B6-0-0,train,data/raw/xd-violence/data/swin_rgb/1-1004/Jason.Bourne.2016__#01-39-00_01-39-26_label_B6-0-0.npy,10,1,car_accident
Jason.Bourne.2016__#01-39-30_01-45-05_label_B6-0-0,train,data/raw/xd-violence/data/swin_rgb/1-1004/Jason.Bourne.2016__#01-39-30_01-45-05_label_B6-0-0.npy,126,1,car_accident
Jason.Bourne.2016__#01-45-05_01-47-57_label_B1-0-0,train,data/raw/xd-violence/data/swin_rgb/1-1004/Jason.Bourne.2016__#01-45-05_01-47-57_label_B1-0-0.npy,65,1,fighting
Jason.Bourne.2016__#01-48-57_01-54-15_label_A,train,data/raw/xd-violence/data/swin_rgb/1-1004/Jason.Bourne.2016__#01-48-57_01-54-15_label_A.npy,120,0,
Kill.Bill.Vol.1.2003__#0-05-55_0-08-54_label_B1-0-0,train,data/raw/xd-violence/data/swin_rgb/1-1004/Kill.Bill.Vol.1.2003__#0-05-55_0-08-54_label_B1-0-0.npy,68,1,fighting
Kill.Bill.Vol.1.2003__#0-16-34_0-17-36_label_A,train,data/raw/xd-violence/data/swin_rgb/1-1004/Kill.Bill.Vol.1.2003__#0-16-34_0-17-36_label_A.npy,24,0,
Kill.Bill.Vol.1.2003__#0-42-09_0-42-50_label_B2-0-0,train,data/raw/xd-violence/data/swin_rgb/1-1004/Kill.Bill.Vol.1.2003__#0-42-09_0-42-50_label_B2-0-0.npy,16,1,shooting
Kill.Bill.Vol.1.2003__#0-46-00_0-48-55_label_A,train,data/raw/xd-violence/data/swin_rgb/1-1004/Kill.Bill.Vol.1.2003__#0-46-00_0-48-55_label_A.npy,66,0,
Kill.Bill.Vol.1.2003__#0-50-31_0-58-52_label_A,train,data/raw/xd-violence/data/swin_rgb/1-1004/Kill.Bill.Vol.1.2003__#0-50-31_0-58-52_label_A.npy,188,0,
Kill.Bill.Vol.1.2003__#00-32-20_00-34-20_label_A,train,data/raw/xd-violence/data/swin_rgb/1-1004/Kill.Bill.Vol.1.2003__#00-32-20_00-34-20_label_A.npy,46,0,
Kill.Bill.Vol.1.2003__#01-05-33_01-06-42_label_A,train,data/raw/xd-violence/data/swin_rgb/1-1004/Kill.Bill.Vol.1.2003__#01-05-33_01-06-42_label_A.npy,26,0,
Kill.Bill.Vol.1.2003__#01-10-40_01-12-54_label_A,train,data/raw/xd-violence/data/swin_rgb/1-1004/Kill.Bill.Vol.1.2003__#01-10-40_01-12-54_label_A.npy,51,0,
Kill.Bill.Vol.1.2003__#01-15-45_01-16-10_label_B1-0-0,train,data/raw/xd-violence/data/swin_rgb/1-1004/Kill.Bill.Vol.1.2003__#01-15-45_01-16-10_label_B1-0-0.npy,10,1,fighting
Kill.Bill.Vol.1.2003__#01-16-11_01-17-12_label_B1-0-0,train,data/raw/xd-violence/data/swin_rgb/1-1004/Kill.Bill.Vol.1.2003__#01-16-11_01-17-12_label_B1-0-0.npy,23,1,fighting
Kill.Bill.Vol.1.2003__#01-28-19_01-28-50_label_B1-0-0,train,data/raw/xd-violence/data/swin_rgb/1-1004/Kill.Bill.Vol.1.2003__#01-28-19_01-28-50_label_B1-0-0.npy,12,1,fighting
Kill.Bill.Vol.1.2003__#01-31-04_01-34-11_label_B1-0-0,train,data/raw/xd-violence/data/swin_rgb/1-1004/Kill.Bill.Vol.1.2003__#01-31-04_01-34-11_label_B1-0-0.npy,71,1,fighting
Kill.Bill.Vol.1.2003__#01-41-50_01-42-50_label_A,train,data/raw/xd-violence/data/swin_rgb/1-1004/Kill.Bill.Vol.1.2003__#01-41-50_01-42-50_label_A.npy,23,0,
Kill.Bill.Vol.2.2004__#0-02-00_0-04-00_label_A,train,data/raw/xd-violence/data/swin_rgb/1-1004/Kill.Bill.Vol.2.2004__#0-02-00_0-04-00_label_A.npy,46,0,
Kill.Bill.Vol.2.2004__#0-05-14_0-06-33_label_A,train,data/raw/xd-violence/data/swin_rgb/1-1004/Kill.Bill.Vol.2.2004__#0-05-14_0-06-33_label_A.npy,30,0,
Kill.Bill.Vol.2.2004__#0-12-30_0-14-20_label_A,train,data/raw/xd-violence/data/swin_rgb/1-1004/Kill.Bill.Vol.2.2004__#0-12-30_0-14-20_label_A.npy,42,0,
Kill.Bill.Vol.2.2004__#0-22-40_0-24-00_label_A,train,data/raw/xd-violence/data/swin_rgb/1-1004/Kill.Bill.Vol.2.2004__#0-22-40_0-24-00_label_A.npy,31,0,
Kill.Bill.Vol.2.2004__#0-31-20_0-32-00_label_B5-0-0,train,data/raw/xd-violence/data/swin_rgb/1-1004/Kill.Bill.Vol.2.2004__#0-31-20_0-32-00_label_B5-0-0.npy,16,1,abuse
Kill.Bill.Vol.2.2004__#0-44-18_0-49-18_label_A,train,data/raw/xd-violence/data/swin_rgb/1-1004/Kill.Bill.Vol.2.2004__#0-44-18_0-49-18_label_A.npy,113,0,
Kill.Bill.Vol.2.2004__#01-19-18_01-21-10_label_B1-0-0,train,data/raw/xd-violence/data/swin_rgb/1-1004/Kill.Bill.Vol.2.2004__#01-19-18_01-21-10_label_B1-0-0.npy,43,1,fighting
Kill.Bill.Vol.2.2004__#01-30-10_01-32-10_label_A,train,data/raw/xd-violence/data/swin_rgb/1-1004/Kill.Bill.Vol.2.2004__#01-30-10_01-32-10_label_A.npy,46,0,
Kill.Bill.Vol.2.2004__#01-35-10_01-37-10_label_A,train,data/raw/xd-violence/data/swin_rgb/1-1004/Kill.Bill.Vol.2.2004__#01-35-10_01-37-10_label_A.npy,46,0,
Kill.Bill.Vol.2.2004__#01-41-55_01-42-37_label_B2-0-0,train,data/raw/xd-violence/data/swin_rgb/1-1004/Kill.Bill.Vol.2.2004__#01-41-55_01-42-37_label_B2-0-0.npy,16,1,shooting
Kill.Bill.Vol.2.2004__#01-58-20_01-59-00_label_B1-0-0,train,data/raw/xd-violence/data/swin_rgb/1-1004/Kill.Bill.Vol.2.2004__#01-58-20_01-59-00_label_B1-0-0.npy,16,1,fighting
Kingsman.The.Golden.Circle.2017__#00-01-40_00-04-51_label_B1-B2-B6,train,data/raw/xd-violence/data/swin_rgb/1-1004/Kingsman.The.Golden.Circle.2017__#00-01-40_00-04-51_label_B1-B2-B6.npy,72,1,fighting|shooting|car_accident
Kingsman.The.Golden.Circle.2017__#00-05-38_00-07-20_label_B2-G-0,train,data/raw/xd-violence/data/swin_rgb/1-1004/Kingsman.The.Golden.Circle.2017__#00-05-38_00-07-20_label_B2-G-0.npy,39,1,shooting|explosion
Kingsman.The.Golden.Circle.2017__#00-10-56_00-12-15_label_A,train,data/raw/xd-violence/data/swin_rgb/1-1004/Kingsman.The.Golden.Circle.2017__#00-10-56_00-12-15_label_A.npy,30,0,
Kingsman.The.Golden.Circle.2017__#00-17-02_00-18-16_label_A,train,data/raw/xd-violence/data/swin_rgb/1-1004/Kingsman.The.Golden.Circle.2017__#00-17-02_00-18-16_label_A.npy,28,0,
Kingsman.The.Golden.Circle.2017__#00-26-28_00-27-05_label_G-0-0,train,data/raw/xd-violence/data/swin_rgb/1-1004/Kingsman.The.Golden.Circle.2017__#00-26-28_00-27-05_label_G-0-0.npy,14,1,explosion
Kingsman.The.Golden.Circle.2017__#00-33-32_00-34-34_label_A,train,data/raw/xd-violence/data/swin_rgb/1-1004/Kingsman.The.Golden.Circle.2017__#00-33-32_00-34-34_label_A.npy,24,0,
Kingsman.The.Golden.Circle.2017__#00-50-38_00-51-42_label_A,train,data/raw/xd-violence/data/swin_rgb/1-1004/Kingsman.The.Golden.Circle.2017__#00-50-38_00-51-42_label_A.npy,25,0,
Kingsman.The.Golden.Circle.2017__#01-11-34_01-13-28_label_B1-0-0,train,data/raw/xd-violence/data/swin_rgb/1-1004/Kingsman.The.Golden.Circle.2017__#01-11-34_01-13-28_label_B1-0-0.npy,43,1,fighting
Kingsman.The.Golden.Circle.2017__#01-23-29_01-25-11_label_A,train,data/raw/xd-violence/data/swin_rgb/1-1004/Kingsman.The.Golden.Circle.2017__#01-23-29_01-25-11_label_A.npy,39,0,
Kingsman.The.Golden.Circle.2017__#01-29-11_01-31-16_label_B2-0-0,train,data/raw/xd-violence/data/swin_rgb/1-1004/Kingsman.The.Golden.Circle.2017__#01-29-11_01-31-16_label_B2-0-0.npy,47,1,shooting
Kingsman.The.Golden.Circle.2017__#01-32-27_01-33-37_label_B2-G-0,train,data/raw/xd-violence/data/swin_rgb/1-1004/Kingsman.The.Golden.Circle.2017__#01-32-27_01-33-37_label_B2-G-0.npy,27,1,shooting|explosion
Kingsman.The.Golden.Circle.2017__#01-34-40_01-35-08_label_G-0-0,train,data/raw/xd-violence/data/swin_rgb/1-1004/Kingsman.The.Golden.Circle.2017__#01-34-40_01-35-08_label_G-0-0.npy,11,1,explosion
Kingsman.The.Golden.Circle.2017__#01-37-48_01-39-14_label_A,train,data/raw/xd-violence/data/swin_rgb/1-1004/Kingsman.The.Golden.Circle.2017__#01-37-48_01-39-14_label_A.npy,33,0,
Kingsman.The.Golden.Circle.2017__#01-41-40_01-43-21_label_A,train,data/raw/xd-violence/data/swin_rgb/1-1004/Kingsman.The.Golden.Circle.2017__#01-41-40_01-43-21_label_A.npy,38,0,
Kingsman.The.Golden.Circle.2017__#01-51-23_01-51-35_label_G-0-0,train,data/raw/xd-violence/data/swin_rgb/1-1004/Kingsman.The.Golden.Circle.2017__#01-51-23_01-51-35_label_G-0-0.npy,5,1,explosion
Kingsman.The.Golden.Circle.2017__#01-52-11_01-55-03_label_B1-B2-G,train,data/raw/xd-violence/data/swin_rgb/1-1004/Kingsman.The.Golden.Circle.2017__#01-52-11_01-55-03_label_B1-B2-G.npy,65,1,fighting|shooting|explosion
Kingsman.The.Golden.Circle.2017__#01-55-34_01-57-36_label_B1-0-0,train,data/raw/xd-violence/data/swin_rgb/1-1004/Kingsman.The.Golden.Circle.2017__#01-55-34_01-57-36_label_B1-0-0.npy,46,1,fighting
Kingsman.The.Golden.Circle.2017__#02-00-02_02-01-21_label_B1-0-0,train,data/raw/xd-violence/data/swin_rgb/1-1004/Kingsman.The.Golden.Circle.2017__#02-00-02_02-01-21_label_B1-0-0.npy,30,1,fighting
Kingsman.The.Golden.Circle.2017__#02-06-23_02-08-23_label_B1-B2-0,train,data/raw/xd-violence/data/swin_rgb/1-1004/Kingsman.The.Golden.Circle.2017__#02-06-23_02-08-23_label_B1-B2-0.npy,46,1,fighting|shooting
Kingsman.The.Golden.Circle.2017__#02-12-27_02-14-03_label_A,train,data/raw/xd-violence/data/swin_rgb/1-1004/Kingsman.The.Golden.Circle.2017__#02-12-27_02-14-03_label_A.npy,37,0,
Kingsman.The.Secret.Service.2014__#00-02-00_00-02-55_label_G-B1-0,train,data/raw/xd-violence/data/swin_rgb/1-1004/Kingsman.The.Secret.Service.2014__#00-02-00_00-02-55_label_G-B1-0.npy,21,1,explosion|fighting
Kingsman.The.Secret.Service.2014__#00-03-05_00-03-58_label_A,train,data/raw/xd-violence/data/swin_rgb/1-1004/Kingsman.The.Secret.Service.2014__#00-03-05_00-03-58_label_A.npy,20,0,
Kingsman.The.Secret.Service.2014__#00-05-55_00-06-46_label_B1-B2-0,train,data/raw/xd-violence/data/swin_rgb/1-1004/Kingsman.The.Secret.Service.2014__#00-05-55_00-06-46_label_B1-B2-0.npy,20,1,fighting|shooting
Kingsman.The.Secret.Service.2014__#00-08-39_00-09-42_label_A,train,data/raw/xd-violence/data/swin_rgb/1-1004/Kingsman.The.Secret.Service.2014__#00-08-39_00-09-42_label_A.npy,24,0,
Kingsman.The.Secret.Service.2014__#00-20-40_00-21-40_label_B1-0-0,train,data/raw/xd-violence/data/swin_rgb/1-1004/Kingsman.The.Secret.Service.2014__#00-20-40_00-21-40_label_B1-0-0.npy,23,1,fighting
Kingsman.The.Secret.Service.2014__#00-30-40_00-31-45_label_A,train,data/raw/xd-violence/data/swin_rgb/1-1004/Kingsman.The.Secret.Service.2014__#00-30-40_00-31-45_label_A.npy,25,0,
Kingsman.The.Secret.Service.2014__#01-18-20_01-19-23_label_B1-B2-0,train,data/raw/xd-violence/data/swin_rgb/1-1004/Kingsman.The.Secret.Service.2014__#01-18-20_01-19-23_label_B1-B2-0.npy,24,1,fighting|shooting
Kingsman.The.Secret.Service.2014__#01-25-18_01-26-18_label_A,train,data/raw/xd-violence/data/swin_rgb/1-1004/Kingsman.The.Secret.Service.2014__#01-25-18_01-26-18_label_A.npy,23,0,
Kingsman.The.Secret.Service.2014__#01-46-30_01-47-10_label_B2-0-0,train,data/raw/xd-violence/data/swin_rgb/1-1004/Kingsman.The.Secret.Service.2014__#01-46-30_01-47-10_label_B2-0-0.npy,16,1,shooting
Kingsman.The.Secret.Service.2014__#01-49-00_01-49-40_label_G-0-0,train,data/raw/xd-violence/data/swin_rgb/1-1004/Kingsman.The.Secret.Service.2014__#01-49-00_01-49-40_label_G-0-0.npy,16,1,explosion
Kingsman.The.Secret.Service.2014__#01-52-00_01-52-50_label_B1-B2-0,train,data/raw/xd-violence/data/swin_rgb/1-1004/Kingsman.The.Secret.Service.2014__#01-52-00_01-52-50_label_B1-B2-0.npy,19,1,fighting|shooting
Law.Abiding.Citizen.2009__#00-01-31_00-02-49_label_B1-B5-0,train,data/raw/xd-violence/data/swin_rgb/1-1004/Law.Abiding.Citizen.2009__#00-01-31_00-02-49_label_B1-B5-0.npy,30,1,fighting|abuse
Law.Abiding.Citizen.2009__#00-03-49_00-10-20_label_A,train,data/raw/xd-violence/data/swin_rgb/1-1004/Law.Abiding.Citizen.2009__#00-03-49_00-10-20_label_A.npy,147,0,
Law.Abiding.Citizen.2009__#00-10-50_00-11-50_label_A,train,data/raw/xd-violence/data/swin_rgb/1-1004/Law.Abiding.Citizen.2009__#00-10-50_00-11-50_label_A.npy,23,0,
Law.Abiding.Citizen.2009__#00-13-05_00-14-51_label_A,train,data/raw/xd-violence/data/swin_rgb/1-1004/Law.Abiding.Citizen.2009__#00-13-05_00-14-51_label_A.npy,40,0,
Law.Abiding.Citizen.2009__#01-14-22_01-14-38_label_A,train,data/raw/xd-violence/data/swin_rgb/1-1004/Law.Abiding.Citizen.2009__#01-14-22_01-14-38_label_A.npy,7,0,
Law.Abiding.Citizen.2009__#01-14-42_01-15-38_label_G-0-0,train,data/raw/xd-violence/data/swin_rgb/1-1004/Law.Abiding.Citizen.2009__#01-14-42_01-15-38_label_G-0-0.npy,22,1,explosion
Law.Abiding.Citizen.2009__#01-27-40_01-27-59_label_G-0-0,train,data/raw/xd-violence/data/swin_rgb/1-1004/Law.Abiding.Citizen.2009__#01-27-40_01-27-59_label_G-0-0.npy,8,1,explosion
Lord.of.War__#00-00-00_00-01-00_label_A,train,data/raw/xd-violence/data/swin_rgb/1-1004/Lord.of.War__#00-00-00_00-01-00_label_A.npy,23,0,
Lord.of.War__#00-06-20_00-07-20_label_B2-0-0,train,data/raw/xd-violence/data/swin_rgb/1-1004/Lord.of.War__#00-06-20_00-07-20_label_B2-0-0.npy,23,1,shooting
Lord.of.War__#00-16-00_00-16-40_label_B2-0-0,train,data/raw/xd-violence/data/swin_rgb/1-1004/Lord.of.War__#00-16-00_00-16-40_label_B2-0-0.npy,16,1,shooting
Lord.of.War__#00-17-10_00-17-50_label_B2-0-0,train,data/raw/xd-violence/data/swin_rgb/1-1004/Lord.of.War__#00-17-10_00-17-50_label_B2-0-0.npy,16,1,shooting
Lord.of.War__#00-28-20_00-29-08_label_A,train,data/raw/xd-violence/data/swin_rgb/1-1004/Lord.of.War__#00-28-20_00-29-08_label_A.npy,19,0,
Lord.of.War__#00-29-20_00-30-07_label_A,train,data/raw/xd-violence/data/swin_rgb/1-1004/Lord.of.War__#00-29-20_00-30-07_label_A.npy,18,0,
Lord.of.War__#01-20-45_01-21-45_label_B2-0-0,train,data/raw/xd-violence/data/swin_rgb/1-1004/Lord.of.War__#01-20-45_01-21-45_label_B2-0-0.npy,23,1,shooting
Lord.of.War__#01-30-02_01-30-58_label_A,train,data/raw/xd-violence/data/swin_rgb/1-1004/Lord.of.War__#01-30-02_01-30-58_label_A.npy,22,0,
Lord.of.War__#01-44-03_01-44-50_label_G-B2-B1,train,data/raw/xd-violence/data/swin_rgb/1-1004/Lord.of.War__#01-44-03_01-44-50_label_G-B2-B1.npy,18,1,explosion|shooting|fighting
Lord.of.War__#01-44-50_01-45-30_label_B2-0-0,train,data/raw/xd-violence/data/swin_rgb/1-1004/Lord.of.War__#01-44-50_01-45-30_label_B2-0-0.npy,16,1,shooting
Lord.of.War__#01-49-07_01-49-58_label_A,train,data/raw/xd-violence/data/swin_rgb/1-1004/Lord.of.War__#01-49-07_01-49-58_label_A.npy,20,0,
Love.Actually.2003__#00-01-45_00-04-15_label_A,train,data/raw/xd-violence/data/swin_rgb/1-1004/Love.Actually.2003__#00-01-45_00-04-15_label_A.npy,57,0,
Love.Actually.2003__#00-04-20_00-06-05_label_A,train,data/raw/xd-violence/data/swin_rgb/1-1004/Love.Actually.2003__#00-04-20_00-06-05_label_A.npy,40,0,
Love.Actually.2003__#00-06-37_00-08-22_label_A,train,data/raw/xd-violence/data/swin_rgb/1-1004/Love.Actually.2003__#00-06-37_00-08-22_label_A.npy,40,0,
Love.Actually.2003__#00-08-55_00-10-00_label_A,train,data/raw/xd-violence/data/swin_rgb/1-1004/Love.Actually.2003__#00-08-55_00-10-00_label_A.npy,25,0,
Love.Actually.2003__#00-15-10_00-17-27_label_A,train,data/raw/xd-violence/data/swin_rgb/1-1004/Love.Actually.2003__#00-15-10_00-17-27_label_A.npy,52,0,
Love.Actually.2003__#00-17-30_00-19-10_label_A,train,data/raw/xd-violence/data/swin_rgb/1-1004/Love.Actually.2003__#00-17-30_00-19-10_label_A.npy,38,0,
Love.Actually.2003__#00-20-35_00-21-06_label_A,train,data/raw/xd-violence/data/swin_rgb/1-1004/Love.Actually.2003__#00-20-35_00-21-06_label_A.npy,12,0,
Love.Actually.2003__#00-21-59_00-24-04_label_A,train,data/raw/xd-violence/data/swin_rgb/1-1004/Love.Actually.2003__#00-21-59_00-24-04_label_A.npy,47,0,
Love.Actually.2003__#00-25-20_00-29-40_label_A,train,data/raw/xd-violence/data/swin_rgb/1-1004/Love.Actually.2003__#00-25-20_00-29-40_label_A.npy,98,0,
Love.Actually.2003__#00-30-50_00-32-31_label_A,train,data/raw/xd-violence/data/swin_rgb/1-1004/Love.Actually.2003__#00-30-50_00-32-31_label_A.npy,38,0,
Love.Actually.2003__#00-33-52_00-38-31_label_A,train,data/raw/xd-violence/data/swin_rgb/1-1004/Love.Actually.2003__#00-33-52_00-38-31_label_A.npy,105,0,
Love.Actually.2003__#00-38-52_00-40-31_label_A,train,data/raw/xd-violence/data/swin_rgb/1-1004/Love.Actually.2003__#00-38-52_00-40-31_label_A.npy,38,0,
Love.Actually.2003__#00-40-52_00-43-31_label_A,train,data/raw/xd-violence/data/swin_rgb/1-1004/Love.Actually.2003__#00-40-52_00-43-31_label_A.npy,60,0,
Love.Actually.2003__#00-43-52_00-45-31_label_A,train,data/raw/xd-violence/data/swin_rgb/1-1004/Love.Actually.2003__#00-43-52_00-45-31_label_A.npy,38,0,
Love.Actually.2003__#00-45-40_00-47-30_label_A,train,data/raw/xd-violence/data/swin_rgb/1-1004/Love.Actually.2003__#00-45-40_00-47-30_label_A.npy,42,0,
Love.Actually.2003__#00-49-48_00-51-12_label_A,train,data/raw/xd-violence/data/swin_rgb/1-1004/Love.Actually.2003__#00-49-48_00-51-12_label_A.npy,32,0,
Love.Actually.2003__#00-56-40_01-02-02_label_A,train,data/raw/xd-violence/data/swin_rgb/1-1004/Love.Actually.2003__#00-56-40_01-02-02_label_A.npy,121,0,
Love.Actually.2003__#01-26-10_01-28-00_label_A,train,data/raw/xd-violence/data/swin_rgb/1-1004/Love.Actually.2003__#01-26-10_01-28-00_label_A.npy,42,0,
Love.Actually.2003__#01-30-25_01-33-56_label_A,train,data/raw/xd-violence/data/swin_rgb/1-1004/Love.Actually.2003__#01-30-25_01-33-56_label_A.npy,80,0,
Love.Actually.2003__#01-47-05_01-54-40_label_A,train,data/raw/xd-violence/data/swin_rgb/1-1004/Love.Actually.2003__#01-47-05_01-54-40_label_A.npy,171,0,
Love.Actually.2003__#01-55-05_01-59-40_label_A,train,data/raw/xd-violence/data/swin_rgb/1-1004/Love.Actually.2003__#01-55-05_01-59-40_label_A.npy,104,0,
Love.Actually.2003__#02-02-50_02-09-20_label_A,train,data/raw/xd-violence/data/swin_rgb/1-1004/Love.Actually.2003__#02-02-50_02-09-20_label_A.npy,147,0,
Love.Death.and.Robots.S01E02__#00-00-59_00-01-37_label_A,train,data/raw/xd-violence/data/swin_rgb/1-1004/Love.Death.and.Robots.S01E02__#00-00-59_00-01-37_label_A.npy,15,0,
Love.Death.and.Robots.S01E02__#00-02-05_00-03-11_label_A,train,data/raw/xd-violence/data/swin_rgb/1-1004/Love.Death.and.Robots.S01E02__#00-02-05_00-03-11_label_A.npy,25,0,
Love.Death.and.Robots.S01E02__#00-04-40_00-06-30_label_A,train,data/raw/xd-violence/data/swin_rgb/1-1004/Love.Death.and.Robots.S01E02__#00-04-40_00-06-30_label_A.npy,42,0,
Love.Death.and.Robots.S01E02__#00-08-47_00-10-00_label_A,train,data/raw/xd-violence/data/swin_rgb/1-1004/Love.Death.and.Robots.S01E02__#00-08-47_00-10-00_label_A.npy,28,0,
Love.Death.and.Robots.S01E04__#00-00-53_00-01-40_label_A,train,data/raw/xd-violence/data/swin_rgb/1-1004/Love.Death.and.Robots.S01E04__#00-00-53_00-01-40_label_A.npy,18,0,
Love.Death.and.Robots.S01E04__#00-03-01_00-03-44_label_B2-0-0,train,data/raw/xd-violence/data/swin_rgb/1-1004/Love.Death.and.Robots.S01E04__#00-03-01_00-03-44_label_B2-0-0.npy,17,1,shooting
Love.Death.and.Robots.S01E04__#00-03-55_00-04-30_label_A,train,data/raw/xd-violence/data/swin_rgb/1-1004/Love.Death.and.Robots.S01E04__#00-03-55_00-04-30_label_A.npy,14,0,
Love.Death.and.Robots.S01E04__#00-06-28_00-10-33_label_G-B2-0,train,data/raw/xd-violence/data/swin_rgb/1-1004/Love.Death.and.Robots.S01E04__#00-06-28_00-10-33_label_G-B2-0.npy,92,1,explosion|shooting
Love.Death.and.Robots.S01E04__#00-10-39_00-10-51_label_G-0-0,train,data/raw/xd-violence/data/swin_rgb/1-1004/Love.Death.and.Robots.S01E04__#00-10-39_00-10-51_label_G-0-0.npy,5,1,explosion
Love.Death.and.Robots.S01E05__#00-09-49_00-10-23_label_B2-0-0,train,data/raw/xd-violence/data/swin_rgb/1-1004/Love.Death.and.Robots.S01E05__#00-09-49_00-10-23_label_B2-0-0.npy,13,1,shooting
Love.Death.and.Robots.S01E10__#0-02-13_0-03-11_label_A,train,data/raw/xd-violence/data/swin_rgb/1-1004/Love.Death.and.Robots.S01E10__#0-02-13_0-03-11_label_A.npy,22,0,
Love.Death.and.Robots.S01E10__#0-03-55_0-05-25_label_A,train,data/raw/xd-violence/data/swin_rgb/1-1004/Love.Death.and.Robots.S01E10__#0-03-55_0-05-25_label_A.npy,34,0,
Love.Death.and.Robots.S01E10__#0-09-01_0-11-52_label_B1-0-0,train,data/raw/xd-violence/data/swin_rgb/1-1004/Love.Death.and.Robots.S01E10__#0-09-01_0-11-52_label_B1-0-0.npy,65,1,fighting
Love.Death.and.Robots.S01E10__#0-13-02_0-14-20_label_A,train,data/raw/xd-violence/data/swin_rgb/1-1004/Love.Death.and.Robots.S01E10__#0-13-02_0-14-20_label_A.npy,30,0,
Love.Death.and.Robots.S01E12__#0-00-40_0-05-00_label_A,train,data/raw/xd-violence/data/swin_rgb/1-1004/Love.Death.and.Robots.S01E12__#0-00-40_0-05-00_label_A.npy,98,0,
Love.Death.and.Robots.S01E13__#0-03-24_0-06-43_label_B2-G-0,train,data/raw/xd-violence/data/swin_rgb/1-1004/Love.Death.and.Robots.S01E13__#0-03-24_0-06-43_label_B2-G-0.npy,75,1,shooting|explosion
Love.Death.and.Robots.S01E13__#0-07-49_0-11-46_label_B2-G-0,train,data/raw/xd-violence/data/swin_rgb/1-1004/Love.Death.and.Robots.S01E13__#0-07-49_0-11-46_label_B2-G-0.npy,89,1,shooting|explosion
Love.Death.and.Robots.S01E15__#0-01-35_0-02-09_label_G-0-0,train,data/raw/xd-violence/data/swin_rgb/1-1004/Love.Death.and.Robots.S01E15__#0-01-35_0-02-09_label_G-0-0.npy,13,1,explosion
Love.Death.and.Robots.S01E15__#0-02-10_0-02-50_label_B2-0-0,train,data/raw/xd-violence/data/swin_rgb/1-1004/Love.Death.and.Robots.S01E15__#0-02-10_0-02-50_label_B2-0-0.npy,15,1,shooting
Love.Death.and.Robots.S01E15__#0-02-51_0-03-05_label_G-0-0,train,data/raw/xd-violence/data/swin_rgb/1-1004/Love.Death.and.Robots.S01E15__#0-02-51_0-03-05_label_G-0-0.npy,6,1,explosion
Love.Death.and.Robots.S01E15__#0-04-22_0-05-00_label_G-B2-0,train,data/raw/xd-violence/data/swin_rgb/1-1004/Love.Death.and.Robots.S01E15__#0-04-22_0-05-00_label_G-B2-0.npy,15,1,explosion|shooting
Love.Death.and.Robots.S01E16__#0-00-35_0-02-15_label_A,train,data/raw/xd-violence/data/swin_rgb/1-1004/Love.Death.and.Robots.S01E16__#0-00-35_0-02-15_label_A.npy,38,0,
Love.Death.and.Robots.S01E16__#0-04-10_0-04-57_label_G-0-0,train,data/raw/xd-violence/data/swin_rgb/1-1004/Love.Death.and.Robots.S01E16__#0-04-10_0-04-57_label_G-0-0.npy,18,1,explosion
Love.Death.and.Robots.S01E16__#0-07-15_0-07-35_label_A,train,data/raw/xd-violence/data/swin_rgb/1-1004/Love.Death.and.Robots.S01E16__#0-07-15_0-07-35_label_A.npy,8,0,
Love.Me.If.You.Dare.2003__#00-01-45_00-04-15_label_A,train,data/raw/xd-violence/data/swin_rgb/1-1004/Love.Me.If.You.Dare.2003__#00-01-45_00-04-15_label_A.npy,57,0,
Love.Me.If.You.Dare.2003__#00-04-20_00-06-15_label_A,train,data/raw/xd-violence/data/swin_rgb/1-1004/Love.Me.If.You.Dare.2003__#00-04-20_00-06-15_label_A.npy,44,0,
Love.Me.If.You.Dare.2003__#00-07-45_00-10-48_label_A,train,data/raw/xd-violence/data/swin_rgb/1-1004/Love.Me.If.You.Dare.2003__#00-07-45_00-10-48_label_A.npy,69,0,
Love.Me.If.You.Dare.2003__#00-16-18_00-17-27_label_A,train,data/raw/xd-violence/data/swin_rgb/1-1004/Love.Me.If.You.Dare.2003__#00-16-18_00-17-27_label_A.npy,26,0,
Love.Me.If.You.Dare.2003__#00-17-30_00-19-10_label_A,train,data/raw/xd-violence/data/swin_rgb/1-1004/Love.Me.If.You.Dare.2003__#00-17-30_00-19-10_label_A.npy,38,0,
Love.Me.If.You.Dare.2003__#00-20-35_00-21-55_label_A,train,data/raw/xd-violence/data/swin_rgb/1-1004/Love.Me.If.You.Dare.2003__#00-20-35_00-21-55_label_A.npy,31,0,
Love.Me.If.You.Dare.2003__#00-23-50_00-24-31_label_A,train,data/raw/xd-violence/data/swin_rgb/1-1004/Love.Me.If.You.Dare.2003__#00-23-50_00-24-31_label_A.npy,16,0,
Love.Me.If.You.Dare.2003__#00-30-50_00-32-31_label_A,train,data/raw/xd-violence/data/swin_rgb/1-1004/Love.Me.If.You.Dare.2003__#00-30-50_00-32-31_label_A.npy,38,0,
Love.Me.If.You.Dare.2003__#00-39-25_00-45-16_label_A,train,data/raw/xd-violence/data/swin_rgb/1-1004/Love.Me.If.You.Dare.2003__#00-39-25_00-45-16_label_A.npy,132,0,
Love.Me.If.You.Dare.2003__#00-46-40_00-48-30_label_A,train,data/raw/xd-violence/data/swin_rgb/1-1004/Love.Me.If.You.Dare.2003__#00-46-40_00-48-30_label_A.npy,42,0,
Love.Me.If.You.Dare.2003__#00-49-48_00-51-12_label_A,train,data/raw/xd-violence/data/swin_rgb/1-1004/Love.Me.If.You.Dare.2003__#00-49-48_00-51-12_label_A.npy,32,0,
Love.Me.If.You.Dare.2003__#00-51-55_00-55-16_label_A,train,data/raw/xd-violence/data/swin_rgb/1-1004/Love.Me.If.You.Dare.2003__#00-51-55_00-55-16_label_A.npy,76,0,
Love.Me.If.You.Dare.2003__#00-59-50_01-01-45_label_A,train,data/raw/xd-violence/data/swin_rgb/1-1004/Love.Me.If.You.Dare.2003__#00-59-50_01-01-45_label_A.npy,44,0,
Mission.Impossible.Fallout.2018__#00-00-37_00-01-23_label_A,train,data/raw/xd-violence/data/swin_rgb/1-1004/Mission.Impossible.Fallout.2018__#00-00-37_00-01-23_label_A.npy,18,0,
Mission.Impossible.Fallout.2018__#00-08-20_00-10-50_label_B2-0-0,train,data/raw/xd-violence/data/swin_rgb/1-1004/Mission.Impossible.Fallout.2018__#00-08-20_00-10-50_label_B2-0-0.npy,57,1,shooting
Mission.Impossible.Fallout.2018__#00-17-22_00-20-52_label_A,train,data/raw/xd-violence/data/swin_rgb/1-1004/Mission.Impossible.Fallout.2018__#00-17-22_00-20-52_label_A.npy,79,0,
Mission.Impossible.Fallout.2018__#00-28-59_00-30-07_label_B1-0-0,train,data/raw/xd-violence/data/swin_rgb/1-1004/Mission.Impossible.Fallout.2018__#00-28-59_00-30-07_label_B1-0-0.npy,26,1,fighting
Mission.Impossible.Fallout.2018__#00-42-06_00-44-09_label_A,train,data/raw/xd-violence/data/swin_rgb/1-1004/Mission.Impossible.Fallout.2018__#00-42-06_00-44-09_label_A.npy,47,0,
Mission.Impossible.Fallout.2018__#01-02-09_01-02-49_label_B2-0-0,train,data/raw/xd-violence/data/swin_rgb/1-1004/Mission.Impossible.Fallout.2018__#01-02-09_01-02-49_label_B2-0-0.npy,16,1,shooting
Mission.Impossible.Fallout.2018__#01-10-39_01-16-05_label_A,train,data/raw/xd-violence/data/swin_rgb/1-1004/Mission.Impossible.Fallout.2018__#01-10-39_01-16-05_label_A.npy,123,0,
Mission.Impossible.Fallout.2018__#01-29-00_01-31-50_label_B2-B1-0,train,data/raw/xd-violence/data/swin_rgb/1-1004/Mission.Impossible.Fallout.2018__#01-29-00_01-31-50_label_B2-B1-0.npy,64,1,shooting|fighting
Mission.Impossible.Fallout.2018__#01-40-00_01-43-20_label_A,train,data/raw/xd-violence/data/swin_rgb/1-1004/Mission.Impossible.Fallout.2018__#01-40-00_01-43-20_label_A.npy,76,0,
Mission.Impossible.Fallout.2018__#01-47-30_01-49-50_label_A,train,data/raw/xd-violence/data/swin_rgb/1-1004/Mission.Impossible.Fallout.2018__#01-47-30_01-49-50_label_A.npy,53,0,
Mission.Impossible.Fallout.2018__#02-04-55_02-05-29_label_B1-0-0,train,data/raw/xd-violence/data/swin_rgb/1-1004/Mission.Impossible.Fallout.2018__#02-04-55_02-05-29_label_B1-0-0.npy,13,1,fighting
Mission.Impossible.Fallout.2018__#02-05-29_02-06-21_label_B6-0-0,train,data/raw/xd-violence/data/swin_rgb/1-1004/Mission.Impossible.Fallout.2018__#02-05-29_02-06-21_label_B6-0-0.npy,20,1,car_accident
Mission.Impossible.Fallout.2018__#02-06-21_02-07-31_label_B1-0-0,train,data/raw/xd-violence/data/swin_rgb/1-1004/Mission.Impossible.Fallout.2018__#02-06-21_02-07-31_label_B1-0-0.npy,27,1,fighting
Mission.Impossible.Fallout.2018__#02-10-20_02-11-24_label_B1-0-0,train,data/raw/xd-violence/data/swin_rgb/1-1004/Mission.Impossible.Fallout.2018__#02-10-20_02-11-24_label_B1-0-0.npy,25,1,fighting
Mission.Impossible.Fallout.2018__#02-12-31_02-12-38_label_G-0-0,train,data/raw/xd-violence/data/swin_rgb/1-1004/Mission.Impossible.Fallout.2018__#02-12-31_02-12-38_label_G-0-0.npy,3,1,explosion
Mission.Impossible.Fallout.2018__#02-15-52_02-18-19_label_A,train,data/raw/xd-violence/data/swin_rgb/1-1004/Mission.Impossible.Fallout.2018__#02-15-52_02-18-19_label_A.npy,56,0,
Mission.Impossible.Ghost.Protocol.2011__#00-06-38_00-07-15_label_B1-0-0,train,data/raw/xd-violence/data/swin_rgb/1-1004/Mission.Impossible.Ghost.Protocol.2011__#00-06-38_00-07-15_label_B1-0-0.npy,14,1,fighting
Mission.Impossible.Ghost.Protocol.2011__#00-07-35_00-08-35_label_B1-0-0,train,data/raw/xd-violence/data/swin_rgb/1-1004/Mission.Impossible.Ghost.Protocol.2011__#00-07-35_00-08-35_label_B1-0-0.npy,23,1,fighting
Mission.Impossible.Ghost.Protocol.2011__#00-11-35_00-13-35_label_A,train,data/raw/xd-violence/data/swin_rgb/1-1004/Mission.Impossible.Ghost.Protocol.2011__#00-11-35_00-13-35_label_A.npy,46,0,
Mission.Impossible.Ghost.Protocol.2011__#00-13-45_00-14-12_label_B1-0-0,train,data/raw/xd-violence/data/swin_rgb/1-1004/Mission.Impossible.Ghost.Protocol.2011__#00-13-45_00-14-12_label_B1-0-0.npy,11,1,fighting
Mission.Impossible.Ghost.Protocol.2011__#00-20-02_00-21-12_label_A,train,data/raw/xd-violence/data/swin_rgb/1-1004/Mission.Impossible.Ghost.Protocol.2011__#00-20-02_00-21-12_label_A.npy,27,0,
Mission.Impossible.Ghost.Protocol.2011__#00-23-53_00-25-13_label_A,train,data/raw/xd-violence/data/swin_rgb/1-1004/Mission.Impossible.Ghost.Protocol.2011__#00-23-53_00-25-13_label_A.npy,31,0,
Mission.Impossible.Ghost.Protocol.2011__#00-30-57_00-31-32_label_G-0-0,train,data/raw/xd-violence/data/swin_rgb/1-1004/Mission.Impossible.Ghost.Protocol.2011__#00-30-57_00-31-32_label_G-0-0.npy,14,1,explosion
Mission.Impossible.Ghost.Protocol.2011__#00-39-30_00-42-10_label_A,train,data/raw/xd-violence/data/swin_rgb/1-1004/Mission.Impossible.Ghost.Protocol.2011__#00-39-30_00-42-10_label_A.npy,61,0,
Mission.Impossible.Ghost.Protocol.2011__#00-42-10_00-42-47_label_B2-0-0,train,data/raw/xd-violence/data/swin_rgb/1-1004/Mission.Impossible.Ghost.Protocol.2011__#00-42-10_00-42-47_label_B2-0-0.npy,14,1,shooting
Mission.Impossible.Ghost.Protocol.2011__#00-42-50_00-44-10_label_B2-0-0,train,data/raw/xd-violence/data/swin_rgb/1-1004/Mission.Impossible.Ghost.Protocol.2011__#00-42-50_00-44-10_label_B2-0-0.npy,31,1,shooting
Mission.Impossible.Ghost.Protocol.2011__#00-53-35_00-55-10_label_A,train,data/raw/xd-violence/data/swin_rgb/1-1004/Mission.Impossible.Ghost.Protocol.2011__#00-53-35_00-55-10_label_A.npy,36,0,
Mission.Impossible.Ghost.Protocol.2011__#01-11-27_01-12-11_label_A,train,data/raw/xd-violence/data/swin_rgb/1-1004/Mission.Impossible.Ghost.Protocol.2011__#01-11-27_01-12-11_label_A.npy,17,0,
Mission.Impossible.Ghost.Protocol.2011__#01-14-53_01-15-29_label_B1-B2-0,train,data/raw/xd-violence/data/swin_rgb/1-1004/Mission.Impossible.Ghost.Protocol.2011__#01-14-53_01-15-29_label_B1-B2-0.npy,14,1,fighting|shooting
Mission.Impossible.Ghost.Protocol.2011__#01-15-36_01-16-32_label_B1-B2-0,train,data/raw/xd-violence/data/swin_rgb/1-1004/Mission.Impossible.Ghost.Protocol.2011__#01-15-36_01-16-32_label_B1-B2-0.npy,22,1,fighting|shooting
Mission.Impossible.Ghost.Protocol.2011__#01-20-40_01-21-10_label_B6-0-0,train,data/raw/xd-violence/data/swin_rgb/1-1004/Mission.Impossible.Ghost.Protocol.2011__#01-20-40_01-21-10_label_B6-0-0.npy,12,1,car_accident
Mission.Impossible.Ghost.Protocol.2011__#01-56-38_01-56-52_label_B6-0-0,train,data/raw/xd-violence/data/swin_rgb/1-1004/Mission.Impossible.Ghost.Protocol.2011__#01-56-38_01-56-52_label_B6-0-0.npy,6,1,car_accident
Mission.Impossible.Ghost.Protocol.2011__#01-59-29_02-05-30_label_A,train,data/raw/xd-violence/data/swin_rgb/1-1004/Mission.Impossible.Ghost.Protocol.2011__#01-59-29_02-05-30_label_A.npy,136,0,
Mission.Impossible.II.2000__#00-01-06_00-03-00_label_A,train,data/raw/xd-violence/data/swin_rgb/1-1004/Mission.Impossible.II.2000__#00-01-06_00-03-00_label_A.npy,43,0,
Mission.Impossible.II.2000__#00-04-25_00-04-55_label_B5-0-0,train,data/raw/xd-violence/data/swin_rgb/1-1004/Mission.Impossible.II.2000__#00-04-25_00-04-55_label_B5-0-0.npy,12,1,abuse
Mission.Impossible.II.2000__#00-09-32_00-10-00_label_A,train,data/raw/xd-violence/data/swin_rgb/1-1004/Mission.Impossible.II.2000__#00-09-32_00-10-00_label_A.npy,11,0,
Mission.Impossible.II.2000__#00-32-03_00-32-56_label_A,train,data/raw/xd-violence/data/swin_rgb/1-1004/Mission.Impossible.II.2000__#00-32-03_00-32-56_label_A.npy,20,0,
Mission.Impossible.II.2000__#00-45-41_00-48-20_label_A,train,data/raw/xd-violence/data/swin_rgb/1-1004/Mission.Impossible.II.2000__#00-45-41_00-48-20_label_A.npy,60,0,
Mission.Impossible.II.2000__#00-51-08_00-51-35_label_B5-0-0,train,data/raw/xd-violence/data/swin_rgb/1-1004/Mission.Impossible.II.2000__#00-51-08_00-51-35_label_B5-0-0.npy,11,1,abuse
Mission.Impossible.II.2000__#01-15-10_01-16-32_label_B2-0-0,train,data/raw/xd-violence/data/swin_rgb/1-1004/Mission.Impossible.II.2000__#01-15-10_01-16-32_label_B2-0-0.npy,31,1,shooting
Mission.Impossible.II.2000__#01-16-32_01-16-58_label_B2-0-0,train,data/raw/xd-violence/data/swin_rgb/1-1004/Mission.Impossible.II.2000__#01-16-32_01-16-58_label_B2-0-0.npy,10,1,shooting
Mission.Impossible.II.2000__#01-16-58_01-17-24_label_G-0-0,train,data/raw/xd-violence/data/swin_rgb/1-1004/Mission.Impossible.II.2000__#01-16-58_01-17-24_label_G-0-0.npy,10,1,explosion
Mission.Impossible.II.2000__#01-17-25_01-18-55_label_B2-0-0,train,data/raw/xd-violence/data/swin_rgb/1-1004/Mission.Impossible.II.2000__#01-17-25_01-18-55_label_B2-0-0.npy,34,1,shooting
Mission.Impossible.II.2000__#01-22-53_01-23-16_label_G-0-0,train,data/raw/xd-violence/data/swin_rgb/1-1004/Mission.Impossible.II.2000__#01-22-53_01-23-16_label_G-0-0.npy,9,1,explosion
Mission.Impossible.II.2000__#01-23-17_01-24-40_label_B2-0-0,train,data/raw/xd-violence/data/swin_rgb/1-1004/Mission.Impossible.II.2000__#01-23-17_01-24-40_label_B2-0-0.npy,32,1,shooting
Mission.Impossible.II.2000__#01-24-40_01-25-08_label_G-B2-0,train,data/raw/xd-violence/data/swin_rgb/1-1004/Mission.Impossible.II.2000__#01-24-40_01-25-08_label_G-B2-0.npy,11,1,explosion|shooting
Mission.Impossible.II.2000__#01-27-10_01-27-50_label_A,train,data/raw/xd-violence/data/swin_rgb/1-1004/Mission.Impossible.II.2000__#01-27-10_01-27-50_label_A.npy,16,0,
Mission.Impossible.II.2000__#01-28-24_01-29-00_label_B1-0-0,train,data/raw/xd-violence/data/swin_rgb/1-1004/Mission.Impossible.II.2000__#01-28-24_01-29-00_label_B1-0-0.npy,14,1,fighting
Mission.Impossible.II.2000__#01-31-06_01-31-47_label_B1-0-0,train,data/raw/xd-violence/data/swin_rgb/1-1004/Mission.Impossible.II.2000__#01-31-06_01-31-47_label_B1-0-0.npy,16,1,fighting
Mission.Impossible.II.2000__#01-31-47_01-32-54_label_A,train,data/raw/xd-violence/data/swin_rgb/1-1004/Mission.Impossible.II.2000__#01-31-47_01-32-54_label_A.npy,26,0,
Mission.Impossible.II.2000__#01-33-57_01-34-19_label_G-B2-0,train,data/raw/xd-violence/data/swin_rgb/1-1004/Mission.Impossible.II.2000__#01-33-57_01-34-19_label_G-B2-0.npy,9,1,explosion|shooting
Mission.Impossible.II.2000__#01-36-14_01-37-20_label_B1-G-0,train,data/raw/xd-violence/data/swin_rgb/1-1004/Mission.Impossible.II.2000__#01-36-14_01-37-20_label_B1-G-0.npy,25,1,fighting|explosion
Mission.Impossible.II.2000__#01-39-13_01-39-37_label_B2-0-0,train,data/raw/xd-violence/data/swin_rgb/1-1004/Mission.Impossible.II.2000__#01-39-13_01-39-37_label_B2-0-0.npy,10,1,shooting
Mission.Impossible.II.2000__#01-40-28_01-41-50_label_B2-G-0,train,data/raw/xd-violence/data/swin_rgb/1-1004/Mission.Impossible.II.2000__#01-40-28_01-41-50_label_B2-G-0.npy,31,1,shooting|explosion
Mission.Impossible.II.2000__#01-42-10_01-43-06_label_B2-G-0,train,data/raw/xd-violence/data/swin_rgb/1-1004/Mission.Impossible.II.2000__#01-42-10_01-43-06_label_B2-G-0.npy,22,1,shooting|explosion
Mission.Impossible.II.2000__#01-43-26_01-44-26_label_B2-B6-G,train,data/raw/xd-violence/data/swin_rgb/1-1004/Mission.Impossible.II.2000__#01-43-26_01-44-26_label_B2-B6-G.npy,23,1,shooting|car_accident|explosion
Mission.Impossible.II.2000__#01-45-43_01-46-20_label_B6-G-0,train,data/raw/xd-violence/data/swin_rgb/1-1004/Mission.Impossible.II.2000__#01-45-43_01-46-20_label_B6-G-0.npy,14,1,car_accident|explosion
Mission.Impossible.II.2000__#01-49-15_01-49-34_label_G-B6-0,train,data/raw/xd-violence/data/swin_rgb/1-1004/Mission.Impossible.II.2000__#01-49-15_01-49-34_label_G-B6-0.npy,8,1,explosion|car_accident
Mission.Impossible.II.2000__#01-49-35_01-51-52_label_B1-0-0,train,data/raw/xd-violence/data/swin_rgb/1-1004/Mission.Impossible.II.2000__#01-49-35_01-51-52_label_B1-0-0.npy,52,1,fighting
Mission.Impossible.II.2000__#01-52-05_01-54-05_label_B1-0-0,train,data/raw/xd-violence/data/swin_rgb/1-1004/Mission.Impossible.II.2000__#01-52-05_01-54-05_label_B1-0-0.npy,46,1,fighting
Mission.Impossible.II.2000__#01-55-15_01-55-36_label_B2-0-0,train,data/raw/xd-violence/data/swin_rgb/1-1004/Mission.Impossible.II.2000__#01-55-15_01-55-36_label_B2-0-0.npy,8,1,shooting
Mission.Impossible.II.2000__#01-56-14_01-58-10_label_A,train,data/raw/xd-violence/data/swin_rgb/1-1004/Mission.Impossible.II.2000__#01-56-14_01-58-10_label_A.npy,44,0,
Mission.Impossible.III.2006__#00-04-22_00-07-45_label_A,train,data/raw/xd-violence/data/swin_rgb/1-1004/Mission.Impossible.III.2006__#00-04-22_00-07-45_label_A.npy,77,0,
Mission.Impossible.III.2006__#00-08-23_00-09-50_label_A,train,data/raw/xd-violence/data/swin_rgb/1-1004/Mission.Impossible.III.2006__#00-08-23_00-09-50_label_A.npy,33,0,
Mission.Impossible.III.2006__#00-15-40_00-16-28_label_G-0-0,train,data/raw/xd-violence/data/swin_rgb/1-1004/Mission.Impossible.III.2006__#00-15-40_00-16-28_label_G-0-0.npy,19,1,explosion
Mission.Impossible.III.2006__#00-16-30_00-17-22_label_B2-0-0,train,data/raw/xd-violence/data/swin_rgb/1-1004/Mission.Impossible.III.2006__#00-16-30_00-17-22_label_B2-0-0.npy,20,1,shooting
Mission.Impossible.III.2006__#00-17-45_00-18-13_label_B2-G-0,train,data/raw/xd-violence/data/swin_rgb/1-1004/Mission.Impossible.III.2006__#00-17-45_00-18-13_label_B2-G-0.npy,11,1,shooting|explosion
Mission.Impossible.III.2006__#00-18-41_00-19-45_label_B2-0-0,train,data/raw/xd-violence/data/swin_rgb/1-1004/Mission.Impossible.III.2006__#00-18-41_00-19-45_label_B2-0-0.npy,25,1,shooting
Mission.Impossible.III.2006__#00-20-44_00-21-20_label_G-0-0,train,data/raw/xd-violence/data/swin_rgb/1-1004/Mission.Impossible.III.2006__#00-20-44_00-21-20_label_G-0-0.npy,14,1,explosion
Mission.Impossible.III.2006__#00-22-20_00-22-35_label_G-0-0,train,data/raw/xd-violence/data/swin_rgb/1-1004/Mission.Impossible.III.2006__#00-22-20_00-22-35_label_G-0-0.npy,6,1,explosion
Mission.Impossible.III.2006__#00-23-15_00-23-35_label_G-0-0,train,data/raw/xd-violence/data/swin_rgb/1-1004/Mission.Impossible.III.2006__#00-23-15_00-23-35_label_G-0-0.npy,8,1,explosion
Mission.Impossible.III.2006__#00-28-52_00-30-14_label_A,train,data/raw/xd-violence/data/swin_rgb/1-1004/Mission.Impossible.III.2006__#00-28-52_00-30-14_label_A.npy,31,0,
Mission.Impossible.III.2006__#00-32-40_00-38-00_label_A,train,data/raw/xd-violence/data/swin_rgb/1-1004/Mission.Impossible.III.2006__#00-32-40_00-38-00_label_A.npy,121,0,
Mission.Impossible.III.2006__#00-38-25_00-40-07_label_A,train,data/raw/xd-violence/data/swin_rgb/1-1004/Mission.Impossible.III.2006__#00-38-25_00-40-07_label_A.npy,39,0,
Mission.Impossible.III.2006__#00-42-45_00-42-55_label_A,train,data/raw/xd-violence/data/swin_rgb/1-1004/Mission.Impossible.III.2006__#00-42-45_00-42-55_label_A.npy,4,0,
Mission.Impossible.III.2006__#01-02-54_01-04-32_label_G-B6-0,train,data/raw/xd-violence/data/swin_rgb/1-1004/Mission.Impossible.III.2006__#01-02-54_01-04-32_label_G-B6-0.npy,37,1,explosion|car_accident
Mission.Impossible.III.2006__#01-04-32_01-05-54_label_B2-0-0,train,data/raw/xd-violence/data/swin_rgb/1-1004/Mission.Impossible.III.2006__#01-04-32_01-05-54_label_B2-0-0.npy,31,1,shooting
Mission.Impossible.III.2006__#01-07-35_01-07-55_label_B2-G-0,train,data/raw/xd-violence/data/swin_rgb/1-1004/Mission.Impossible.III.2006__#01-07-35_01-07-55_label_B2-G-0.npy,8,1,shooting|explosion
Mission.Impossible.III.2006__#01-16-19_01-16-57_label_B1-0-0,train,data/raw/xd-violence/data/swin_rgb/1-1004/Mission.Impossible.III.2006__#01-16-19_01-16-57_label_B1-0-0.npy,15,1,fighting
Mission.Impossible.III.2006__#01-18-20_01-20-05_label_A,train,data/raw/xd-violence/data/swin_rgb/1-1004/Mission.Impossible.III.2006__#01-18-20_01-20-05_label_A.npy,40,0,
Mission.Impossible.III.2006__#01-31-37_01-32-20_label_B2-B6-0,train,data/raw/xd-violence/data/swin_rgb/1-1004/Mission.Impossible.III.2006__#01-31-37_01-32-20_label_B2-B6-0.npy,17,1,shooting|car_accident
Mission.Impossible.III.2006__#01-41-59_01-42-36_label_B1-0-0,train,data/raw/xd-violence/data/swin_rgb/1-1004/Mission.Impossible.III.2006__#01-41-59_01-42-36_label_B1-0-0.npy,14,1,fighting
Mission.Impossible.III.2006__#01-47-33_01-49-14_label_B1-B2-0,train,data/raw/xd-violence/data/swin_rgb/1-1004/Mission.Impossible.III.2006__#01-47-33_01-49-14_label_B1-B2-0.npy,38,1,fighting|shooting
Mission.Impossible.III.2006__#01-50-19_01-51-13_label_B1-0-0,train,data/raw/xd-violence/data/swin_rgb/1-1004/Mission.Impossible.III.2006__#01-50-19_01-51-13_label_B1-0-0.npy,21,1,fighting
Mission.Impossible.III.2006__#01-56-50_01-58-50_label_A,train,data/raw/xd-violence/data/swin_rgb/1-1004/Mission.Impossible.III.2006__#01-56-50_01-58-50_label_A.npy,46,0,
Mission.Impossible.V.Rogue.Nation.2015__#00-06-43_00-09-00_label_A,train,data/raw/xd-violence/data/swin_rgb/1-1004/Mission.Impossible.V.Rogue.Nation.2015__#00-06-43_00-09-00_label_A.npy,52,0,
Mission.Impossible.V.Rogue.Nation.2015__#00-10-50_00-11-50_label_A,train,data/raw/xd-violence/data/swin_rgb/1-1004/Mission.Impossible.V.Rogue.Nation.2015__#00-10-50_00-11-50_label_A.npy,23,0,
Mission.Impossible.V.Rogue.Nation.2015__#00-23-00_00-25-22_label_A,train,data/raw/xd-violence/data/swin_rgb/1-1004/Mission.Impossible.V.Rogue.Nation.2015__#00-23-00_00-25-22_label_A.npy,54,0,
Mission.Impossible.V.Rogue.Nation.2015__#00-29-46_00-31-00_label_A,train,data/raw/xd-violence/data/swin_rgb/1-1004/Mission.Impossible.V.Rogue.Nation.2015__#00-29-46_00-31-00_label_A.npy,28,0,
Mission.Impossible.V.Rogue.Nation.2015__#00-35-24_00-36-24_label_B1-0-0,train,data/raw/xd-violence/data/swin_rgb/1-1004/Mission.Impossible.V.Rogue.Nation.2015__#00-35-24_00-36-24_label_B1-0-0.npy,23,1,fighting
Mission.Impossible.V.Rogue.Nation.2015__#00-37-00_00-37-59_label_B1-0-0,train,data/raw/xd-violence/data/swin_rgb/1-1004/Mission.Impossible.V.Rogue.Nation.2015__#00-37-00_00-37-59_label_B1-0-0.npy,23,1,fighting
Mission.Impossible.V.Rogue.Nation.2015__#00-41-49_00-42-21_label_G-0-0,train,data/raw/xd-violence/data/swin_rgb/1-1004/Mission.Impossible.V.Rogue.Nation.2015__#00-41-49_00-42-21_label_G-0-0.npy,13,1,explosion
Mission.Impossible.V.Rogue.Nation.2015__#00-42-52_00-43-41_label_A,train,data/raw/xd-violence/data/swin_rgb/1-1004/Mission.Impossible.V.Rogue.Nation.2015__#00-42-52_00-43-41_label_A.npy,19,0,
Mission.Impossible.V.Rogue.Nation.2015__#00-43-41_00-44-08_label_B2-0-0,train,data/raw/xd-violence/data/swin_rgb/1-1004/Mission.Impossible.V.Rogue.Nation.2015__#00-43-41_00-44-08_label_B2-0-0.npy,11,1,shooting
Mission.Impossible.V.Rogue.Nation.2015__#00-50-43_00-50-56_label_B2-0-0,train,data/raw/xd-violence/data/swin_rgb/1-1004/Mission.Impossible.V.Rogue.Nation.2015__#00-50-43_00-50-56_label_B2-0-0.npy,5,1,shooting
Mission.Impossible.V.Rogue.Nation.2015__#00-54-17_00-55-28_label_A,train,data/raw/xd-violence/data/swin_rgb/1-1004/Mission.Impossible.V.Rogue.Nation.2015__#00-54-17_00-55-28_label_A.npy,27,0,
Mission.Impossible.V.Rogue.Nation.2015__#00-58-50_00-59-50_label_A,train,data/raw/xd-violence/data/swin_rgb/1-1004/Mission.Impossible.V.Rogue.Nation.2015__#00-58-50_00-59-50_label_A.npy,23,0,
Mission.Impossible.V.Rogue.Nation.2015__#01-14-35_01-15-25_label_B2-B6-0,train,data/raw/xd-violence/data/swin_rgb/1-1004/Mission.Impossible.V.Rogue.Nation.2015__#01-14-35_01-15-25_label_B2-B6-0.npy,19,1,shooting|car_accident
Mission.Impossible.V.Rogue.Nation.2015__#01-20-40_01-21-40_label_A,train,data/raw/xd-violence/data/swin_rgb/1-1004/Mission.Impossible.V.Rogue.Nation.2015__#01-20-40_01-21-40_label_A.npy,23,0,
Mission.Impossible.V.Rogue.Nation.2015__#01-21-50_01-24-39_label_A,train,data/raw/xd-violence/data/swin_rgb/1-1004/Mission.Impossible.V.Rogue.Nation.2015__#01-21-50_01-24-39_label_A.npy,64,0,
Mission.Impossible.V.Rogue.Nation.2015__#01-55-51_01-57-18_label_B1-B2-0,train,data/raw/xd-violence/data/swin_rgb/1-1004/Mission.Impossible.V.Rogue.Nation.2015__#01-55-51_01-57-18_label_B1-B2-0.npy,33,1,fighting|shooting
Mission.Impossible.V.Rogue.Nation.2015__#01-57-48_01-59-18_label_B1-0-0,train,data/raw/xd-violence/data/swin_rgb/1-1004/Mission.Impossible.V.Rogue.Nation.2015__#01-57-48_01-59-18_label_B1-0-0.npy,34,1,fighting
Mission.Impossible.V.Rogue.Nation.2015__#02-01-35_02-04-40_label_A,train,data/raw/xd-violence/data/swin_rgb/1-1004/Mission.Impossible.V.Rogue.Nation.2015__#02-01-35_02-04-40_label_A.npy,70,0,
New.Kids.Turbo.2010__#00-01-11_00-02-07_label_A,train,data/raw/xd-violence/data/swin_rgb/1-1004/New.Kids.Turbo.2010__#00-01-11_00-02-07_label_A.npy,21,0,
New.Kids.Turbo.2010__#00-02-24_00-03-30_label_B6-0-0,train,data/raw/xd-violence/data/swin_rgb/1-1004/New.Kids.Turbo.2010__#00-02-24_00-03-30_label_B6-0-0.npy,25,1,car_accident
New.Kids.Turbo.2010__#00-04-24_00-06-30_label_A,train,data/raw/xd-violence/data/swin_rgb/1-1004/New.Kids.Turbo.2010__#00-04-24_00-06-30_label_A.npy,48,0,
New.Kids.Turbo.2010__#00-09-22_00-09-39_label_B1-0-0,train,data/raw/xd-violence/data/swin_rgb/1-1004/New.Kids.Turbo.2010__#00-09-22_00-09-39_label_B1-0-0.npy,7,1,fighting
New.Kids.Turbo.2010__#00-13-50_00-14-10_label_B1-0-0,train,data/raw/xd-violence/data/swin_rgb/1-1004/New.Kids.Turbo.2010__#00-13-50_00-14-10_label_B1-0-0.npy,8,1,fighting
New.Kids.Turbo.2010__#00-14-30_00-15-30_label_A,train,data/raw/xd-violence/data/swin_rgb/1-1004/New.Kids.Turbo.2010__#00-14-30_00-15-30_label_A.npy,23,0,
New.Kids.Turbo.2010__#00-32-58_00-33-59_label_A,train,data/raw/xd-violence/data/swin_rgb/1-1004/New.Kids.Turbo.2010__#00-32-58_00-33-59_label_A.npy,23,0,
New.Kids.Turbo.2010__#00-45-45_00-46-20_label_B2-0-0,train,data/raw/xd-violence/data/swin_rgb/1-1004/New.Kids.Turbo.2010__#00-45-45_00-46-20_label_B2-0-0.npy,14,1,shooting
New.Kids.Turbo.2010__#00-46-23_00-47-55_label_A,train,data/raw/xd-violence/data/swin_rgb/1-1004/New.Kids.Turbo.2010__#00-46-23_00-47-55_label_A.npy,35,0,
New.Kids.Turbo.2010__#00-58-01_00-58-33_label_G-0-0,train,data/raw/xd-violence/data/swin_rgb/1-1004/New.Kids.Turbo.2010__#00-58-01_00-58-33_label_G-0-0.npy,12,1,explosion
New.Kids.Turbo.2010__#00-58-34_00-59-04_label_A,train,data/raw/xd-violence/data/swin_rgb/1-1004/New.Kids.Turbo.2010__#00-58-34_00-59-04_label_A.npy,12,0,
New.Kids.Turbo.2010__#01-12-25_01-14-25_label_B2-0-0,train,data/raw/xd-violence/data/swin_rgb/1-1004/New.Kids.Turbo.2010__#01-12-25_01-14-25_label_B2-0-0.npy,45,1,shooting
New.Kids.Turbo.2010__#01-17-50_01-19-15_label_A,train,data/raw/xd-violence/data/swin_rgb/1-1004/New.Kids.Turbo.2010__#01-17-50_01-19-15_label_A.npy,32,0,
NewAdd.Dream.Team.8__#1_label_A,train,data/raw/xd-violence/data/swin_rgb/1005-2004/NewAdd.Dream.Team.8__#1_label_A.npy,2136,0,
NewAdd.NBA-2017.12.25_CLE@GSW__#00-00-00_00-21-00_label_A,train,data/raw/xd-violence/data/swin_rgb/1005-2004/NewAdd.NBA-2017.12.25_CLE@GSW__#00-00-00_00-21-00_label_A.npy,473,0,
NewAdd.NBA-2017.12.25_CLE@GSW__#00-21-00_00-44-20_label_A,train,data/raw/xd-violence/data/swin_rgb/1005-2004/NewAdd.NBA-2017.12.25_CLE@GSW__#00-21-00_00-44-20_label_A.npy,526,0,
NewAdd.NBA-2017.12.25_CLE@GSW__#00-44-20_01-08-34_label_A,train,data/raw/xd-violence/data/swin_rgb/1005-2004/NewAdd.NBA-2017.12.25_CLE@GSW__#00-44-20_01-08-34_label_A.npy,546,0,
NewAdd.xidianuniversity__#1_label_A,train,data/raw/xd-violence/data/swin_rgb/1005-2004/NewAdd.xidianuniversity__#1_label_A.npy,181,0,
One.Day.2011__#00-01-45_00-02-50_label_A,train,data/raw/xd-violence/data/swin_rgb/1005-2004/One.Day.2011__#00-01-45_00-02-50_label_A.npy,25,0,
One.Day.2011__#00-03-00_00-04-05_label_A,train,data/raw/xd-violence/data/swin_rgb/1005-2004/One.Day.2011__#00-03-00_00-04-05_label_A.npy,25,0,
One.Day.2011__#00-06-52_00-08-22_label_A,train,data/raw/xd-violence/data/swin_rgb/1005-2004/One.Day.2011__#00-06-52_00-08-22_label_A.npy,34,0,
One.Day.2011__#00-08-55_00-10-50_label_A,train,data/raw/xd-violence/data/swin_rgb/1005-2004/One.Day.2011__#00-08-55_00-10-50_label_A.npy,44,0,
One.Day.2011__#00-12-45_00-15-08_label_A,train,data/raw/xd-violence/data/swin_rgb/1005-2004/One.Day.2011__#00-12-45_00-15-08_label_A.npy,54,0,
One.Day.2011__#00-16-18_00-18-09_label_A,train,data/raw/xd-violence/data/swin_rgb/1005-2004/One.Day.2011__#00-16-18_00-18-09_label_A.npy,42,0,
One.Day.2011__#00-20-35_00-23-06_label_A,train,data/raw/xd-violence/data/swin_rgb/1005-2004/One.Day.2011__#00-20-35_00-23-06_label_A.npy,57,0,
One.Day.2011__#00-25-20_00-28-20_label_A,train,data/raw/xd-violence/data/swin_rgb/1005-2004/One.Day.2011__#00-25-20_00-28-20_label_A.npy,68,0,
One.Day.2011__#00-29-50_00-32-05_label_A,train,data/raw/xd-violence/data/swin_rgb/1005-2004/One.Day.2011__#00-29-50_00-32-05_label_A.npy,51,0,
One.Day.2011__#00-32-07_00-35-00_label_A,train,data/raw/xd-violence/data/swin_rgb/1005-2004/One.Day.2011__#00-32-07_00-35-00_label_A.npy,65,0,
One.Day.2011__#00-35-50_00-40-31_label_A,train,data/raw/xd-violence/data/swin_rgb/1005-2004/One.Day.2011__#00-35-50_00-40-31_label_A.npy,106,0,
One.Day.2011__#00-40-52_00-42-01_label_A,train,data/raw/xd-violence/data/swin_rgb/1005-2004/One.Day.2011__#00-40-52_00-42-01_label_A.npy,26,0,
One.Day.2011__#00-42-52_00-45-31_label_A,train,data/raw/xd-violence/data/swin_rgb/1005-2004/One.Day.2011__#00-42-52_00-45-31_label_A.npy,60,0,
One.Day.2011__#00-45-40_00-47-30_label_A,train,data/raw/xd-violence/data/swin_rgb/1005-2004/One.Day.2011__#00-45-40_00-47-30_label_A.npy,42,0,
One.Day.2011__#00-58-18_01-02-30_label_A,train,data/raw/xd-violence/data/swin_rgb/1005-2004/One.Day.2011__#00-58-18_01-02-30_label_A.npy,95,0,
One.Day.2011__#01-07-50_01-14-05_label_A,train,data/raw/xd-violence/data/swin_rgb/1005-2004/One.Day.2011__#01-07-50_01-14-05_label_A.npy,141,0,
One.Day.2011__#01-14-30_01-16-59_label_A,train,data/raw/xd-violence/data/swin_rgb/1005-2004/One.Day.2011__#01-14-30_01-16-59_label_A.npy,56,0,
One.Day.2011__#01-17-00_01-21-50_label_A,train,data/raw/xd-violence/data/swin_rgb/1005-2004/One.Day.2011__#01-17-00_01-21-50_label_A.npy,109,0,
One.Day.2011__#01-22-00_01-26-14_label_A,train,data/raw/xd-violence/data/swin_rgb/1005-2004/One.Day.2011__#01-22-00_01-26-14_label_A.npy,96,0,
One.Day.2011__#01-31-56_01-38-14_label_A,train,data/raw/xd-violence/data/swin_rgb/1005-2004/One.Day.2011__#01-31-56_01-38-14_label_A.npy,142,0,
One.Day.2011__#01-38-56_01-41-14_label_A,train,data/raw/xd-violence/data/swin_rgb/1005-2004/One.Day.2011__#01-38-56_01-41-14_label_A.npy,52,0,
Operation.Red.Sea.2018__#0-05-27_0-07-35_label_B2-0-0,train,data/raw/xd-violence/data/swin_rgb/1005-2004/Operation.Red.Sea.2018__#0-05-27_0-07-35_label_B2-0-0.npy,48,1,shooting
Operation.Red.Sea.2018__#0-07-37_0-07-55_label_G-0-0,train,data/raw/xd-violence/data/swin_rgb/1005-2004/Operation.Red.Sea.2018__#0-07-37_0-07-55_label_G-0-0.npy,7,1,explosion
Operation.Red.Sea.2018__#0-13-50_0-16-05_label_A,train,data/raw/xd-violence/data/swin_rgb/1005-2004/Operation.Red.Sea.2018__#0-13-50_0-16-05_label_A.npy,51,0,
Operation.Red.Sea.2018__#0-19-56_0-20-58_label_A,train,data/raw/xd-violence/data/swin_rgb/1005-2004/Operation.Red.Sea.2018__#0-19-56_0-20-58_label_A.npy,24,0,
Operation.Red.Sea.2018__#0-23-37_0-24-25_label_A,train,data/raw/xd-violence/data/swin_rgb/1005-2004/Operation.Red.Sea.2018__#0-23-37_0-24-25_label_A.npy,18,0,
Operation.Red.Sea.2018__#0-26-07_0-27-21_label_B2-0-0,train,data/raw/xd-violence/data/swin_rgb/1005-2004/Operation.Red.Sea.2018__#0-26-07_0-27-21_label_B2-0-0.npy,28,1,shooting
Operation.Red.Sea.2018__#0-30-40_0-31-30_label_B2-0-0,train,data/raw/xd-violence/data/swin_rgb/1005-2004/Operation.Red.Sea.2018__#0-30-40_0-31-30_label_B2-0-0.npy,19,1,shooting
Operation.Red.Sea.2018__#0-31-34_0-33-12_label_B2-0-0,train,data/raw/xd-violence/data/swin_rgb/1005-2004/Operation.Red.Sea.2018__#0-31-34_0-33-12_label_B2-0-0.npy,37,1,shooting
Operation.Red.Sea.2018__#0-33-45_0-34-20_label_B5-0-0,train,data/raw/xd-violence/data/swin_rgb/1005-2004/Operation.Red.Sea.2018__#0-33-45_0-34-20_label_B5-0-0.npy,14,1,abuse
Operation.Red.Sea.2018__#0-34-30_0-34-53_label_B2-G-0,train,data/raw/xd-violence/data/swin_rgb/1005-2004/Operation.Red.Sea.2018__#0-34-30_0-34-53_label_B2-G-0.npy,9,1,shooting|explosion
Operation.Red.Sea.2018__#0-35-18_0-36-03_label_B2-B6-0,train,data/raw/xd-violence/data/swin_rgb/1005-2004/Operation.Red.Sea.2018__#0-35-18_0-36-03_label_B2-B6-0.npy,17,1,shooting|car_accident
Operation.Red.Sea.2018__#0-36-25_0-38-01_label_B2-0-0,train,data/raw/xd-violence/data/swin_rgb/1005-2004/Operation.Red.Sea.2018__#0-36-25_0-38-01_label_B2-0-0.npy,36,1,shooting
Operation.Red.Sea.2018__#0-38-02_0-43-05_label_B2-G-0,train,data/raw/xd-violence/data/swin_rgb/1005-2004/Operation.Red.Sea.2018__#0-38-02_0-43-05_label_B2-G-0.npy,114,1,shooting|explosion
Operation.Red.Sea.2018__#0-47-28_0-48-15_label_A,train,data/raw/xd-violence/data/swin_rgb/1005-2004/Operation.Red.Sea.2018__#0-47-28_0-48-15_label_A.npy,18,0,
Operation.Red.Sea.2018__#0-53-51_0-55-00_label_G-0-0,train,data/raw/xd-violence/data/swin_rgb/1005-2004/Operation.Red.Sea.2018__#0-53-51_0-55-00_label_G-0-0.npy,26,1,explosion
Operation.Red.Sea.2018__#0-55-04_0-56-25_label_B2-0-0,train,data/raw/xd-violence/data/swin_rgb/1005-2004/Operation.Red.Sea.2018__#0-55-04_0-56-25_label_B2-0-0.npy,31,1,shooting
Operation.Red.Sea.2018__#01-00-55_01-01-00_label_G-0-0,train,data/raw/xd-violence/data/swin_rgb/1005-2004/Operation.Red.Sea.2018__#01-00-55_01-01-00_label_G-0-0.npy,2,1,explosion
Operation.Red.Sea.2018__#01-02-13_01-02-22_label_G-0-0,train,data/raw/xd-violence/data/swin_rgb/1005-2004/Operation.Red.Sea.2018__#01-02-13_01-02-22_label_G-0-0.npy,4,1,explosion
Operation.Red.Sea.2018__#01-06-10_01-06-40_label_G-0-0,train,data/raw/xd-violence/data/swin_rgb/1005-2004/Operation.Red.Sea.2018__#01-06-10_01-06-40_label_G-0-0.npy,12,1,explosion
Operation.Red.Sea.2018__#01-27-33_01-27-43_label_G-0-0,train,data/raw/xd-violence/data/swin_rgb/1005-2004/Operation.Red.Sea.2018__#01-27-33_01-27-43_label_G-0-0.npy,4,1,explosion
Operation.Red.Sea.2018__#01-28-15_01-29-05_label_B2-0-0,train,data/raw/xd-violence/data/swin_rgb/1005-2004/Operation.Red.Sea.2018__#01-28-15_01-29-05_label_B2-0-0.npy,19,1,shooting
Operation.Red.Sea.2018__#01-31-26_01-31-45_label_G-0-0,train,data/raw/xd-violence/data/swin_rgb/1005-2004/Operation.Red.Sea.2018__#01-31-26_01-31-45_label_G-0-0.npy,8,1,explosion
Operation.Red.Sea.2018__#01-31-46_01-32-01_label_B2-0-0,train,data/raw/xd-violence/data/swin_rgb/1005-2004/Operation.Red.Sea.2018__#01-31-46_01-32-01_label_B2-0-0.npy,6,1,shooting
Operation.Red.Sea.2018__#01-32-16_01-33-29_label_B2-G-0,train,data/raw/xd-violence/data/swin_rgb/1005-2004/Operation.Red.Sea.2018__#01-32-16_01-33-29_label_B2-G-0.npy,28,1,shooting|explosion
Operation.Red.Sea.2018__#01-34-55_01-35-22_label_G-0-0,train,data/raw/xd-violence/data/swin_rgb/1005-2004/Operation.Red.Sea.2018__#01-34-55_01-35-22_label_G-0-0.npy,11,1,explosion
Operation.Red.Sea.2018__#01-36-06_01-36-20_label_G-0-0,train,data/raw/xd-violence/data/swin_rgb/1005-2004/Operation.Red.Sea.2018__#01-36-06_01-36-20_label_G-0-0.npy,6,1,explosion
Operation.Red.Sea.2018__#01-36-21_01-37-00_label_B2-0-0,train,data/raw/xd-violence/data/swin_rgb/1005-2004/Operation.Red.Sea.2018__#01-36-21_01-37-00_label_B2-0-0.npy,15,1,shooting
Operation.Red.Sea.2018__#01-39-46_01-40-25_label_G-0-0,train,data/raw/xd-violence/data/swin_rgb/1005-2004/Operation.Red.Sea.2018__#01-39-46_01-40-25_label_G-0-0.npy,15,1,explosion
Operation.Red.Sea.2018__#01-42-54_01-44-00_label_B2-0-0,train,data/raw/xd-violence/data/swin_rgb/1005-2004/Operation.Red.Sea.2018__#01-42-54_01-44-00_label_B2-0-0.npy,25,1,shooting
Operation.Red.Sea.2018__#01-52-20_01-54-14_label_G-0-0,train,data/raw/xd-violence/data/swin_rgb/1005-2004/Operation.Red.Sea.2018__#01-52-20_01-54-14_label_G-0-0.npy,43,1,explosion
Operation.Red.Sea.2018__#02-08-54_02-09-08_label_G-B6-0,train,data/raw/xd-violence/data/swin_rgb/1005-2004/Operation.Red.Sea.2018__#02-08-54_02-09-08_label_G-B6-0.npy,6,1,explosion|car_accident
Operation.Red.Sea.2018__#02-12-05_02-12-26_label_G-0-0,train,data/raw/xd-violence/data/swin_rgb/1005-2004/Operation.Red.Sea.2018__#02-12-05_02-12-26_label_G-0-0.npy,8,1,explosion
Operation.Red.Sea.2018__#02-13-56_02-14-21_label_A,train,data/raw/xd-violence/data/swin_rgb/1005-2004/Operation.Red.Sea.2018__#02-13-56_02-14-21_label_A.npy,10,0,
Operation.Red.Sea.2018__#02-14-39_02-15-09_label_A,train,data/raw/xd-violence/data/swin_rgb/1005-2004/Operation.Red.Sea.2018__#02-14-39_02-15-09_label_A.npy,12,0,
Quantum.Of.Solace.2008__#00-00-44_00-03-45_label_B2-B6-0,train,data/raw/xd-violence/data/swin_rgb/1005-2004/Quantum.Of.Solace.2008__#00-00-44_00-03-45_label_B2-B6-0.npy,68,1,shooting|car_accident
Quantum.Of.Solace.2008__#00-13-19_00-14-55_label_B1-B2-0,train,data/raw/xd-violence/data/swin_rgb/1005-2004/Quantum.Of.Solace.2008__#00-13-19_00-14-55_label_B1-B2-0.npy,36,1,fighting|shooting
Quantum.Of.Solace.2008__#00-15-09_00-17-47_label_A,train,data/raw/xd-violence/data/swin_rgb/1005-2004/Quantum.Of.Solace.2008__#00-15-09_00-17-47_label_A.npy,60,0,
Quantum.Of.Solace.2008__#00-17-50_00-18-46_label_A,train,data/raw/xd-violence/data/swin_rgb/1005-2004/Quantum.Of.Solace.2008__#00-17-50_00-18-46_label_A.npy,22,0,
Quantum.Of.Solace.2008__#00-18-46_00-19-53_label_B1-0-0,train,data/raw/xd-violence/data/swin_rgb/1005-2004/Quantum.Of.Solace.2008__#00-18-46_00-19-53_label_B1-0-0.npy,26,1,fighting
Quantum.Of.Solace.2008__#00-22-53_00-29-20_label_A,train,data/raw/xd-violence/data/swin_rgb/1005-2004/Quantum.Of.Solace.2008__#00-22-53_00-29-20_label_A.npy,146,0,
Quantum.Of.Solace.2008__#00-30-15_00-31-11_label_B2-0-0,train,data/raw/xd-violence/data/swin_rgb/1005-2004/Quantum.Of.Solace.2008__#00-30-15_00-31-11_label_B2-0-0.npy,22,1,shooting
Quantum.Of.Solace.2008__#00-31-25_00-32-31_label_B2-G-B6,train,data/raw/xd-violence/data/swin_rgb/1005-2004/Quantum.Of.Solace.2008__#00-31-25_00-32-31_label_B2-G-B6.npy,25,1,shooting|explosion|car_accident
Quantum.Of.Solace.2008__#00-33-42_00-36-22_label_A,train,data/raw/xd-violence/data/swin_rgb/1005-2004/Quantum.Of.Solace.2008__#00-33-42_00-36-22_label_A.npy,61,0,
Quantum.Of.Solace.2008__#00-44-22_00-45-32_label_B2-0-0,train,data/raw/xd-violence/data/swin_rgb/1005-2004/Quantum.Of.Solace.2008__#00-44-22_00-45-32_label_B2-0-0.npy,27,1,shooting
Quantum.Of.Solace.2008__#00-56-59_00-58-54_label_A,train,data/raw/xd-violence/data/swin_rgb/1005-2004/Quantum.Of.Solace.2008__#00-56-59_00-58-54_label_A.npy,44,0,
Quantum.Of.Solace.2008__#01-02-03_01-02-46_label_B2-B1-0,train,data/raw/xd-violence/data/swin_rgb/1005-2004/Quantum.Of.Solace.2008__#01-02-03_01-02-46_label_B2-B1-0.npy,17,1,shooting|fighting
Quantum.Of.Solace.2008__#01-12-38_01-15-48_label_A,train,data/raw/xd-violence/data/swin_rgb/1005-2004/Quantum.Of.Solace.2008__#01-12-38_01-15-48_label_A.npy,72,0,
Quantum.Of.Solace.2008__#01-22-53_01-23-55_label_B2-B1-0,train,data/raw/xd-violence/data/swin_rgb/1005-2004/Quantum.Of.Solace.2008__#01-22-53_01-23-55_label_B2-B1-0.npy,24,1,shooting|fighting
Quantum.Of.Solace.2008__#01-25-15_01-26-05_label_A,train,data/raw/xd-violence/data/swin_rgb/1005-2004/Quantum.Of.Solace.2008__#01-25-15_01-26-05_label_A.npy,19,0,
Quantum.Of.Solace.2008__#01-29-46_01-30-26_label_B2-G-0,train,data/raw/xd-violence/data/swin_rgb/1005-2004/Quantum.Of.Solace.2008__#01-29-46_01-30-26_label_B2-G-0.npy,16,1,shooting|explosion
Quantum.Of.Solace.2008__#01-30-50_01-31-10_label_B1-G-0,train,data/raw/xd-violence/data/swin_rgb/1005-2004/Quantum.Of.Solace.2008__#01-30-50_01-31-10_label_B1-G-0.npy,8,1,fighting|explosion
Quantum.Of.Solace.2008__#01-31-16_01-32-50_label_B1-G-0,train,data/raw/xd-violence/data/swin_rgb/1005-2004/Quantum.Of.Solace.2008__#01-31-16_01-32-50_label_B1-G-0.npy,36,1,fighting|explosion
Quantum.Of.Solace.2008__#01-33-02_01-34-52_label_G-B2-0,train,data/raw/xd-violence/data/swin_rgb/1005-2004/Quantum.Of.Solace.2008__#01-33-02_01-34-52_label_G-B2-0.npy,42,1,explosion|shooting
Quantum.Of.Solace.2008__#01-36-08_01-38-00_label_A,train,data/raw/xd-violence/data/swin_rgb/1005-2004/Quantum.Of.Solace.2008__#01-36-08_01-38-00_label_A.npy,43,0,
Quantum.Of.Solace.2008__#01-40-09_01-41-35_label_A,train,data/raw/xd-violence/data/swin_rgb/1005-2004/Quantum.Of.Solace.2008__#01-40-09_01-41-35_label_A.npy,33,0,
Rush.Hour.1998.BluRay__#00-02-23_00-04-02_label_B1-B2-0,train,data/raw/xd-violence/data/swin_rgb/1005-2004/Rush.Hour.1998.BluRay__#00-02-23_00-04-02_label_B1-B2-0.npy,38,1,fighting|shooting
Rush.Hour.1998.BluRay__#00-04-03_00-05-26_label_A,train,data/raw/xd-violence/data/swin_rgb/1005-2004/Rush.Hour.1998.BluRay__#00-04-03_00-05-26_label_A.npy,32,0,
Rush.Hour.1998.BluRay__#00-07-26_00-08-02_label_B1-0-0,train,data/raw/xd-violence/data/swin_rgb/1005-2004/Rush.Hour.1998.BluRay__#00-07-26_00-08-02_label_B1-0-0.npy,14,1,fighting
Rush.Hour.1998.BluRay__#00-09-35_00-10-55_label_A,train,data/raw/xd-violence/data/swin_rgb/1005-2004/Rush.Hour.1998.BluRay__#00-09-35_00-10-55_label_A.npy,31,0,
Rush.Hour.1998.BluRay__#00-13-14_00-14-40_label_A,train,data/raw/xd-violence/data/swin_rgb/1005-2004/Rush.Hour.1998.BluRay__#00-13-14_00-14-40_label_A.npy,33,0,
Rush.Hour.1998.BluRay__#00-15-18_00-17-08_label_A,train,data/raw/xd-violence/data/swin_rgb/1005-2004/Rush.Hour.1998.BluRay__#00-15-18_00-17-08_label_A.npy,42,0,
Rush.Hour.1998.BluRay__#00-20-03_00-22-55_label_A,train,data/raw/xd-violence/data/swin_rgb/1005-2004/Rush.Hour.1998.BluRay__#00-20-03_00-22-55_label_A.npy,65,0,
Rush.Hour.1998.BluRay__#00-32-44_00-34-12_label_B1-0-0,train,data/raw/xd-violence/data/swin_rgb/1005-2004/Rush.Hour.1998.BluRay__#00-32-44_00-34-12_label_B1-0-0.npy,33,1,fighting
Rush.Hour.1998.BluRay__#00-37-33_00-38-10_label_B1-0-0,train,data/raw/xd-violence/data/swin_rgb/1005-2004/Rush.Hour.1998.BluRay__#00-37-33_00-38-10_label_B1-0-0.npy,14,1,fighting
Rush.Hour.1998.BluRay__#00-43-05_00-43-36_label_G-0-0,train,data/raw/xd-violence/data/swin_rgb/1005-2004/Rush.Hour.1998.BluRay__#00-43-05_00-43-36_label_G-0-0.npy,12,1,explosion
Rush.Hour.1998.BluRay__#00-44-45_00-46-42_label_B1-B2-0,train,data/raw/xd-violence/data/swin_rgb/1005-2004/Rush.Hour.1998.BluRay__#00-44-45_00-46-42_label_B1-B2-0.npy,44,1,fighting|shooting
Rush.Hour.1998.BluRay__#00-49-15_00-51-10_label_A,train,data/raw/xd-violence/data/swin_rgb/1005-2004/Rush.Hour.1998.BluRay__#00-49-15_00-51-10_label_A.npy,44,0,
Rush.Hour.1998.BluRay__#00-51-12_00-53-44_label_A,train,data/raw/xd-violence/data/swin_rgb/1005-2004/Rush.Hour.1998.BluRay__#00-51-12_00-53-44_label_A.npy,58,0,
Rush.Hour.1998.BluRay__#00-55-24_00-58-47_label_A,train,data/raw/xd-violence/data/swin_rgb/1005-2004/Rush.Hour.1998.BluRay__#00-55-24_00-58-47_label_A.npy,77,0,
Rush.Hour.1998.BluRay__#01-02-47_01-04-17_label_B1-0-0,train,data/raw/xd-violence/data/swin_rgb/1005-2004/Rush.Hour.1998.BluRay__#01-02-47_01-04-17_label_B1-0-0.npy,34,1,fighting
Rush.Hour.1998.BluRay__#01-06-07_01-08-37_label_A,train,data/raw/xd-violence/data/swin_rgb/1005-2004/Rush.Hour.1998.BluRay__#01-06-07_01-08-37_label_A.npy,57,0,
Rush.Hour.1998.BluRay__#01-13-13_01-16-00_label_A,train,data/raw/xd-violence/data/swin_rgb/1005-2004/Rush.Hour.1998.BluRay__#01-13-13_01-16-00_label_A.npy,63,0,
Rush.Hour.1998.BluRay__#01-18-52_01-20-08_label_B2-B6-0,train,data/raw/xd-violence/data/swin_rgb/1005-2004/Rush.Hour.1998.BluRay__#01-18-52_01-20-08_label_B2-B6-0.npy,29,1,shooting|car_accident
Rush.Hour.1998.BluRay__#01-21-48_01-22-19_label_B2-0-0,train,data/raw/xd-violence/data/swin_rgb/1005-2004/Rush.Hour.1998.BluRay__#01-21-48_01-22-19_label_B2-0-0.npy,12,1,shooting
Rush.Hour.1998.BluRay__#01-22-19_01-24-06_label_B1-B2-0,train,data/raw/xd-violence/data/swin_rgb/1005-2004/Rush.Hour.1998.BluRay__#01-22-19_01-24-06_label_B1-B2-0.npy,41,1,fighting|shooting
Rush.Hour.1998.BluRay__#01-29-16_01-32-06_label_A,train,data/raw/xd-violence/data/swin_rgb/1005-2004/Rush.Hour.1998.BluRay__#01-29-16_01-32-06_label_A.npy,64,0,
Rush.Hour.3.2007.BluRay__#00-08-51_00-09-10_label_B2-B6-0,train,data/raw/xd-violence/data/swin_rgb/1005-2004/Rush.Hour.3.2007.BluRay__#00-08-51_00-09-10_label_B2-B6-0.npy,8,1,shooting|car_accident
Rush.Hour.3.2007.BluRay__#00-09-30_00-12-00_label_A,train,data/raw/xd-violence/data/swin_rgb/1005-2004/Rush.Hour.3.2007.BluRay__#00-09-30_00-12-00_label_A.npy,57,0,
Rush.Hour.3.2007.BluRay__#00-18-21_00-18-47_label_B2-0-0,train,data/raw/xd-violence/data/swin_rgb/1005-2004/Rush.Hour.3.2007.BluRay__#00-18-21_00-18-47_label_B2-0-0.npy,10,1,shooting
Rush.Hour.3.2007.BluRay__#00-18-47_00-20-11_label_B2-B1-0,train,data/raw/xd-violence/data/swin_rgb/1005-2004/Rush.Hour.3.2007.BluRay__#00-18-47_00-20-11_label_B2-B1-0.npy,32,1,shooting|fighting
Rush.Hour.3.2007.BluRay__#00-25-05_00-25-25_label_G-0-0,train,data/raw/xd-violence/data/swin_rgb/1005-2004/Rush.Hour.3.2007.BluRay__#00-25-05_00-25-25_label_G-0-0.npy,8,1,explosion
Rush.Hour.3.2007.BluRay__#00-25-55_00-27-00_label_A,train,data/raw/xd-violence/data/swin_rgb/1005-2004/Rush.Hour.3.2007.BluRay__#00-25-55_00-27-00_label_A.npy,25,0,
Rush.Hour.3.2007.BluRay__#00-42-02_00-47-43_label_A,train,data/raw/xd-violence/data/swin_rgb/1005-2004/Rush.Hour.3.2007.BluRay__#00-42-02_00-47-43_label_A.npy,128,0,
Rush.Hour.3.2007.BluRay__#00-55-12_00-58-10_label_A,train,data/raw/xd-violence/data/swin_rgb/1005-2004/Rush.Hour.3.2007.BluRay__#00-55-12_00-58-10_label_A.npy,67,0,
Rush.Hour.3.2007.BluRay__#01-09-20_01-10-57_label_B1-0-0,train,data/raw/xd-violence/data/swin_rgb/1005-2004/Rush.Hour.3.2007.BluRay__#01-09-20_01-10-57_label_B1-0-0.npy,37,1,fighting
Rush.Hour.3.2007.BluRay__#01-12-36_01-13-53_label_B1-0-0,train,data/raw/xd-violence/data/swin_rgb/1005-2004/Rush.Hour.3.2007.BluRay__#01-12-36_01-13-53_label_B1-0-0.npy,29,1,fighting
Rush.Hour.3.2007.BluRay__#01-16-36_01-17-08_label_B2-0-0,train,data/raw/xd-violence/data/swin_rgb/1005-2004/Rush.Hour.3.2007.BluRay__#01-16-36_01-17-08_label_B2-0-0.npy,13,1,shooting
Rush.Hour.3.2007.BluRay__#01-17-08_01-17-48_label_B1-B2-0,train,data/raw/xd-violence/data/swin_rgb/1005-2004/Rush.Hour.3.2007.BluRay__#01-17-08_01-17-48_label_B1-B2-0.npy,16,1,fighting|shooting
Rush.Hour.3.2007.BluRay__#01-18-26_01-18-36_label_B2-0-0,train,data/raw/xd-violence/data/swin_rgb/1005-2004/Rush.Hour.3.2007.BluRay__#01-18-26_01-18-36_label_B2-0-0.npy,4,1,shooting
Rush.Hour.3.2007.BluRay__#01-19-53_01-20-06_label_B2-0-0,train,data/raw/xd-violence/data/swin_rgb/1005-2004/Rush.Hour.3.2007.BluRay__#01-19-53_01-20-06_label_B2-0-0.npy,5,1,shooting
Rush.Hour.3.2007.BluRay__#01-21-29_01-22-07_label_A,train,data/raw/xd-violence/data/swin_rgb/1005-2004/Rush.Hour.3.2007.BluRay__#01-21-29_01-22-07_label_A.npy,15,0,
Salt.2010__#00-00-41_00-02-10_label_B5-0-0,train,data/raw/xd-violence/data/swin_rgb/1005-2004/Salt.2010__#00-00-41_00-02-10_label_B5-0-0.npy,34,1,abuse
Salt.2010__#00-13-05_00-13-40_label_B5-0-0,train,data/raw/xd-violence/data/swin_rgb/1005-2004/Salt.2010__#00-13-05_00-13-40_label_B5-0-0.npy,14,1,abuse
Salt.2010__#00-19-42_00-20-30_label_A,train,data/raw/xd-violence/data/swin_rgb/1005-2004/Salt.2010__#00-19-42_00-20-30_label_A.npy,18,0,
Salt.2010__#00-24-24_00-24-37_label_G-0-0,train,data/raw/xd-violence/data/swin_rgb/1005-2004/Salt.2010__#00-24-24_00-24-37_label_G-0-0.npy,5,1,explosion
Salt.2010__#00-24-37_00-25-07_label_B2-0-0,train,data/raw/xd-violence/data/swin_rgb/1005-2004/Salt.2010__#00-24-37_00-25-07_label_B2-0-0.npy,12,1,shooting
Salt.2010__#00-28-03_00-28-35_label_B2-0-0,train,data/raw/xd-violence/data/swin_rgb/1005-2004/Salt.2010__#00-28-03_00-28-35_label_B2-0-0.npy,13,1,shooting
Salt.2010__#00-28-36_00-29-00_label_G-0-0,train,data/raw/xd-violence/data/swin_rgb/1005-2004/Salt.2010__#00-28-36_00-29-00_label_G-0-0.npy,10,1,explosion
Salt.2010__#00-31-00_00-32-01_label_A,train,data/raw/xd-violence/data/swin_rgb/1005-2004/Salt.2010__#00-31-00_00-32-01_label_A.npy,23,0,
Salt.2010__#00-34-53_00-35-20_label_B2-0-0,train,data/raw/xd-violence/data/swin_rgb/1005-2004/Salt.2010__#00-34-53_00-35-20_label_B2-0-0.npy,11,1,shooting
Salt.2010__#00-36-10_00-36-40_label_B2-0-0,train,data/raw/xd-violence/data/swin_rgb/1005-2004/Salt.2010__#00-36-10_00-36-40_label_B2-0-0.npy,12,1,shooting
Salt.2010__#00-38-13_00-39-13_label_A,train,data/raw/xd-violence/data/swin_rgb/1005-2004/Salt.2010__#00-38-13_00-39-13_label_A.npy,23,0,
Salt.2010__#00-40-10_00-42-22_label_A,train,data/raw/xd-violence/data/swin_rgb/1005-2004/Salt.2010__#00-40-10_00-42-22_label_A.npy,50,0,
Salt.2010__#00-49-20_00-49-46_label_B1-0-0,train,data/raw/xd-violence/data/swin_rgb/1005-2004/Salt.2010__#00-49-20_00-49-46_label_B1-0-0.npy,10,1,fighting
Salt.2010__#00-50-40_00-51-15_label_B1-B2-0,train,data/raw/xd-violence/data/swin_rgb/1005-2004/Salt.2010__#00-50-40_00-51-15_label_B1-B2-0.npy,14,1,fighting|shooting
Salt.2010__#00-51-17_00-51-40_label_B2-0-0,train,data/raw/xd-violence/data/swin_rgb/1005-2004/Salt.2010__#00-51-17_00-51-40_label_B2-0-0.npy,9,1,shooting
Salt.2010__#00-51-40_00-52-10_label_G-0-0,train,data/raw/xd-violence/data/swin_rgb/1005-2004/Salt.2010__#00-51-40_00-52-10_label_G-0-0.npy,12,1,explosion
Salt.2010__#00-52-08_00-52-38_label_B2-0-0,train,data/raw/xd-violence/data/swin_rgb/1005-2004/Salt.2010__#00-52-08_00-52-38_label_B2-0-0.npy,12,1,shooting
Salt.2010__#00-54-22_00-55-02_label_A,train,data/raw/xd-violence/data/swin_rgb/1005-2004/Salt.2010__#00-54-22_00-55-02_label_A.npy,16,0,
Salt.2010__#00-55-52_00-57-50_label_B1-B5-B6,train,data/raw/xd-violence/data/swin_rgb/1005-2004/Salt.2010__#00-55-52_00-57-50_label_B1-B5-B6.npy,45,1,fighting|abuse|car_accident
Salt.2010__#00-57-55_01-01-01_label_A,train,data/raw/xd-violence/data/swin_rgb/1005-2004/Salt.2010__#00-57-55_01-01-01_label_A.npy,70,0,
Salt.2010__#01-05-30_01-05-53_label_B5-0-0,train,data/raw/xd-violence/data/swin_rgb/1005-2004/Salt.2010__#01-05-30_01-05-53_label_B5-0-0.npy,9,1,abuse
Salt.2010__#01-08-26_01-09-42_label_A,train,data/raw/xd-violence/data/swin_rgb/1005-2004/Salt.2010__#01-08-26_01-09-42_label_A.npy,29,0,
Salt.2010__#01-10-30_01-12-00_label_A,train,data/raw/xd-violence/data/swin_rgb/1005-2004/Salt.2010__#01-10-30_01-12-00_label_A.npy,34,0,
Salt.2010__#01-13-50_01-14-07_label_B1-0-0,train,data/raw/xd-violence/data/swin_rgb/1005-2004/Salt.2010__#01-13-50_01-14-07_label_B1-0-0.npy,7,1,fighting
Salt.2010__#01-15-20_01-15-42_label_B1-0-0,train,data/raw/xd-violence/data/swin_rgb/1005-2004/Salt.2010__#01-15-20_01-15-42_label_B1-0-0.npy,9,1,fighting
Salt.2010__#01-17-50_01-18-14_label_B1-B2-B5,train,data/raw/xd-violence/data/swin_rgb/1005-2004/Salt.2010__#01-17-50_01-18-14_label_B1-B2-B5.npy,10,1,fighting|shooting|abuse
Salt.2010__#01-18-20_01-19-08_label_A,train,data/raw/xd-violence/data/swin_rgb/1005-2004/Salt.2010__#01-18-20_01-19-08_label_A.npy,19,0,
Salt.2010__#01-19-30_01-19-54_label_B2-0-0,train,data/raw/xd-violence/data/swin_rgb/1005-2004/Salt.2010__#01-19-30_01-19-54_label_B2-0-0.npy,10,1,shooting
Salt.2010__#01-20-25_01-21-00_label_B2-0-0,train,data/raw/xd-violence/data/swin_rgb/1005-2004/Salt.2010__#01-20-25_01-21-00_label_B2-0-0.npy,14,1,shooting
Salt.2010__#01-23-40_01-25-00_label_A,train,data/raw/xd-violence/data/swin_rgb/1005-2004/Salt.2010__#01-23-40_01-25-00_label_A.npy,31,0,
Salt.2010__#01-25-00_01-25-25_label_B2-0-0,train,data/raw/xd-violence/data/swin_rgb/1005-2004/Salt.2010__#01-25-00_01-25-25_label_B2-0-0.npy,10,1,shooting
Salt.2010__#01-25-52_01-26-27_label_B2-0-0,train,data/raw/xd-violence/data/swin_rgb/1005-2004/Salt.2010__#01-25-52_01-26-27_label_B2-0-0.npy,14,1,shooting
Salt.2010__#01-26-40_01-28-10_label_B2-B1-B5,train,data/raw/xd-violence/data/swin_rgb/1005-2004/Salt.2010__#01-26-40_01-28-10_label_B2-B1-B5.npy,34,1,shooting|fighting|abuse
Salt.2010__#01-31-17_01-31-45_label_B5-0-0,train,data/raw/xd-violence/data/swin_rgb/1005-2004/Salt.2010__#01-31-17_01-31-45_label_B5-0-0.npy,11,1,abuse
Saving.Private.Ryan.1998__#00-01-26_00-04-07_label_A,train,data/raw/xd-violence/data/swin_rgb/1005-2004/Saving.Private.Ryan.1998__#00-01-26_00-04-07_label_A.npy,61,0,
Saving.Private.Ryan.1998__#00-05-56_00-09-23_label_B2-G-0,train,data/raw/xd-violence/data/swin_rgb/1005-2004/Saving.Private.Ryan.1998__#00-05-56_00-09-23_label_B2-G-0.npy,78,1,shooting|explosion
Saving.Private.Ryan.1998__#00-09-34_00-10-31_label_G-B2-0,train,data/raw/xd-violence/data/swin_rgb/1005-2004/Saving.Private.Ryan.1998__#00-09-34_00-10-31_label_G-B2-0.npy,22,1,explosion|shooting
Saving.Private.Ryan.1998__#00-10-58_00-23-50_label_B2-G-0,train,data/raw/xd-violence/data/swin_rgb/1005-2004/Saving.Private.Ryan.1998__#00-10-58_00-23-50_label_B2-G-0.npy,290,1,shooting|explosion
Saving.Private.Ryan.1998__#00-23-55_00-24-06_label_G-0-0,train,data/raw/xd-violence/data/swin_rgb/1005-2004/Saving.Private.Ryan.1998__#00-23-55_00-24-06_label_G-0-0.npy,5,1,explosion
Saving.Private.Ryan.1998__#00-24-06_00-28-42_label_B2-G-0,train,data/raw/xd-violence/data/swin_rgb/1005-2004/Saving.Private.Ryan.1998__#00-24-06_00-28-42_label_B2-G-0.npy,104,1,shooting|explosion
Saving.Private.Ryan.1998__#00-28-42_00-31-21_label_A,train,data/raw/xd-violence/data/swin_rgb/1005-2004/Saving.Private.Ryan.1998__#00-28-42_00-31-21_label_A.npy,60,0,
Saving.Private.Ryan.1998__#00-31-27_00-33-12_label_A,train,data/raw/xd-violence/data/swin_rgb/1005-2004/Saving.Private.Ryan.1998__#00-31-27_00-33-12_label_A.npy,40,0,
Saving.Private.Ryan.1998__#00-33-15_00-36-11_label_A,train,data/raw/xd-violence/data/swin_rgb/1005-2004/Saving.Private.Ryan.1998__#00-33-15_00-36-11_label_A.npy,67,0,
Saving.Private.Ryan.1998__#00-36-27_00-38-27_label_A,train,data/raw/xd-violence/data/swin_rgb/1005-2004/Saving.Private.Ryan.1998__#00-36-27_00-38-27_label_A.npy,46,0,
Saving.Private.Ryan.1998__#00-41-55_00-45-45_label_A,train,data/raw/xd-violence/data/swin_rgb/1005-2004/Saving.Private.Ryan.1998__#00-41-55_00-45-45_label_A.npy,87,0,
Saving.Private.Ryan.1998__#00-55-35_00-55-55_label_B2-0-0,train,data/raw/xd-violence/data/swin_rgb/1005-2004/Saving.Private.Ryan.1998__#00-55-35_00-55-55_label_B2-0-0.npy,8,1,shooting
Saving.Private.Ryan.1998__#00-58-47_00-59-44_label_B2-0-0,train,data/raw/xd-violence/data/swin_rgb/1005-2004/Saving.Private.Ryan.1998__#00-58-47_00-59-44_label_B2-0-0.npy,22,1,shooting
Saving.Private.Ryan.1998__#01-00-44_01-03-44_label_A,train,data/raw/xd-violence/data/swin_rgb/1005-2004/Saving.Private.Ryan.1998__#01-00-44_01-03-44_label_A.npy,68,0,
Saving.Private.Ryan.1998__#01-06-35_01-13-13_label_A,train,data/raw/xd-violence/data/swin_rgb/1005-2004/Saving.Private.Ryan.1998__#01-06-35_01-13-13_label_A.npy,150,0,
Saving.Private.Ryan.1998__#01-26-59_01-27-49_label_B2-0-0,train,data/raw/xd-violence/data/swin_rgb/1005-2004/Saving.Private.Ryan.1998__#01-26-59_01-27-49_label_B2-0-0.npy,19,1,shooting
Saving.Private.Ryan.1998__#01-27-49_01-28-33_label_G-B2-0,train,data/raw/xd-violence/data/swin_rgb/1005-2004/Saving.Private.Ryan.1998__#01-27-49_01-28-33_label_G-B2-0.npy,17,1,explosion|shooting
Saving.Private.Ryan.1998__#01-32-02_01-32-47_label_B1-0-0,train,data/raw/xd-violence/data/swin_rgb/1005-2004/Saving.Private.Ryan.1998__#01-32-02_01-32-47_label_B1-0-0.npy,17,1,fighting
Saving.Private.Ryan.1998__#01-44-47_01-46-06_label_G-B2-0,train,data/raw/xd-violence/data/swin_rgb/1005-2004/Saving.Private.Ryan.1998__#01-44-47_01-46-06_label_G-B2-0.npy,30,1,explosion|shooting
Saving.Private.Ryan.1998__#02-13-05_02-13-15_label_G-0-0,train,data/raw/xd-violence/data/swin_rgb/1005-2004/Saving.Private.Ryan.1998__#02-13-05_02-13-15_label_G-0-0.npy,4,1,explosion
Saving.Private.Ryan.1998__#02-13-16_02-13-45_label_B2-0-0,train,data/raw/xd-violence/data/swin_rgb/1005-2004/Saving.Private.Ryan.1998__#02-13-16_02-13-45_label_B2-0-0.npy,11,1,shooting
Saving.Private.Ryan.1998__#02-13-45_02-15-55_label_B2-G-0,train,data/raw/xd-violence/data/swin_rgb/1005-2004/Saving.Private.Ryan.1998__#02-13-45_02-15-55_label_B2-G-0.npy,49,1,shooting|explosion
Saving.Private.Ryan.1998__#02-16-11_02-16-30_label_G-0-0,train,data/raw/xd-violence/data/swin_rgb/1005-2004/Saving.Private.Ryan.1998__#02-16-11_02-16-30_label_G-0-0.npy,8,1,explosion
Saving.Private.Ryan.1998__#02-17-44_02-18-50_label_B2-0-0,train,data/raw/xd-violence/data/swin_rgb/1005-2004/Saving.Private.Ryan.1998__#02-17-44_02-18-50_label_B2-0-0.npy,25,1,shooting
Saving.Private.Ryan.1998__#02-19-02_02-20-00_label_B2-0-0,train,data/raw/xd-violence/data/swin_rgb/1005-2004/Saving.Private.Ryan.1998__#02-19-02_02-20-00_label_B2-0-0.npy,22,1,shooting
Saving.Private.Ryan.1998__#02-22-13_02-23-00_label_B2-0-0,train,data/raw/xd-violence/data/swin_rgb/1005-2004/Saving.Private.Ryan.1998__#02-22-13_02-23-00_label_B2-0-0.npy,18,1,shooting
Saving.Private.Ryan.1998__#02-23-28_02-23-58_label_B2-0-0,train,data/raw/xd-violence/data/swin_rgb/1005-2004/Saving.Private.Ryan.1998__#02-23-28_02-23-58_label_B2-0-0.npy,12,1,shooting
Saving.Private.Ryan.1998__#02-27-23_02-28-20_label_G-0-0,train,data/raw/xd-violence/data/swin_rgb/1005-2004/Saving.Private.Ryan.1998__#02-27-23_02-28-20_label_G-0-0.npy,22,1,explosion
Saving.Private.Ryan.1998__#02-30-55_02-31-15_label_G-0-0,train,data/raw/xd-violence/data/swin_rgb/1005-2004/Saving.Private.Ryan.1998__#02-30-55_02-31-15_label_G-0-0.npy,8,1,explosion
Saving.Private.Ryan.1998__#02-32-23_02-33-09_label_B2-0-0,train,data/raw/xd-violence/data/swin_rgb/1005-2004/Saving.Private.Ryan.1998__#02-32-23_02-33-09_label_B2-0-0.npy,18,1,shooting
Saving.Private.Ryan.1998__#02-33-49_02-34-26_label_G-B2-0,train,data/raw/xd-violence/data/swin_rgb/1005-2004/Saving.Private.Ryan.1998__#02-33-49_02-34-26_label_G-B2-0.npy,14,1,explosion|shooting
Saving.Private.Ryan.1998__#02-34-36_02-34-57_label_B2-0-0,train,data/raw/xd-violence/data/swin_rgb/1005-2004/Saving.Private.Ryan.1998__#02-34-36_02-34-57_label_B2-0-0.npy,8,1,shooting
Saving.Private.Ryan.1998__#02-39-02_02-42-32_label_A,train,data/raw/xd-violence/data/swin_rgb/1005-2004/Saving.Private.Ryan.1998__#02-39-02_02-42-32_label_A.npy,79,0,
Shoot.Em.Up.2007__#00-02-08_00-05-45_label_B2-0-0,train,data/raw/xd-violence/data/swin_rgb/1005-2004/Shoot.Em.Up.2007__#00-02-08_00-05-45_label_B2-0-0.npy,82,1,shooting
Shoot.Em.Up.2007__#00-06-50_00-07-55_label_B2-0-0,train,data/raw/xd-violence/data/swin_rgb/1005-2004/Shoot.Em.Up.2007__#00-06-50_00-07-55_label_B2-0-0.npy,25,1,shooting
Shoot.Em.Up.2007__#00-11-10_00-12-10_label_B2-B1-0,train,data/raw/xd-violence/data/swin_rgb/1005-2004/Shoot.Em.Up.2007__#00-11-10_00-12-10_label_B2-B1-0.npy,23,1,shooting|fighting
Shoot.Em.Up.2007__#00-12-27_00-13-48_label_A,train,data/raw/xd-violence/data/swin_rgb/1005-2004/Shoot.Em.Up.2007__#00-12-27_00-13-48_label_A.npy,31,0,
Shoot.Em.Up.2007__#00-41-32_00-43-32_label_A,train,data/raw/xd-violence/data/swin_rgb/1005-2004/Shoot.Em.Up.2007__#00-41-32_00-43-32_label_A.npy,46,0,
Shoot.Em.Up.2007__#00-47-30_00-49-40_label_A,train,data/raw/xd-violence/data/swin_rgb/1005-2004/Shoot.Em.Up.2007__#00-47-30_00-49-40_label_A.npy,49,0,
Shoot.Em.Up.2007__#00-59-28_01-01-20_label_B2-B6-0,train,data/raw/xd-violence/data/swin_rgb/1005-2004/Shoot.Em.Up.2007__#00-59-28_01-01-20_label_B2-B6-0.npy,43,1,shooting|car_accident
Shoot.Em.Up.2007__#01-03-21_01-04-29_label_A,train,data/raw/xd-violence/data/swin_rgb/1005-2004/Shoot.Em.Up.2007__#01-03-21_01-04-29_label_A.npy,26,0,
Shoot.Em.Up.2007__#01-04-40_01-06-06_label_B1-0-0,train,data/raw/xd-violence/data/swin_rgb/1005-2004/Shoot.Em.Up.2007__#01-04-40_01-06-06_label_B1-0-0.npy,33,1,fighting
Shoot.Em.Up.2007__#01-13-15_01-13-50_label_B1-0-0,train,data/raw/xd-violence/data/swin_rgb/1005-2004/Shoot.Em.Up.2007__#01-13-15_01-13-50_label_B1-0-0.npy,14,1,fighting
Shoot.Em.Up.2007__#01-16-49_01-18-44_label_A,train,data/raw/xd-violence/data/swin_rgb/1005-2004/Shoot.Em.Up.2007__#01-16-49_01-18-44_label_A.npy,44,0,
Shoplifters.2018__#00-01-45_00-02-15_label_A,train,data/raw/xd-violence/data/swin_rgb/1005-2004/Shoplifters.2018__#00-01-45_00-02-15_label_A.npy,12,0,
Shoplifters.2018__#00-04-20_00-05-35_label_A,train,data/raw/xd-violence/data/swin_rgb/1005-2004/Shoplifters.2018__#00-04-20_00-05-35_label_A.npy,29,0,
Shoplifters.2018__#00-05-52_00-08-22_label_A,train,data/raw/xd-violence/data/swin_rgb/1005-2004/Shoplifters.2018__#00-05-52_00-08-22_label_A.npy,57,0,
Shoplifters.2018__#00-08-55_00-10-50_label_A,train,data/raw/xd-violence/data/swin_rgb/1005-2004/Shoplifters.2018__#00-08-55_00-10-50_label_A.npy,44,0,
Shoplifters.2018__#00-11-00_00-15-08_label_A,train,data/raw/xd-violence/data/swin_rgb/1005-2004/Shoplifters.2018__#00-11-00_00-15-08_label_A.npy,94,0,
Shoplifters.2018__#00-16-18_00-17-27_label_A,train,data/raw/xd-violence/data/swin_rgb/1005-2004/Shoplifters.2018__#00-16-18_00-17-27_label_A.npy,26,0,
Shoplifters.2018__#00-20-35_00-23-06_label_A,train,data/raw/xd-violence/data/swin_rgb/1005-2004/Shoplifters.2018__#00-20-35_00-23-06_label_A.npy,57,0,
Shoplifters.2018__#00-23-50_00-24-31_label_A,train,data/raw/xd-violence/data/swin_rgb/1005-2004/Shoplifters.2018__#00-23-50_00-24-31_label_A.npy,16,0,
Shoplifters.2018__#00-25-20_00-27-20_label_A,train,data/raw/xd-violence/data/swin_rgb/1005-2004/Shoplifters.2018__#00-25-20_00-27-20_label_A.npy,46,0,
Shoplifters.2018__#00-30-50_00-32-31_label_A,train,data/raw/xd-violence/data/swin_rgb/1005-2004/Shoplifters.2018__#00-30-50_00-32-31_label_A.npy,38,0,
Shoplifters.2018__#00-33-52_00-38-31_label_A,train,data/raw/xd-violence/data/swin_rgb/1005-2004/Shoplifters.2018__#00-33-52_00-38-31_label_A.npy,105,0,
Shoplifters.2018__#00-38-52_00-40-31_label_A,train,data/raw/xd-violence/data/swin_rgb/1005-2004/Shoplifters.2018__#00-38-52_00-40-31_label_A.npy,38,0,
Shoplifters.2018__#00-40-52_00-42-31_label_A,train,data/raw/xd-violence/data/swin_rgb/1005-2004/Shoplifters.2018__#00-40-52_00-42-31_label_A.npy,38,0,
Shoplifters.2018__#00-42-52_00-45-31_label_A,train,data/raw/xd-violence/data/swin_rgb/1005-2004/Shoplifters.2018__#00-42-52_00-45-31_label_A.npy,60,0,
Shoplifters.2018__#00-45-40_00-47-30_label_A,train,data/raw/xd-violence/data/swin_rgb/1005-2004/Shoplifters.2018__#00-45-40_00-47-30_label_A.npy,42,0,
Shoplifters.2018__#00-49-48_00-51-12_label_A,train,data/raw/xd-violence/data/swin_rgb/1005-2004/Shoplifters.2018__#00-49-48_00-51-12_label_A.npy,32,0,
Shoplifters.2018__#00-51-55_00-55-16_label_A,train,data/raw/xd-violence/data/swin_rgb/1005-2004/Shoplifters.2018__#00-51-55_00-55-16_label_A.npy,76,0,
Shoplifters.2018__#00-56-40_00-58-00_label_A,train,data/raw/xd-violence/data/swin_rgb/1005-2004/Shoplifters.2018__#00-56-40_00-58-00_label_A.npy,31,0,
Shoplifters.2018__#01-01-18_01-03-10_label_A,train,data/raw/xd-violence/data/swin_rgb/1005-2004/Shoplifters.2018__#01-01-18_01-03-10_label_A.npy,43,0,
Shoplifters.2018__#01-07-30_01-16-59_label_A,train,data/raw/xd-violence/data/swin_rgb/1005-2004/Shoplifters.2018__#01-07-30_01-16-59_label_A.npy,214,0,
Shoplifters.2018__#01-17-00_01-19-40_label_A,train,data/raw/xd-violence/data/swin_rgb/1005-2004/Shoplifters.2018__#01-17-00_01-19-40_label_A.npy,61,0,
Shoplifters.2018__#01-21-00_01-26-08_label_A,train,data/raw/xd-violence/data/swin_rgb/1005-2004/Shoplifters.2018__#01-21-00_01-26-08_label_A.npy,116,0,
Shoplifters.2018__#01-26-10_01-28-00_label_A,train,data/raw/xd-violence/data/swin_rgb/1005-2004/Shoplifters.2018__#01-26-10_01-28-00_label_A.npy,42,0,
Shoplifters.2018__#01-30-25_01-33-56_label_A,train,data/raw/xd-violence/data/swin_rgb/1005-2004/Shoplifters.2018__#01-30-25_01-33-56_label_A.npy,80,0,
Shoplifters.2018__#01-34-18_01-38-11_label_A,train,data/raw/xd-violence/data/swin_rgb/1005-2004/Shoplifters.2018__#01-34-18_01-38-11_label_A.npy,88,0,
Shoplifters.2018__#01-39-05_01-46-40_label_A,train,data/raw/xd-violence/data/swin_rgb/1005-2004/Shoplifters.2018__#01-39-05_01-46-40_label_A.npy,171,0,
Shoplifters.2018__#01-47-40_01-49-53_label_A,train,data/raw/xd-violence/data/swin_rgb/1005-2004/Shoplifters.2018__#01-47-40_01-49-53_label_A.npy,50,0,
Shoplifters.2018__#01-50-20_01-56-30_label_A,train,data/raw/xd-violence/data/swin_rgb/1005-2004/Shoplifters.2018__#01-50-20_01-56-30_label_A.npy,139,0,
Sin.City.2005__#0-00-30_0-02-35_label_A,train,data/raw/xd-violence/data/swin_rgb/1005-2004/Sin.City.2005__#0-00-30_0-02-35_label_A.npy,47,0,
Sin.City.2005__#0-05-10_0-06-07_label_A,train,data/raw/xd-violence/data/swin_rgb/1005-2004/Sin.City.2005__#0-05-10_0-06-07_label_A.npy,22,0,
Sin.City.2005__#0-07-40_0-08-40_label_B1-0-0,train,data/raw/xd-violence/data/swin_rgb/1005-2004/Sin.City.2005__#0-07-40_0-08-40_label_B1-0-0.npy,23,1,fighting
Sin.City.2005__#0-09-48_0-10-10_label_B2-0-0,train,data/raw/xd-violence/data/swin_rgb/1005-2004/Sin.City.2005__#0-09-48_0-10-10_label_B2-0-0.npy,9,1,shooting
Sin.City.2005__#0-12-05_0-12-32_label_B2-0-0,train,data/raw/xd-violence/data/swin_rgb/1005-2004/Sin.City.2005__#0-12-05_0-12-32_label_B2-0-0.npy,11,1,shooting
Sin.City.2005__#0-15-15_0-16-11_label_B1-B2-B6,train,data/raw/xd-violence/data/swin_rgb/1005-2004/Sin.City.2005__#0-15-15_0-16-11_label_B1-B2-B6.npy,22,1,fighting|shooting|car_accident
Sin.City.2005__#0-20-08_0-21-21_label_B1-B2-0,train,data/raw/xd-violence/data/swin_rgb/1005-2004/Sin.City.2005__#0-20-08_0-21-21_label_B1-B2-0.npy,28,1,fighting|shooting
Sin.City.2005__#0-23-41_0-23-56_label_B2-0-0,train,data/raw/xd-violence/data/swin_rgb/1005-2004/Sin.City.2005__#0-23-41_0-23-56_label_B2-0-0.npy,6,1,shooting
Sin.City.2005__#0-25-40_0-26-30_label_B1-0-0,train,data/raw/xd-violence/data/swin_rgb/1005-2004/Sin.City.2005__#0-25-40_0-26-30_label_B1-0-0.npy,19,1,fighting
Sin.City.2005__#0-29-56_0-30-21_label_B1-B2-0,train,data/raw/xd-violence/data/swin_rgb/1005-2004/Sin.City.2005__#0-29-56_0-30-21_label_B1-B2-0.npy,10,1,fighting|shooting
Sin.City.2005__#0-32-20_0-33-39_label_B5-0-0,train,data/raw/xd-violence/data/swin_rgb/1005-2004/Sin.City.2005__#0-32-20_0-33-39_label_B5-0-0.npy,30,1,abuse
Sin.City.2005__#0-36-50_0-37-08_label_G-B2-0,train,data/raw/xd-violence/data/swin_rgb/1005-2004/Sin.City.2005__#0-36-50_0-37-08_label_G-B2-0.npy,7,1,explosion|shooting
Sin.City.2005__#0-37-08_0-37-50_label_B1-0-0,train,data/raw/xd-violence/data/swin_rgb/1005-2004/Sin.City.2005__#0-37-08_0-37-50_label_B1-0-0.npy,16,1,fighting
Sin.City.2005__#0-39-32_0-40-12_label_A,train,data/raw/xd-violence/data/swin_rgb/1005-2004/Sin.City.2005__#0-39-32_0-40-12_label_A.npy,16,0,
Sin.City.2005__#0-45-28_0-46-13_label_A,train,data/raw/xd-violence/data/swin_rgb/1005-2004/Sin.City.2005__#0-45-28_0-46-13_label_A.npy,17,0,
Sin.City.2005__#0-52-13_0-53-23_label_B5-0-0,train,data/raw/xd-violence/data/swin_rgb/1005-2004/Sin.City.2005__#0-52-13_0-53-23_label_B5-0-0.npy,27,1,abuse
Sin.City.2005__#01-13-58_01-15-00_label_B2-0-0,train,data/raw/xd-violence/data/swin_rgb/1005-2004/Sin.City.2005__#01-13-58_01-15-00_label_B2-0-0.npy,24,1,shooting
Sin.City.2005__#01-15-01_01-15-15_label_G-0-0,train,data/raw/xd-violence/data/swin_rgb/1005-2004/Sin.City.2005__#01-15-01_01-15-15_label_G-0-0.npy,6,1,explosion
Sin.City.2005__#01-17-34_01-18-27_label_B6-B2-0,train,data/raw/xd-violence/data/swin_rgb/1005-2004/Sin.City.2005__#01-17-34_01-18-27_label_B6-B2-0.npy,20,1,car_accident|shooting
Sin.City.2005__#01-18-27_01-18-36_label_G-0-0,train,data/raw/xd-violence/data/swin_rgb/1005-2004/Sin.City.2005__#01-18-27_01-18-36_label_G-0-0.npy,4,1,explosion
Sin.City.2005__#01-24-50_01-25-55_label_B2-0-0,train,data/raw/xd-violence/data/swin_rgb/1005-2004/Sin.City.2005__#01-24-50_01-25-55_label_B2-0-0.npy,25,1,shooting
Sin.City.2005__#01-30-07_01-31-45_label_B5-0-0,train,data/raw/xd-violence/data/swin_rgb/1005-2004/Sin.City.2005__#01-30-07_01-31-45_label_B5-0-0.npy,37,1,abuse
Sin.City.2005__#01-34-55_01-36-09_label_A,train,data/raw/xd-violence/data/swin_rgb/1005-2004/Sin.City.2005__#01-34-55_01-36-09_label_A.npy,28,0,
Sin.City.2005__#01-41-09_01-41-44_label_B2-B6-0,train,data/raw/xd-violence/data/swin_rgb/1005-2004/Sin.City.2005__#01-41-09_01-41-44_label_B2-B6-0.npy,14,1,shooting|car_accident
Sin.City.2005__#01-48-44_01-49-17_label_B1-0-0,train,data/raw/xd-violence/data/swin_rgb/1005-2004/Sin.City.2005__#01-48-44_01-49-17_label_B1-0-0.npy,13,1,fighting
Sin.City.2005__#01-50-47_01-51-55_label_B5-0-0,train,data/raw/xd-violence/data/swin_rgb/1005-2004/Sin.City.2005__#01-50-47_01-51-55_label_B5-0-0.npy,26,1,abuse
Sin.City.2005__#01-53-40_01-54-12_label_B5-0-0,train,data/raw/xd-violence/data/swin_rgb/1005-2004/Sin.City.2005__#01-53-40_01-54-12_label_B5-0-0.npy,13,1,abuse
Sin.City.2005__#01-55-42_01-56-03_label_A,train,data/raw/xd-violence/data/swin_rgb/1005-2004/Sin.City.2005__#01-55-42_01-56-03_label_A.npy,8,0,
Sin.City.2005__#01-56-49_01-57-35_label_A,train,data/raw/xd-violence/data/swin_rgb/1005-2004/Sin.City.2005__#01-56-49_01-57-35_label_A.npy,18,0,
Still.Walking.2008__#00-01-45_00-02-15_label_A,train,data/raw/xd-violence/data/swin_rgb/1005-2004/Still.Walking.2008__#00-01-45_00-02-15_label_A.npy,12,0,
Still.Walking.2008__#00-02-45_00-04-15_label_A,train,data/raw/xd-violence/data/swin_rgb/1005-2004/Still.Walking.2008__#00-02-45_00-04-15_label_A.npy,34,0,
Still.Walking.2008__#00-04-20_00-05-35_label_A,train,data/raw/xd-violence/data/swin_rgb/1005-2004/Still.Walking.2008__#00-04-20_00-05-35_label_A.npy,29,0,
Still.Walking.2008__#00-05-52_00-08-22_label_A,train,data/raw/xd-violence/data/swin_rgb/1005-2004/Still.Walking.2008__#00-05-52_00-08-22_label_A.npy,57,0,
Still.Walking.2008__#00-08-55_00-10-50_label_A,train,data/raw/xd-violence/data/swin_rgb/1005-2004/Still.Walking.2008__#00-08-55_00-10-50_label_A.npy,44,0,
Still.Walking.2008__#00-11-00_00-15-08_label_A,train,data/raw/xd-violence/data/swin_rgb/1005-2004/Still.Walking.2008__#00-11-00_00-15-08_label_A.npy,94,0,
Still.Walking.2008__#00-17-30_00-19-10_label_A,train,data/raw/xd-violence/data/swin_rgb/1005-2004/Still.Walking.2008__#00-17-30_00-19-10_label_A.npy,38,0,
Still.Walking.2008__#00-20-35_00-23-06_label_A,train,data/raw/xd-violence/data/swin_rgb/1005-2004/Still.Walking.2008__#00-20-35_00-23-06_label_A.npy,57,0,
Still.Walking.2008__#00-23-50_00-24-31_label_A,train,data/raw/xd-violence/data/swin_rgb/1005-2004/Still.Walking.2008__#00-23-50_00-24-31_label_A.npy,16,0,
Still.Walking.2008__#00-25-20_00-29-40_label_A,train,data/raw/xd-violence/data/swin_rgb/1005-2004/Still.Walking.2008__#00-25-20_00-29-40_label_A.npy,98,0,
Still.Walking.2008__#00-30-50_00-32-31_label_A,train,data/raw/xd-violence/data/swin_rgb/1005-2004/Still.Walking.2008__#00-30-50_00-32-31_label_A.npy,38,0,
Still.Walking.2008__#00-33-52_00-38-31_label_A,train,data/raw/xd-violence/data/swin_rgb/1005-2004/Still.Walking.2008__#00-33-52_00-38-31_label_A.npy,105,0,
Still.Walking.2008__#00-38-52_00-40-31_label_A,train,data/raw/xd-violence/data/swin_rgb/1005-2004/Still.Walking.2008__#00-38-52_00-40-31_label_A.npy,38,0,
Still.Walking.2008__#00-40-52_00-42-31_label_A,train,data/raw/xd-violence/data/swin_rgb/1005-2004/Still.Walking.2008__#00-40-52_00-42-31_label_A.npy,38,0,
Still.Walking.2008__#00-42-52_00-45-31_label_A,train,data/raw/xd-violence/data/swin_rgb/1005-2004/Still.Walking.2008__#00-42-52_00-45-31_label_A.npy,60,0,
Still.Walking.2008__#00-45-40_00-47-30_label_A,train,data/raw/xd-violence/data/swin_rgb/1005-2004/Still.Walking.2008__#00-45-40_00-47-30_label_A.npy,42,0,
Still.Walking.2008__#00-49-48_00-51-12_label_A,train,data/raw/xd-violence/data/swin_rgb/1005-2004/Still.Walking.2008__#00-49-48_00-51-12_label_A.npy,32,0,
Still.Walking.2008__#00-56-40_01-02-02_label_A,train,data/raw/xd-violence/data/swin_rgb/1005-2004/Still.Walking.2008__#00-56-40_01-02-02_label_A.npy,121,0,
Still.Walking.2008__#01-04-40_01-06-59_label_A,train,data/raw/xd-violence/data/swin_rgb/1005-2004/Still.Walking.2008__#01-04-40_01-06-59_label_A.npy,53,0,
Still.Walking.2008__#01-09-30_01-16-59_label_A,train,data/raw/xd-violence/data/swin_rgb/1005-2004/Still.Walking.2008__#01-09-30_01-16-59_label_A.npy,169,0,
Still.Walking.2008__#01-17-00_01-19-40_label_A,train,data/raw/xd-violence/data/swin_rgb/1005-2004/Still.Walking.2008__#01-17-00_01-19-40_label_A.npy,61,0,
Still.Walking.2008__#01-21-00_01-26-08_label_A,train,data/raw/xd-violence/data/swin_rgb/1005-2004/Still.Walking.2008__#01-21-00_01-26-08_label_A.npy,116,0,
Still.Walking.2008__#01-26-10_01-28-00_label_A,train,data/raw/xd-violence/data/swin_rgb/1005-2004/Still.Walking.2008__#01-26-10_01-28-00_label_A.npy,42,0,
Still.Walking.2008__#01-30-25_01-33-56_label_A,train,data/raw/xd-violence/data/swin_rgb/1005-2004/Still.Walking.2008__#01-30-25_01-33-56_label_A.npy,80,0,
Still.Walking.2008__#01-34-18_01-38-11_label_A,train,data/raw/xd-violence/data/swin_rgb/1005-2004/Still.Walking.2008__#01-34-18_01-38-11_label_A.npy,88,0,
Still.Walking.2008__#01-39-05_01-46-40_label_A,train,data/raw/xd-violence/data/swin_rgb/1005-2004/Still.Walking.2008__#01-39-05_01-46-40_label_A.npy,171,0,
Still.Walking.2008__#01-47-40_01-49-53_label_A,train,data/raw/xd-violence/data/swin_rgb/1005-2004/Still.Walking.2008__#01-47-40_01-49-53_label_A.npy,50,0,
Taken.2.UNRATED.EXTENDED.2012__#00-03-15_00-03-45_label_B2-B5-0,train,data/raw/xd-violence/data/swin_rgb/1005-2004/Taken.2.UNRATED.EXTENDED.2012__#00-03-15_00-03-45_label_B2-B5-0.npy,12,1,shooting|abuse
Taken.2.UNRATED.EXTENDED.2012__#00-05-10_00-06-20_label_A,train,data/raw/xd-violence/data/swin_rgb/1005-2004/Taken.2.UNRATED.EXTENDED.2012__#00-05-10_00-06-20_label_A.npy,27,0,
Taken.2.UNRATED.EXTENDED.2012__#00-12-25_00-13-25_label_B5-0-0,train,data/raw/xd-violence/data/swin_rgb/1005-2004/Taken.2.UNRATED.EXTENDED.2012__#00-12-25_00-13-25_label_B5-0-0.npy,23,1,abuse
Taken.2.UNRATED.EXTENDED.2012__#00-14-30_00-14-52_label_B5-0-0,train,data/raw/xd-violence/data/swin_rgb/1005-2004/Taken.2.UNRATED.EXTENDED.2012__#00-14-30_00-14-52_label_B5-0-0.npy,9,1,abuse
Taken.2.UNRATED.EXTENDED.2012__#00-18-01_00-19-51_label_A,train,data/raw/xd-violence/data/swin_rgb/1005-2004/Taken.2.UNRATED.EXTENDED.2012__#00-18-01_00-19-51_label_A.npy,42,0,
Taken.2.UNRATED.EXTENDED.2012__#00-22-20_00-23-38_label_A,train,data/raw/xd-violence/data/swin_rgb/1005-2004/Taken.2.UNRATED.EXTENDED.2012__#00-22-20_00-23-38_label_A.npy,30,0,
Taken.2.UNRATED.EXTENDED.2012__#00-31-10_00-31-40_label_B2-B6-0,train,data/raw/xd-violence/data/swin_rgb/1005-2004/Taken.2.UNRATED.EXTENDED.2012__#00-31-10_00-31-40_label_B2-B6-0.npy,12,1,shooting|car_accident
Taken.2.UNRATED.EXTENDED.2012__#00-32-36_00-32-50_label_B1-0-0,train,data/raw/xd-violence/data/swin_rgb/1005-2004/Taken.2.UNRATED.EXTENDED.2012__#00-32-36_00-32-50_label_B1-0-0.npy,6,1,fighting
Taken.2.UNRATED.EXTENDED.2012__#00-33-20_00-35-00_label_B1-B2-0,train,data/raw/xd-violence/data/swin_rgb/1005-2004/Taken.2.UNRATED.EXTENDED.2012__#00-33-20_00-35-00_label_B1-B2-0.npy,38,1,fighting|shooting
Taken.2.UNRATED.EXTENDED.2012__#00-35-40_00-35-58_label_B1-0-0,train,data/raw/xd-violence/data/swin_rgb/1005-2004/Taken.2.UNRATED.EXTENDED.2012__#00-35-40_00-35-58_label_B1-0-0.npy,7,1,fighting
Taken.2.UNRATED.EXTENDED.2012__#00-40-30_00-40-54_label_B2-0-0,train,data/raw/xd-violence/data/swin_rgb/1005-2004/Taken.2.UNRATED.EXTENDED.2012__#00-40-30_00-40-54_label_B2-0-0.npy,10,1,shooting
Taken.2.UNRATED.EXTENDED.2012__#00-48-51_00-49-12_label_B5-0-0,train,data/raw/xd-violence/data/swin_rgb/1005-2004/Taken.2.UNRATED.EXTENDED.2012__#00-48-51_00-49-12_label_B5-0-0.npy,8,1,abuse
Taken.2.UNRATED.EXTENDED.2012__#00-55-49_00-56-10_label_G-0-0,train,data/raw/xd-violence/data/swin_rgb/1005-2004/Taken.2.UNRATED.EXTENDED.2012__#00-55-49_00-56-10_label_G-0-0.npy,8,1,explosion
Taken.2.UNRATED.EXTENDED.2012__#00-58-30_00-59-12_label_B2-B1-0,train,data/raw/xd-violence/data/swin_rgb/1005-2004/Taken.2.UNRATED.EXTENDED.2012__#00-58-30_00-59-12_label_B2-B1-0.npy,16,1,shooting|fighting
Taken.2.UNRATED.EXTENDED.2012__#01-04-15_01-04-45_label_B2-0-0,train,data/raw/xd-violence/data/swin_rgb/1005-2004/Taken.2.UNRATED.EXTENDED.2012__#01-04-15_01-04-45_label_B2-0-0.npy,12,1,shooting
Taken.2.UNRATED.EXTENDED.2012__#01-04-50_01-05-50_label_B6-0-0,train,data/raw/xd-violence/data/swin_rgb/1005-2004/Taken.2.UNRATED.EXTENDED.2012__#01-04-50_01-05-50_label_B6-0-0.npy,23,1,car_accident
Taken.2.UNRATED.EXTENDED.2012__#01-06-50_01-07-40_label_B2-B6-0,train,data/raw/xd-violence/data/swin_rgb/1005-2004/Taken.2.UNRATED.EXTENDED.2012__#01-06-50_01-07-40_label_B2-B6-0.npy,19,1,shooting|car_accident
Taken.2.UNRATED.EXTENDED.2012__#01-07-51_01-08-15_label_B2-0-0,train,data/raw/xd-violence/data/swin_rgb/1005-2004/Taken.2.UNRATED.EXTENDED.2012__#01-07-51_01-08-15_label_B2-0-0.npy,10,1,shooting
Taken.2.UNRATED.EXTENDED.2012__#01-08-35_01-08-55_label_B6-G-0,train,data/raw/xd-violence/data/swin_rgb/1005-2004/Taken.2.UNRATED.EXTENDED.2012__#01-08-35_01-08-55_label_B6-G-0.npy,8,1,car_accident|explosion
Taken.2.UNRATED.EXTENDED.2012__#01-15-50_01-16-14_label_B1-0-0,train,data/raw/xd-violence/data/swin_rgb/1005-2004/Taken.2.UNRATED.EXTENDED.2012__#01-15-50_01-16-14_label_B1-0-0.npy,10,1,fighting
Taken.2.UNRATED.EXTENDED.2012__#01-17-00_01-17-30_label_B1-0-0,train,data/raw/xd-violence/data/swin_rgb/1005-2004/Taken.2.UNRATED.EXTENDED.2012__#01-17-00_01-17-30_label_B1-0-0.npy,12,1,fighting
Taken.2.UNRATED.EXTENDED.2012__#01-17-50_01-18-16_label_B2-0-0,train,data/raw/xd-violence/data/swin_rgb/1005-2004/Taken.2.UNRATED.EXTENDED.2012__#01-17-50_01-18-16_label_B2-0-0.npy,10,1,shooting
Taken.2.UNRATED.EXTENDED.2012__#01-19-00_01-21-20_label_B2-B1-0,train,data/raw/xd-violence/data/swin_rgb/1005-2004/Taken.2.UNRATED.EXTENDED.2012__#01-19-00_01-21-20_label_B2-B1-0.npy,53,1,shooting|fighting
Taken.2.UNRATED.EXTENDED.2012__#01-22-20_01-24-40_label_B1-B2-0,train,data/raw/xd-violence/data/swin_rgb/1005-2004/Taken.2.UNRATED.EXTENDED.2012__#01-22-20_01-24-40_label_B1-B2-0.npy,53,1,fighting|shooting
Taken.2.UNRATED.EXTENDED.2012__#01-27-50_01-28-16_label_B1-0-0,train,data/raw/xd-violence/data/swin_rgb/1005-2004/Taken.2.UNRATED.EXTENDED.2012__#01-27-50_01-28-16_label_B1-0-0.npy,10,1,fighting
Taken.2.UNRATED.EXTENDED.2012__#01-29-21_01-30-47_label_A,train,data/raw/xd-violence/data/swin_rgb/1005-2004/Taken.2.UNRATED.EXTENDED.2012__#01-29-21_01-30-47_label_A.npy,33,0,
Taken.2.UNRATED.EXTENDED.2012__#01-31-05_01-31-58_label_A,train,data/raw/xd-violence/data/swin_rgb/1005-2004/Taken.2.UNRATED.EXTENDED.2012__#01-31-05_01-31-58_label_A.npy,20,0,
Taken.Extended.Cut.2008__#00-01-33_00-04-35_label_A,train,data/raw/xd-violence/data/swin_rgb/1005-2004/Taken.Extended.Cut.2008__#00-01-33_00-04-35_label_A.npy,69,0,
Taken.Extended.Cut.2008__#00-05-18_00-07-51_label_A,train,data/raw/xd-violence/data/swin_rgb/1005-2004/Taken.Extended.Cut.2008__#00-05-18_00-07-51_label_A.npy,58,0,
Taken.Extended.Cut.2008__#00-10-52_00-11-15_label_B1-0-0,train,data/raw/xd-violence/data/swin_rgb/1005-2004/Taken.Extended.Cut.2008__#00-10-52_00-11-15_label_B1-0-0.npy,9,1,fighting
Taken.Extended.Cut.2008__#00-11-53_00-12-40_label_A,train,data/raw/xd-violence/data/swin_rgb/1005-2004/Taken.Extended.Cut.2008__#00-11-53_00-12-40_label_A.npy,18,0,
Taken.Extended.Cut.2008__#00-36-58_00-37-40_label_B1-B5-0,train,data/raw/xd-violence/data/swin_rgb/1005-2004/Taken.Extended.Cut.2008__#00-36-58_00-37-40_label_B1-B5-0.npy,16,1,fighting|abuse
Taken.Extended.Cut.2008__#00-38-58_00-40-50_label_A,train,data/raw/xd-violence/data/swin_rgb/1005-2004/Taken.Extended.Cut.2008__#00-38-58_00-40-50_label_A.npy,43,0,
Taken.Extended.Cut.2008__#00-41-50_00-42-32_label_A,train,data/raw/xd-violence/data/swin_rgb/1005-2004/Taken.Extended.Cut.2008__#00-41-50_00-42-32_label_A.npy,16,0,
Taken.Extended.Cut.2008__#00-47-30_00-48-36_label_B1-B2-0,train,data/raw/xd-violence/data/swin_rgb/1005-2004/Taken.Extended.Cut.2008__#00-47-30_00-48-36_label_B1-B2-0.npy,25,1,fighting|shooting
Taken.Extended.Cut.2008__#00-48-40_00-49-18_label_B2-G-0,train,data/raw/xd-violence/data/swin_rgb/1005-2004/Taken.Extended.Cut.2008__#00-48-40_00-49-18_label_B2-G-0.npy,15,1,shooting|explosion
Taken.Extended.Cut.2008__#00-49-20_00-49-55_label_B2-B6-0,train,data/raw/xd-violence/data/swin_rgb/1005-2004/Taken.Extended.Cut.2008__#00-49-20_00-49-55_label_B2-B6-0.npy,14,1,shooting|car_accident
Taken.Extended.Cut.2008__#00-50-10_00-50-35_label_B2-B6-0,train,data/raw/xd-violence/data/swin_rgb/1005-2004/Taken.Extended.Cut.2008__#00-50-10_00-50-35_label_B2-B6-0.npy,10,1,shooting|car_accident
Taken.Extended.Cut.2008__#00-52-12_00-52-31_label_A,train,data/raw/xd-violence/data/swin_rgb/1005-2004/Taken.Extended.Cut.2008__#00-52-12_00-52-31_label_A.npy,8,0,
Taken.Extended.Cut.2008__#00-58-59_01-01-25_label_A,train,data/raw/xd-violence/data/swin_rgb/1005-2004/Taken.Extended.Cut.2008__#00-58-59_01-01-25_label_A.npy,55,0,
Taken.Extended.Cut.2008__#01-02-00_01-02-50_label_B1-B2-0,train,data/raw/xd-violence/data/swin_rgb/1005-2004/Taken.Extended.Cut.2008__#01-02-00_01-02-50_label_B1-B2-0.npy,19,1,fighting|shooting
Taken.Extended.Cut.2008__#01-03-57_01-05-04_label_B5-0-0,train,data/raw/xd-violence/data/swin_rgb/1005-2004/Taken.Extended.Cut.2008__#01-03-57_01-05-04_label_B5-0-0.npy,26,1,abuse
Taken.Extended.Cut.2008__#01-07-00_01-07-45_label_A,train,data/raw/xd-violence/data/swin_rgb/1005-2004/Taken.Extended.Cut.2008__#01-07-00_01-07-45_label_A.npy,17,0,
Taken.Extended.Cut.2008__#01-09-33_01-09-50_label_B2-0-0,train,data/raw/xd-violence/data/swin_rgb/1005-2004/Taken.Extended.Cut.2008__#01-09-33_01-09-50_label_B2-0-0.npy,7,1,shooting
Taken.Extended.Cut.2008__#01-09-52_01-10-19_label_B1-0-0,train,data/raw/xd-violence/data/swin_rgb/1005-2004/Taken.Extended.Cut.2008__#01-09-52_01-10-19_label_B1-0-0.npy,11,1,fighting
Taken.Extended.Cut.2008__#01-11-17_01-11-42_label_B1-0-0,train,data/raw/xd-violence/data/swin_rgb/1005-2004/Taken.Extended.Cut.2008__#01-11-17_01-11-42_label_B1-0-0.npy,10,1,fighting
Taken.Extended.Cut.2008__#01-16-27_01-18-26_label_B5-B1-B2,train,data/raw/xd-violence/data/swin_rgb/1005-2004/Taken.Extended.Cut.2008__#01-16-27_01-18-26_label_B5-B1-B2.npy,45,1,abuse|fighting|shooting
Taken.Extended.Cut.2008__#01-19-26_01-19-39_label_B1-0-0,train,data/raw/xd-violence/data/swin_rgb/1005-2004/Taken.Extended.Cut.2008__#01-19-26_01-19-39_label_B1-0-0.npy,5,1,fighting
Taken.Extended.Cut.2008__#01-21-11_01-21-35_label_B1-0-0,train,data/raw/xd-violence/data/swin_rgb/1005-2004/Taken.Extended.Cut.2008__#01-21-11_01-21-35_label_B1-0-0.npy,10,1,fighting
Taken.Extended.Cut.2008__#01-21-35_01-21-50_label_B1-0-0,train,data/raw/xd-violence/data/swin_rgb/1005-2004/Taken.Extended.Cut.2008__#01-21-35_01-21-50_label_B1-0-0.npy,6,1,fighting
Taken.Extended.Cut.2008__#01-22-11_01-22-27_label_B1-0-0,train,data/raw/xd-violence/data/swin_rgb/1005-2004/Taken.Extended.Cut.2008__#01-22-11_01-22-27_label_B1-0-0.npy,7,1,fighting
Taken.Extended.Cut.2008__#01-22-28_01-22-40_label_B1-B2-0,train,data/raw/xd-violence/data/swin_rgb/1005-2004/Taken.Extended.Cut.2008__#01-22-28_01-22-40_label_B1-B2-0.npy,5,1,fighting|shooting
Taken.Extended.Cut.2008__#01-22-50_01-23-22_label_B2-0-0,train,data/raw/xd-violence/data/swin_rgb/1005-2004/Taken.Extended.Cut.2008__#01-22-50_01-23-22_label_B2-0-0.npy,13,1,shooting
Taken.Extended.Cut.2008__#01-23-23_01-24-18_label_B2-B1-0,train,data/raw/xd-violence/data/swin_rgb/1005-2004/Taken.Extended.Cut.2008__#01-23-23_01-24-18_label_B2-B1-0.npy,21,1,shooting|fighting
Taken.Extended.Cut.2008__#01-24-51_01-25-07_label_B2-0-0,train,data/raw/xd-violence/data/swin_rgb/1005-2004/Taken.Extended.Cut.2008__#01-24-51_01-25-07_label_B2-0-0.npy,6,1,shooting
Taken.Extended.Cut.2008__#01-27-31_01-28-02_label_A,train,data/raw/xd-violence/data/swin_rgb/1005-2004/Taken.Extended.Cut.2008__#01-27-31_01-28-02_label_A.npy,12,0,
The.Attorney.2013__#00-02-45_00-04-15_label_A,train,data/raw/xd-violence/data/swin_rgb/1005-2004/The.Attorney.2013__#00-02-45_00-04-15_label_A.npy,34,0,
The.Attorney.2013__#00-05-52_00-08-22_label_A,train,data/raw/xd-violence/data/swin_rgb/1005-2004/The.Attorney.2013__#00-05-52_00-08-22_label_A.npy,57,0,
The.Attorney.2013__#00-08-55_00-10-50_label_A,train,data/raw/xd-violence/data/swin_rgb/1005-2004/The.Attorney.2013__#00-08-55_00-10-50_label_A.npy,44,0,
The.Attorney.2013__#00-11-00_00-15-08_label_A,train,data/raw/xd-violence/data/swin_rgb/1005-2004/The.Attorney.2013__#00-11-00_00-15-08_label_A.npy,94,0,
The.Attorney.2013__#00-16-18_00-17-27_label_A,train,data/raw/xd-violence/data/swin_rgb/1005-2004/The.Attorney.2013__#00-16-18_00-17-27_label_A.npy,26,0,
The.Attorney.2013__#00-17-30_00-19-10_label_A,train,data/raw/xd-violence/data/swin_rgb/1005-2004/The.Attorney.2013__#00-17-30_00-19-10_label_A.npy,38,0,
The.Attorney.2013__#00-20-35_00-23-06_label_A,train,data/raw/xd-violence/data/swin_rgb/1005-2004/The.Attorney.2013__#00-20-35_00-23-06_label_A.npy,57,0,
The.Attorney.2013__#00-23-50_00-24-31_label_A,train,data/raw/xd-violence/data/swin_rgb/1005-2004/The.Attorney.2013__#00-23-50_00-24-31_label_A.npy,16,0,
The.Attorney.2013__#00-25-20_00-29-40_label_A,train,data/raw/xd-violence/data/swin_rgb/1005-2004/The.Attorney.2013__#00-25-20_00-29-40_label_A.npy,98,0,
The.Attorney.2013__#00-33-52_00-36-00_label_A,train,data/raw/xd-violence/data/swin_rgb/1005-2004/The.Attorney.2013__#00-33-52_00-36-00_label_A.npy,49,0,
The.Attorney.2013__#00-49-48_00-51-12_label_A,train,data/raw/xd-violence/data/swin_rgb/1005-2004/The.Attorney.2013__#00-49-48_00-51-12_label_A.npy,32,0,
The.Attorney.2013__#00-51-55_00-55-16_label_A,train,data/raw/xd-violence/data/swin_rgb/1005-2004/The.Attorney.2013__#00-51-55_00-55-16_label_A.npy,76,0,
The.Attorney.2013__#00-56-40_01-01-02_label_A,train,data/raw/xd-violence/data/swin_rgb/1005-2004/The.Attorney.2013__#00-56-40_01-01-02_label_A.npy,99,0,
The.Attorney.2013__#01-04-40_01-06-59_label_A,train,data/raw/xd-violence/data/swin_rgb/1005-2004/The.Attorney.2013__#01-04-40_01-06-59_label_A.npy,53,0,
The.Attorney.2013__#01-09-30_01-16-59_label_A,train,data/raw/xd-violence/data/swin_rgb/1005-2004/The.Attorney.2013__#01-09-30_01-16-59_label_A.npy,169,0,
The.Attorney.2013__#01-17-00_01-19-40_label_A,train,data/raw/xd-violence/data/swin_rgb/1005-2004/The.Attorney.2013__#01-17-00_01-19-40_label_A.npy,61,0,
The.Attorney.2013__#01-20-00_01-22-08_label_A,train,data/raw/xd-violence/data/swin_rgb/1005-2004/The.Attorney.2013__#01-20-00_01-22-08_label_A.npy,48,0,
The.Attorney.2013__#01-41-56_01-45-11_label_A,train,data/raw/xd-violence/data/swin_rgb/1005-2004/The.Attorney.2013__#01-41-56_01-45-11_label_A.npy,74,0,
The.Attorney.2013__#01-47-35_01-53-40_label_A,train,data/raw/xd-violence/data/swin_rgb/1005-2004/The.Attorney.2013__#01-47-35_01-53-40_label_A.npy,137,0,
The.Attorney.2013__#01-55-12_01-57-10_label_A,train,data/raw/xd-violence/data/swin_rgb/1005-2004/The.Attorney.2013__#01-55-12_01-57-10_label_A.npy,45,0,
The.Bourne.Identity.2002__#0-04-37_0-05-45_label_B1-0-0,train,data/raw/xd-violence/data/swin_rgb/1005-2004/The.Bourne.Identity.2002__#0-04-37_0-05-45_label_B1-0-0.npy,26,1,fighting
The.Bourne.Identity.2002__#0-05-58_0-06-25_label_A,train,data/raw/xd-violence/data/swin_rgb/1005-2004/The.Bourne.Identity.2002__#0-05-58_0-06-25_label_A.npy,11,0,
The.Bourne.Identity.2002__#0-07-02_0-08-32_label_A,train,data/raw/xd-violence/data/swin_rgb/1005-2004/The.Bourne.Identity.2002__#0-07-02_0-08-32_label_A.npy,34,0,
The.Bourne.Identity.2002__#0-10-42_0-11-24_label_B1-0-0,train,data/raw/xd-violence/data/swin_rgb/1005-2004/The.Bourne.Identity.2002__#0-10-42_0-11-24_label_B1-0-0.npy,16,1,fighting
The.Bourne.Identity.2002__#0-11-56_0-13-31_label_A,train,data/raw/xd-violence/data/swin_rgb/1005-2004/The.Bourne.Identity.2002__#0-11-56_0-13-31_label_A.npy,36,0,
The.Bourne.Identity.2002__#0-25-42_0-26-56_label_A,train,data/raw/xd-violence/data/swin_rgb/1005-2004/The.Bourne.Identity.2002__#0-25-42_0-26-56_label_A.npy,28,0,
The.Bourne.Identity.2002__#0-35-57_0-42-18_label_A,train,data/raw/xd-violence/data/swin_rgb/1005-2004/The.Bourne.Identity.2002__#0-35-57_0-42-18_label_A.npy,143,0,
The.Bourne.Identity.2002__#0-42-20_0-46-42_label_B1-B2-0,train,data/raw/xd-violence/data/swin_rgb/1005-2004/The.Bourne.Identity.2002__#0-42-20_0-46-42_label_B1-B2-0.npy,99,1,fighting|shooting
The.Bourne.Identity.2002__#0-59-13_01-03-20_label_A,train,data/raw/xd-violence/data/swin_rgb/1005-2004/The.Bourne.Identity.2002__#0-59-13_01-03-20_label_A.npy,93,0,
The.Bourne.Identity.2002__#01-03-23_01-04-03_label_B2-0-0,train,data/raw/xd-violence/data/swin_rgb/1005-2004/The.Bourne.Identity.2002__#01-03-23_01-04-03_label_B2-0-0.npy,16,1,shooting
The.Bourne.Identity.2002__#01-04-05_01-06-26_label_A,train,data/raw/xd-violence/data/swin_rgb/1005-2004/The.Bourne.Identity.2002__#01-04-05_01-06-26_label_A.npy,53,0,
The.Bourne.Identity.2002__#01-18-45_01-21-55_label_A,train,data/raw/xd-violence/data/swin_rgb/1005-2004/The.Bourne.Identity.2002__#01-18-45_01-21-55_label_A.npy,72,0,
The.Bourne.Identity.2002__#01-25-48_01-26-48_label_G-0-0,train,data/raw/xd-violence/data/swin_rgb/1005-2004/The.Bourne.Identity.2002__#01-25-48_01-26-48_label_G-0-0.npy,23,1,explosion
The.Bourne.Identity.2002__#01-32-08_01-35-25_label_A,train,data/raw/xd-violence/data/swin_rgb/1005-2004/The.Bourne.Identity.2002__#01-32-08_01-35-25_label_A.npy,74,0,
The.Bourne.Identity.2002__#01-45-47_01-48-00_label_B2-B1-0,train,data/raw/xd-violence/data/swin_rgb/1005-2004/The.Bourne.Identity.2002__#01-45-47_01-48-00_label_B2-B1-0.npy,50,1,shooting|fighting
The.Bourne.Identity.2002__#01-48-22_01-49-05_label_B2-0-0,train,data/raw/xd-violence/data/swin_rgb/1005-2004/The.Bourne.Identity.2002__#01-48-22_01-49-05_label_B2-0-0.npy,17,1,shooting
The.Bourne.Identity.2002__#01-49-52_01-50-30_label_A,train,data/raw/xd-violence/data/swin_rgb/1005-2004/The.Bourne.Identity.2002__#01-49-52_01-50-30_label_A.npy,15,0,
The.Bourne.Identity.2002__#01-50-33_01-51-48_label_A,train,data/raw/xd-violence/data/swin_rgb/1005-2004/The.Bourne.Identity.2002__#01-50-33_01-51-48_label_A.npy,29,0,
The.Bourne.Legacy.2012__#0-00-43_0-01-40_label_A,train,data/raw/xd-violence/data/swin_rgb/1005-2004/The.Bourne.Legacy.2012__#0-00-43_0-01-40_label_A.npy,22,0,
The.Bourne.Legacy.2012__#0-02-25_0-03-30_label_A,train,data/raw/xd-violence/data/swin_rgb/1005-2004/The.Bourne.Legacy.2012__#0-02-25_0-03-30_label_A.npy,25,0,
The.Bourne.Legacy.2012__#0-05-22_0-06-49_label_A,train,data/raw/xd-violence/data/swin_rgb/1005-2004/The.Bourne.Legacy.2012__#0-05-22_0-06-49_label_A.npy,33,0,
The.Bourne.Legacy.2012__#0-09-06_0-11-10_label_A,train,data/raw/xd-violence/data/swin_rgb/1005-2004/The.Bourne.Legacy.2012__#0-09-06_0-11-10_label_A.npy,47,0,
The.Bourne.Legacy.2012__#0-16-57_0-18-43_label_A,train,data/raw/xd-violence/data/swin_rgb/1005-2004/The.Bourne.Legacy.2012__#0-16-57_0-18-43_label_A.npy,40,0,
The.Bourne.Legacy.2012__#0-28-30_0-30-20_label_G-0-0,train,data/raw/xd-violence/data/swin_rgb/1005-2004/The.Bourne.Legacy.2012__#0-28-30_0-30-20_label_G-0-0.npy,42,1,explosion
The.Bourne.Legacy.2012__#0-33-16_0-33-44_label_B2-0-0,train,data/raw/xd-violence/data/swin_rgb/1005-2004/The.Bourne.Legacy.2012__#0-33-16_0-33-44_label_B2-0-0.npy,11,1,shooting
The.Bourne.Legacy.2012__#0-38-41_0-38-51_label_B2-0-0,train,data/raw/xd-violence/data/swin_rgb/1005-2004/The.Bourne.Legacy.2012__#0-38-41_0-38-51_label_B2-0-0.npy,4,1,shooting
The.Bourne.Legacy.2012__#0-44-41_0-47-56_label_B2-0-0,train,data/raw/xd-violence/data/swin_rgb/1005-2004/The.Bourne.Legacy.2012__#0-44-41_0-47-56_label_B2-0-0.npy,74,1,shooting
The.Bourne.Legacy.2012__#0-53-06_0-58-18_label_A,train,data/raw/xd-violence/data/swin_rgb/1005-2004/The.Bourne.Legacy.2012__#0-53-06_0-58-18_label_A.npy,118,0,
The.Bourne.Legacy.2012__#01-01-52_01-03-52_label_B2-0-0,train,data/raw/xd-violence/data/swin_rgb/1005-2004/The.Bourne.Legacy.2012__#01-01-52_01-03-52_label_B2-0-0.npy,46,1,shooting
The.Bourne.Legacy.2012__#01-03-59_01-04-59_label_B2-0-0,train,data/raw/xd-violence/data/swin_rgb/1005-2004/The.Bourne.Legacy.2012__#01-03-59_01-04-59_label_B2-0-0.npy,23,1,shooting
The.Bourne.Legacy.2012__#01-14-41_01-14-59_label_A,train,data/raw/xd-violence/data/swin_rgb/1005-2004/The.Bourne.Legacy.2012__#01-14-41_01-14-59_label_A.npy,7,0,
The.Bourne.Legacy.2012__#01-18-40_01-22-05_label_A,train,data/raw/xd-violence/data/swin_rgb/1005-2004/The.Bourne.Legacy.2012__#01-18-40_01-22-05_label_A.npy,77,0,
The.Bourne.Legacy.2012__#01-30-54_01-32-04_label_A,train,data/raw/xd-violence/data/swin_rgb/1005-2004/The.Bourne.Legacy.2012__#01-30-54_01-32-04_label_A.npy,27,0,
The.Bourne.Legacy.2012__#01-36-45_01-38-16_label_B1-0-0,train,data/raw/xd-violence/data/swin_rgb/1005-2004/The.Bourne.Legacy.2012__#01-36-45_01-38-16_label_B1-0-0.npy,35,1,fighting
The.Bourne.Legacy.2012__#01-51-56_01-52-14_label_B1-B2-0,train,data/raw/xd-violence/data/swin_rgb/1005-2004/The.Bourne.Legacy.2012__#01-51-56_01-52-14_label_B1-B2-0.npy,7,1,fighting|shooting
The.Bourne.Legacy.2012__#01-55-14_01-55-56_label_B6-0-0,train,data/raw/xd-violence/data/swin_rgb/1005-2004/The.Bourne.Legacy.2012__#01-55-14_01-55-56_label_B6-0-0.npy,16,1,car_accident
The.Bourne.Legacy.2012__#01-59-04_01-59-30_label_B2-0-0,train,data/raw/xd-violence/data/swin_rgb/1005-2004/The.Bourne.Legacy.2012__#01-59-04_01-59-30_label_B2-0-0.npy,10,1,shooting
The.Bourne.Legacy.2012__#02-00-44_02-01-26_label_B1-0-0,train,data/raw/xd-violence/data/swin_rgb/1005-2004/The.Bourne.Legacy.2012__#02-00-44_02-01-26_label_B1-0-0.npy,16,1,fighting
The.Bourne.Legacy.2012__#02-04-01_02-07-17_label_A,train,data/raw/xd-violence/data/swin_rgb/1005-2004/The.Bourne.Legacy.2012__#02-04-01_02-07-17_label_A.npy,74,0,
The.Bourne.Supremacy.2004__#0-01-35_0-04-25_label_A,train,data/raw/xd-violence/data/swin_rgb/1005-2004/The.Bourne.Supremacy.2004__#0-01-35_0-04-25_label_A.npy,64,0,
The.Bourne.Supremacy.2004__#0-10-00_0-12-00_label_A,train,data/raw/xd-violence/data/swin_rgb/1005-2004/The.Bourne.Supremacy.2004__#0-10-00_0-12-00_label_A.npy,46,0,
The.Bourne.Supremacy.2004__#0-16-21_0-17-00_label_B6-B2-0,train,data/raw/xd-violence/data/swin_rgb/1005-2004/The.Bourne.Supremacy.2004__#0-16-21_0-17-00_label_B6-B2-0.npy,15,1,car_accident|shooting
The.Bourne.Supremacy.2004__#0-19-58_0-20-30_label_A,train,data/raw/xd-violence/data/swin_rgb/1005-2004/The.Bourne.Supremacy.2004__#0-19-58_0-20-30_label_A.npy,13,0,
The.Bourne.Supremacy.2004__#0-27-18_0-31-08_label_A,train,data/raw/xd-violence/data/swin_rgb/1005-2004/The.Bourne.Supremacy.2004__#0-27-18_0-31-08_label_A.npy,87,0,
The.Bourne.Supremacy.2004__#0-31-09_0-31-29_label_B1-0-0,train,data/raw/xd-violence/data/swin_rgb/1005-2004/The.Bourne.Supremacy.2004__#0-31-09_0-31-29_label_B1-0-0.npy,8,1,fighting
The.Bourne.Supremacy.2004__#0-35-33_0-38-31_label_A,train,data/raw/xd-violence/data/swin_rgb/1005-2004/The.Bourne.Supremacy.2004__#0-35-33_0-38-31_label_A.npy,67,0,
The.Bourne.Supremacy.2004__#0-40-28_0-43-14_label_B1-0-0,train,data/raw/xd-violence/data/swin_rgb/1005-2004/The.Bourne.Supremacy.2004__#0-40-28_0-43-14_label_B1-0-0.npy,63,1,fighting
The.Bourne.Supremacy.2004__#0-43-15_0-43-55_label_G-0-0,train,data/raw/xd-violence/data/swin_rgb/1005-2004/The.Bourne.Supremacy.2004__#0-43-15_0-43-55_label_G-0-0.npy,16,1,explosion
The.Bourne.Supremacy.2004__#0-52-00_0-52-52_label_A,train,data/raw/xd-violence/data/swin_rgb/1005-2004/The.Bourne.Supremacy.2004__#0-52-00_0-52-52_label_A.npy,20,0,
The.Bourne.Supremacy.2004__#01-01-23_01-02-25_label_B1-0-0,train,data/raw/xd-violence/data/swin_rgb/1005-2004/The.Bourne.Supremacy.2004__#01-01-23_01-02-25_label_B1-0-0.npy,24,1,fighting
The.Bourne.Supremacy.2004__#01-17-32_01-18-02_label_B2-0-0,train,data/raw/xd-violence/data/swin_rgb/1005-2004/The.Bourne.Supremacy.2004__#01-17-32_01-18-02_label_B2-0-0.npy,12,1,shooting
The.Bourne.Supremacy.2004__#01-25-38_01-26-16_label_B2-B1-0,train,data/raw/xd-violence/data/swin_rgb/1005-2004/The.Bourne.Supremacy.2004__#01-25-38_01-26-16_label_B2-B1-0.npy,15,1,shooting|fighting
The.Bourne.Supremacy.2004__#01-27-46_01-28-00_label_B1-0-0,train,data/raw/xd-violence/data/swin_rgb/1005-2004/The.Bourne.Supremacy.2004__#01-27-46_01-28-00_label_B1-0-0.npy,6,1,fighting
The.Bourne.Supremacy.2004__#01-28-07_01-33-16_label_B6-B2-0,train,data/raw/xd-violence/data/swin_rgb/1005-2004/The.Bourne.Supremacy.2004__#01-28-07_01-33-16_label_B6-B2-0.npy,116,1,car_accident|shooting
The.Bourne.Supremacy.2004__#01-40-32_01-41-56_label_A,train,data/raw/xd-violence/data/swin_rgb/1005-2004/The.Bourne.Supremacy.2004__#01-40-32_01-41-56_label_A.npy,32,0,
The.Bourne.Ultimatum.2007__#0-04-37_0-05-50_label_A,train,data/raw/xd-violence/data/swin_rgb/1005-2004/The.Bourne.Ultimatum.2007__#0-04-37_0-05-50_label_A.npy,28,0,
The.Bourne.Ultimatum.2007__#0-05-52_0-07-11_label_A,train,data/raw/xd-violence/data/swin_rgb/1005-2004/The.Bourne.Ultimatum.2007__#0-05-52_0-07-11_label_A.npy,30,0,
The.Bourne.Ultimatum.2007__#0-07-22_0-09-41_label_A,train,data/raw/xd-violence/data/swin_rgb/1005-2004/The.Bourne.Ultimatum.2007__#0-07-22_0-09-41_label_A.npy,53,0,
The.Bourne.Ultimatum.2007__#0-19-34_0-19-45_label_B1-0-0,train,data/raw/xd-violence/data/swin_rgb/1005-2004/The.Bourne.Ultimatum.2007__#0-19-34_0-19-45_label_B1-0-0.npy,5,1,fighting
The.Bourne.Ultimatum.2007__#0-23-45_0-24-25_label_B1-0-0,train,data/raw/xd-violence/data/swin_rgb/1005-2004/The.Bourne.Ultimatum.2007__#0-23-45_0-24-25_label_B1-0-0.npy,16,1,fighting
The.Bourne.Ultimatum.2007__#0-24-51_0-26-35_label_B2-0-0,train,data/raw/xd-violence/data/swin_rgb/1005-2004/The.Bourne.Ultimatum.2007__#0-24-51_0-26-35_label_B2-0-0.npy,40,1,shooting
The.Bourne.Ultimatum.2007__#0-28-05_0-29-52_label_A,train,data/raw/xd-violence/data/swin_rgb/1005-2004/The.Bourne.Ultimatum.2007__#0-28-05_0-29-52_label_A.npy,41,0,
The.Bourne.Ultimatum.2007__#0-30-08_0-31-43_label_A,train,data/raw/xd-violence/data/swin_rgb/1005-2004/The.Bourne.Ultimatum.2007__#0-30-08_0-31-43_label_A.npy,36,0,
The.Bourne.Ultimatum.2007__#0-31-52_0-32-52_label_A,train,data/raw/xd-violence/data/swin_rgb/1005-2004/The.Bourne.Ultimatum.2007__#0-31-52_0-32-52_label_A.npy,23,0,
The.Bourne.Ultimatum.2007__#0-36-52_0-39-16_label_B2-B1-0,train,data/raw/xd-violence/data/swin_rgb/1005-2004/The.Bourne.Ultimatum.2007__#0-36-52_0-39-16_label_B2-B1-0.npy,54,1,shooting|fighting
The.Bourne.Ultimatum.2007__#0-44-02_0-46-11_label_A,train,data/raw/xd-violence/data/swin_rgb/1005-2004/The.Bourne.Ultimatum.2007__#0-44-02_0-46-11_label_A.npy,49,0,
The.Bourne.Ultimatum.2007__#0-46-12_0-48-39_label_A,train,data/raw/xd-violence/data/swin_rgb/1005-2004/The.Bourne.Ultimatum.2007__#0-46-12_0-48-39_label_A.npy,56,0,
The.Bourne.Ultimatum.2007__#0-57-29_0-57-56_label_G-0-0,train,data/raw/xd-violence/data/swin_rgb/1005-2004/The.Bourne.Ultimatum.2007__#0-57-29_0-57-56_label_G-0-0.npy,11,1,explosion
The.Bourne.Ultimatum.2007__#01-01-50_01-02-10_label_G-0-0,train,data/raw/xd-violence/data/swin_rgb/1005-2004/The.Bourne.Ultimatum.2007__#01-01-50_01-02-10_label_G-0-0.npy,8,1,explosion
The.Bourne.Ultimatum.2007__#01-02-12_01-02-22_label_B1-0-0,train,data/raw/xd-violence/data/swin_rgb/1005-2004/The.Bourne.Ultimatum.2007__#01-02-12_01-02-22_label_B1-0-0.npy,4,1,fighting
The.Bourne.Ultimatum.2007__#01-06-36_01-09-15_label_B1-B2-0,train,data/raw/xd-violence/data/swin_rgb/1005-2004/The.Bourne.Ultimatum.2007__#01-06-36_01-09-15_label_B1-B2-0.npy,60,1,fighting|shooting
The.Bourne.Ultimatum.2007__#01-14-45_01-15-50_label_A,train,data/raw/xd-violence/data/swin_rgb/1005-2004/The.Bourne.Ultimatum.2007__#01-14-45_01-15-50_label_A.npy,25,0,
The.Bourne.Ultimatum.2007__#01-24-32_01-24-55_label_B2-0-0,train,data/raw/xd-violence/data/swin_rgb/1005-2004/The.Bourne.Ultimatum.2007__#01-24-32_01-24-55_label_B2-0-0.npy,9,1,shooting
The.Bourne.Ultimatum.2007__#01-29-00_01-31-37_label_B6-B2-0,train,data/raw/xd-violence/data/swin_rgb/1005-2004/The.Bourne.Ultimatum.2007__#01-29-00_01-31-37_label_B6-B2-0.npy,59,1,car_accident|shooting
The.Bourne.Ultimatum.2007__#01-42-09_01-42-54_label_B2-0-0,train,data/raw/xd-violence/data/swin_rgb/1005-2004/The.Bourne.Ultimatum.2007__#01-42-09_01-42-54_label_B2-0-0.npy,17,1,shooting
The.Bourne.Ultimatum.2007__#01-44-21_01-46-05_label_A,train,data/raw/xd-violence/data/swin_rgb/1005-2004/The.Bourne.Ultimatum.2007__#01-44-21_01-46-05_label_A.npy,40,0,
The.Fast.and.the.Furious.2001__#00-06-05_00-07-15_label_A,train,data/raw/xd-violence/data/swin_rgb/1005-2004/The.Fast.and.the.Furious.2001__#00-06-05_00-07-15_label_A.npy,27,0,
The.Fast.and.the.Furious.2001__#00-07-39_00-08-38_label_B1-0-0,train,data/raw/xd-violence/data/swin_rgb/1005-2004/The.Fast.and.the.Furious.2001__#00-07-39_00-08-38_label_B1-0-0.npy,23,1,fighting
The.Fast.and.the.Furious.2001__#00-09-25_00-10-20_label_A,train,data/raw/xd-violence/data/swin_rgb/1005-2004/The.Fast.and.the.Furious.2001__#00-09-25_00-10-20_label_A.npy,21,0,
The.Fast.and.the.Furious.2001__#00-12-42_00-13-45_label_A,train,data/raw/xd-violence/data/swin_rgb/1005-2004/The.Fast.and.the.Furious.2001__#00-12-42_00-13-45_label_A.npy,24,0,
The.Fast.and.the.Furious.2001__#00-31-21_00-33-14_label_A,train,data/raw/xd-violence/data/swin_rgb/1005-2004/The.Fast.and.the.Furious.2001__#00-31-21_00-33-14_label_A.npy,43,0,
The.Fast.and.the.Furious.2001__#00-42-02_00-43-09_label_A,train,data/raw/xd-violence/data/swin_rgb/1005-2004/The.Fast.and.the.Furious.2001__#00-42-02_00-43-09_label_A.npy,26,0,
The.Fast.and.the.Furious.2001__#00-58-56_01-00-15_label_A,train,data/raw/xd-violence/data/swin_rgb/1005-2004/The.Fast.and.the.Furious.2001__#00-58-56_01-00-15_label_A.npy,30,0,
The.Fast.and.the.Furious.2001__#01-28-36_01-29-38_label_A,train,data/raw/xd-violence/data/swin_rgb/1005-2004/The.Fast.and.the.Furious.2001__#01-28-36_01-29-38_label_A.npy,24,0,
The.Fast.and.the.Furious.2001__#01-31-10_01-31-55_label_B2-0-0,train,data/raw/xd-violence/data/swin_rgb/1005-2004/The.Fast.and.the.Furious.2001__#01-31-10_01-31-55_label_B2-0-0.npy,17,1,shooting
The.Hurt.Locker.2008__#0-10-10_0-12-12_label_A,train,data/raw/xd-violence/data/swin_rgb/1005-2004/The.Hurt.Locker.2008__#0-10-10_0-12-12_label_A.npy,46,0,
The.Hurt.Locker.2008__#0-31-49_0-33-38_label_G-B2-0,train,data/raw/xd-violence/data/swin_rgb/1005-2004/The.Hurt.Locker.2008__#0-31-49_0-33-38_label_G-B2-0.npy,41,1,explosion|shooting
The.Hurt.Locker.2008__#0-54-27_0-54-51_label_G-B2-0,train,data/raw/xd-violence/data/swin_rgb/1005-2004/The.Hurt.Locker.2008__#0-54-27_0-54-51_label_G-B2-0.npy,10,1,explosion|shooting
The.Hurt.Locker.2008__#0-54-57_0-56-57_label_B2-0-0,train,data/raw/xd-violence/data/swin_rgb/1005-2004/The.Hurt.Locker.2008__#0-54-57_0-56-57_label_B2-0-0.npy,46,1,shooting
The.Hurt.Locker.2008__#0-57-00_0-58-20_label_B2-0-0,train,data/raw/xd-violence/data/swin_rgb/1005-2004/The.Hurt.Locker.2008__#0-57-00_0-58-20_label_B2-0-0.npy,31,1,shooting
The.Hurt.Locker.2008__#0-58-45_0-59-11_label_B2-0-0,train,data/raw/xd-violence/data/swin_rgb/1005-2004/The.Hurt.Locker.2008__#0-58-45_0-59-11_label_B2-0-0.npy,10,1,shooting
The.Hurt.Locker.2008__#01-07-45_01-08-28_label_B2-0-0,train,data/raw/xd-violence/data/swin_rgb/1005-2004/The.Hurt.Locker.2008__#01-07-45_01-08-28_label_B2-0-0.npy,17,1,shooting
The.Hurt.Locker.2008__#01-10-01_01-13-05_label_A,train,data/raw/xd-violence/data/swin_rgb/1005-2004/The.Hurt.Locker.2008__#01-10-01_01-13-05_label_A.npy,70,0,
The.Hurt.Locker.2008__#01-56-20_01-56-48_label_G-0-0,train,data/raw/xd-violence/data/swin_rgb/1005-2004/The.Hurt.Locker.2008__#01-56-20_01-56-48_label_G-0-0.npy,11,1,explosion
The.Hurt.Locker.2008__#02-01-02_02-02-22_label_A,train,data/raw/xd-violence/data/swin_rgb/1005-2004/The.Hurt.Locker.2008__#02-01-02_02-02-22_label_A.npy,31,0,
The.Hurt.Locker.2008__#02-02-35_02-04-40_label_A,train,data/raw/xd-violence/data/swin_rgb/1005-2004/The.Hurt.Locker.2008__#02-02-35_02-04-40_label_A.npy,47,0,
The.Intouchables.2011__#00-01-45_00-02-50_label_A,train,data/raw/xd-violence/data/swin_rgb/1005-2004/The.Intouchables.2011__#00-01-45_00-02-50_label_A.npy,25,0,
The.Intouchables.2011__#00-05-52_00-08-22_label_A,train,data/raw/xd-violence/data/swin_rgb/1005-2004/The.Intouchables.2011__#00-05-52_00-08-22_label_A.npy,57,0,
The.Intouchables.2011__#00-08-55_00-10-50_label_A,train,data/raw/xd-violence/data/swin_rgb/1005-2004/The.Intouchables.2011__#00-08-55_00-10-50_label_A.npy,44,0,
The.Intouchables.2011__#00-11-00_00-15-08_label_A,train,data/raw/xd-violence/data/swin_rgb/1005-2004/The.Intouchables.2011__#00-11-00_00-15-08_label_A.npy,94,0,
The.Intouchables.2011__#00-16-18_00-17-27_label_A,train,data/raw/xd-violence/data/swin_rgb/1005-2004/The.Intouchables.2011__#00-16-18_00-17-27_label_A.npy,26,0,
The.Intouchables.2011__#00-17-30_00-19-10_label_A,train,data/raw/xd-violence/data/swin_rgb/1005-2004/The.Intouchables.2011__#00-17-30_00-19-10_label_A.npy,38,0,
The.Intouchables.2011__#00-20-35_00-23-06_label_A,train,data/raw/xd-violence/data/swin_rgb/1005-2004/The.Intouchables.2011__#00-20-35_00-23-06_label_A.npy,57,0,
The.Intouchables.2011__#00-23-50_00-24-31_label_A,train,data/raw/xd-violence/data/swin_rgb/1005-2004/The.Intouchables.2011__#00-23-50_00-24-31_label_A.npy,16,0,
The.Intouchables.2011__#00-25-20_00-29-20_label_A,train,data/raw/xd-violence/data/swin_rgb/1005-2004/The.Intouchables.2011__#00-25-20_00-29-20_label_A.npy,91,0,
The.Intouchables.2011__#00-31-05_00-32-05_label_A,train,data/raw/xd-violence/data/swin_rgb/1005-2004/The.Intouchables.2011__#00-31-05_00-32-05_label_A.npy,23,0,
The.Intouchables.2011__#00-33-52_00-38-31_label_A,train,data/raw/xd-violence/data/swin_rgb/1005-2004/The.Intouchables.2011__#00-33-52_00-38-31_label_A.npy,105,0,
The.Intouchables.2011__#00-38-52_00-40-31_label_A,train,data/raw/xd-violence/data/swin_rgb/1005-2004/The.Intouchables.2011__#00-38-52_00-40-31_label_A.npy,38,0,
The.Intouchables.2011__#00-40-52_00-42-31_label_A,train,data/raw/xd-violence/data/swin_rgb/1005-2004/The.Intouchables.2011__#00-40-52_00-42-31_label_A.npy,38,0,
The.Intouchables.2011__#00-42-52_00-45-31_label_A,train,data/raw/xd-violence/data/swin_rgb/1005-2004/The.Intouchables.2011__#00-42-52_00-45-31_label_A.npy,60,0,
The.Intouchables.2011__#00-45-40_00-47-30_label_A,train,data/raw/xd-violence/data/swin_rgb/1005-2004/The.Intouchables.2011__#00-45-40_00-47-30_label_A.npy,42,0,
The.Intouchables.2011__#00-49-48_00-51-12_label_A,train,data/raw/xd-violence/data/swin_rgb/1005-2004/The.Intouchables.2011__#00-49-48_00-51-12_label_A.npy,32,0,
The.Intouchables.2011__#00-56-40_00-58-00_label_A,train,data/raw/xd-violence/data/swin_rgb/1005-2004/The.Intouchables.2011__#00-56-40_00-58-00_label_A.npy,31,0,
The.Intouchables.2011__#01-03-30_01-15-33_label_A,train,data/raw/xd-violence/data/swin_rgb/1005-2004/The.Intouchables.2011__#01-03-30_01-15-33_label_A.npy,272,0,
The.Intouchables.2011__#01-17-00_01-19-40_label_A,train,data/raw/xd-violence/data/swin_rgb/1005-2004/The.Intouchables.2011__#01-17-00_01-19-40_label_A.npy,61,0,
The.Intouchables.2011__#01-21-00_01-26-08_label_A,train,data/raw/xd-violence/data/swin_rgb/1005-2004/The.Intouchables.2011__#01-21-00_01-26-08_label_A.npy,116,0,
The.Intouchables.2011__#01-26-10_01-28-00_label_A,train,data/raw/xd-violence/data/swin_rgb/1005-2004/The.Intouchables.2011__#01-26-10_01-28-00_label_A.npy,42,0,
The.Intouchables.2011__#01-30-25_01-33-56_label_A,train,data/raw/xd-violence/data/swin_rgb/1005-2004/The.Intouchables.2011__#01-30-25_01-33-56_label_A.npy,80,0,
The.Intouchables.2011__#01-34-18_01-38-11_label_A,train,data/raw/xd-violence/data/swin_rgb/1005-2004/The.Intouchables.2011__#01-34-18_01-38-11_label_A.npy,88,0,
The.Intouchables.2011__#01-39-05_01-41-00_label_A,train,data/raw/xd-violence/data/swin_rgb/1005-2004/The.Intouchables.2011__#01-39-05_01-41-00_label_A.npy,44,0,
The.Intouchables.2011__#01-42-06_01-45-53_label_A,train,data/raw/xd-violence/data/swin_rgb/1005-2004/The.Intouchables.2011__#01-42-06_01-45-53_label_A.npy,86,0,
The.Intouchables.2011__#01-46-20_01-48-10_label_A,train,data/raw/xd-violence/data/swin_rgb/1005-2004/The.Intouchables.2011__#01-46-20_01-48-10_label_A.npy,42,0,
The.Pursuit.of.Happyness.2006__#00-02-45_00-04-15_label_A,train,data/raw/xd-violence/data/swin_rgb/1005-2004/The.Pursuit.of.Happyness.2006__#00-02-45_00-04-15_label_A.npy,34,0,
The.Pursuit.of.Happyness.2006__#00-04-20_00-05-35_label_A,train,data/raw/xd-violence/data/swin_rgb/1005-2004/The.Pursuit.of.Happyness.2006__#00-04-20_00-05-35_label_A.npy,29,0,
The.Pursuit.of.Happyness.2006__#00-05-52_00-08-22_label_A,train,data/raw/xd-violence/data/swin_rgb/1005-2004/The.Pursuit.of.Happyness.2006__#00-05-52_00-08-22_label_A.npy,57,0,
The.Pursuit.of.Happyness.2006__#00-08-55_00-10-50_label_A,train,data/raw/xd-violence/data/swin_rgb/1005-2004/The.Pursuit.of.Happyness.2006__#00-08-55_00-10-50_label_A.npy,44,0,
The.Pursuit.of.Happyness.2006__#00-11-00_00-15-08_label_A,train,data/raw/xd-violence/data/swin_rgb/1005-2004/The.Pursuit.of.Happyness.2006__#00-11-00_00-15-08_label_A.npy,94,0,
The.Pursuit.of.Happyness.2006__#00-16-18_00-17-27_label_A,train,data/raw/xd-violence/data/swin_rgb/1005-2004/The.Pursuit.of.Happyness.2006__#00-16-18_00-17-27_label_A.npy,26,0,
The.Pursuit.of.Happyness.2006__#00-20-35_00-23-06_label_A,train,data/raw/xd-violence/data/swin_rgb/1005-2004/The.Pursuit.of.Happyness.2006__#00-20-35_00-23-06_label_A.npy,57,0,
The.Pursuit.of.Happyness.2006__#00-23-50_00-24-31_label_A,train,data/raw/xd-violence/data/swin_rgb/1005-2004/The.Pursuit.of.Happyness.2006__#00-23-50_00-24-31_label_A.npy,16,0,
The.Pursuit.of.Happyness.2006__#00-33-52_00-38-31_label_A,train,data/raw/xd-violence/data/swin_rgb/1005-2004/The.Pursuit.of.Happyness.2006__#00-33-52_00-38-31_label_A.npy,105,0,
The.Pursuit.of.Happyness.2006__#00-38-52_00-40-31_label_A,train,data/raw/xd-violence/data/swin_rgb/1005-2004/The.Pursuit.of.Happyness.2006__#00-38-52_00-40-31_label_A.npy,38,0,
The.Pursuit.of.Happyness.2006__#00-40-52_00-42-31_label_A,train,data/raw/xd-violence/data/swin_rgb/1005-2004/The.Pursuit.of.Happyness.2006__#00-40-52_00-42-31_label_A.npy,38,0,
The.Pursuit.of.Happyness.2006__#00-42-52_00-45-31_label_A,train,data/raw/xd-violence/data/swin_rgb/1005-2004/The.Pursuit.of.Happyness.2006__#00-42-52_00-45-31_label_A.npy,60,0,
The.Pursuit.of.Happyness.2006__#00-45-40_00-47-30_label_A,train,data/raw/xd-violence/data/swin_rgb/1005-2004/The.Pursuit.of.Happyness.2006__#00-45-40_00-47-30_label_A.npy,42,0,
The.Pursuit.of.Happyness.2006__#00-49-48_00-51-12_label_A,train,data/raw/xd-violence/data/swin_rgb/1005-2004/The.Pursuit.of.Happyness.2006__#00-49-48_00-51-12_label_A.npy,32,0,
The.Pursuit.of.Happyness.2006__#00-51-55_00-55-16_label_A,train,data/raw/xd-violence/data/swin_rgb/1005-2004/The.Pursuit.of.Happyness.2006__#00-51-55_00-55-16_label_A.npy,76,0,
The.Pursuit.of.Happyness.2006__#01-02-18_01-03-10_label_A,train,data/raw/xd-violence/data/swin_rgb/1005-2004/The.Pursuit.of.Happyness.2006__#01-02-18_01-03-10_label_A.npy,20,0,
The.Pursuit.of.Happyness.2006__#01-04-40_01-06-59_label_A,train,data/raw/xd-violence/data/swin_rgb/1005-2004/The.Pursuit.of.Happyness.2006__#01-04-40_01-06-59_label_A.npy,53,0,
The.Pursuit.of.Happyness.2006__#01-09-30_01-16-59_label_A,train,data/raw/xd-violence/data/swin_rgb/1005-2004/The.Pursuit.of.Happyness.2006__#01-09-30_01-16-59_label_A.npy,169,0,
The.Pursuit.of.Happyness.2006__#01-17-00_01-19-40_label_A,train,data/raw/xd-violence/data/swin_rgb/1005-2004/The.Pursuit.of.Happyness.2006__#01-17-00_01-19-40_label_A.npy,61,0,
The.Pursuit.of.Happyness.2006__#01-21-00_01-26-08_label_A,train,data/raw/xd-violence/data/swin_rgb/1005-2004/The.Pursuit.of.Happyness.2006__#01-21-00_01-26-08_label_A.npy,116,0,
The.Pursuit.of.Happyness.2006__#01-26-10_01-28-00_label_A,train,data/raw/xd-violence/data/swin_rgb/1005-2004/The.Pursuit.of.Happyness.2006__#01-26-10_01-28-00_label_A.npy,42,0,
The.Pursuit.of.Happyness.2006__#01-31-45_01-34-11_label_A,train,data/raw/xd-violence/data/swin_rgb/1005-2004/The.Pursuit.of.Happyness.2006__#01-31-45_01-34-11_label_A.npy,55,0,
The.Pursuit.of.Happyness.2006__#01-39-05_01-46-40_label_A,train,data/raw/xd-violence/data/swin_rgb/1005-2004/The.Pursuit.of.Happyness.2006__#01-39-05_01-46-40_label_A.npy,171,0,
The.Pursuit.of.Happyness.2006__#01-47-40_01-49-53_label_A,train,data/raw/xd-violence/data/swin_rgb/1005-2004/The.Pursuit.of.Happyness.2006__#01-47-40_01-49-53_label_A.npy,50,0,
The.Pursuit.of.Happyness.2006__#01-50-00_01-53-10_label_A,train,data/raw/xd-violence/data/swin_rgb/1005-2004/The.Pursuit.of.Happyness.2006__#01-50-00_01-53-10_label_A.npy,72,0,
The.Secret.Life.of.Walter.Mitty.2013__#00-01-45_00-02-44_label_A,train,data/raw/xd-violence/data/swin_rgb/1005-2004/The.Secret.Life.of.Walter.Mitty.2013__#00-01-45_00-02-44_label_A.npy,23,0,
The.Secret.Life.of.Walter.Mitty.2013__#00-02-45_00-04-15_label_A,train,data/raw/xd-violence/data/swin_rgb/1005-2004/The.Secret.Life.of.Walter.Mitty.2013__#00-02-45_00-04-15_label_A.npy,34,0,
The.Secret.Life.of.Walter.Mitty.2013__#00-05-52_00-08-22_label_A,train,data/raw/xd-violence/data/swin_rgb/1005-2004/The.Secret.Life.of.Walter.Mitty.2013__#00-05-52_00-08-22_label_A.npy,57,0,
The.Secret.Life.of.Walter.Mitty.2013__#00-11-00_00-15-08_label_A,train,data/raw/xd-violence/data/swin_rgb/1005-2004/The.Secret.Life.of.Walter.Mitty.2013__#00-11-00_00-15-08_label_A.npy,94,0,
The.Secret.Life.of.Walter.Mitty.2013__#00-16-18_00-17-27_label_A,train,data/raw/xd-violence/data/swin_rgb/1005-2004/The.Secret.Life.of.Walter.Mitty.2013__#00-16-18_00-17-27_label_A.npy,26,0,
The.Secret.Life.of.Walter.Mitty.2013__#00-17-30_00-19-10_label_A,train,data/raw/xd-violence/data/swin_rgb/1005-2004/The.Secret.Life.of.Walter.Mitty.2013__#00-17-30_00-19-10_label_A.npy,38,0,
The.Secret.Life.of.Walter.Mitty.2013__#00-20-35_00-23-06_label_A,train,data/raw/xd-violence/data/swin_rgb/1005-2004/The.Secret.Life.of.Walter.Mitty.2013__#00-20-35_00-23-06_label_A.npy,57,0,
The.Secret.Life.of.Walter.Mitty.2013__#00-23-50_00-24-31_label_A,train,data/raw/xd-violence/data/swin_rgb/1005-2004/The.Secret.Life.of.Walter.Mitty.2013__#00-23-50_00-24-31_label_A.npy,16,0,
The.Secret.Life.of.Walter.Mitty.2013__#00-33-52_00-36-00_label_A,train,data/raw/xd-violence/data/swin_rgb/1005-2004/The.Secret.Life.of.Walter.Mitty.2013__#00-33-52_00-36-00_label_A.npy,49,0,
The.Secret.Life.of.Walter.Mitty.2013__#00-43-52_00-46-55_label_A,train,data/raw/xd-violence/data/swin_rgb/1005-2004/The.Secret.Life.of.Walter.Mitty.2013__#00-43-52_00-46-55_label_A.npy,69,0,
The.Secret.Life.of.Walter.Mitty.2013__#00-51-55_00-55-16_label_A,train,data/raw/xd-violence/data/swin_rgb/1005-2004/The.Secret.Life.of.Walter.Mitty.2013__#00-51-55_00-55-16_label_A.npy,76,0,
The.Secret.Life.of.Walter.Mitty.2013__#01-05-30_01-08-59_label_A,train,data/raw/xd-violence/data/swin_rgb/1005-2004/The.Secret.Life.of.Walter.Mitty.2013__#01-05-30_01-08-59_label_A.npy,79,0,
The.Secret.Life.of.Walter.Mitty.2013__#01-09-30_01-16-59_label_A,train,data/raw/xd-violence/data/swin_rgb/1005-2004/The.Secret.Life.of.Walter.Mitty.2013__#01-09-30_01-16-59_label_A.npy,169,0,
The.Secret.Life.of.Walter.Mitty.2013__#01-17-00_01-19-40_label_A,train,data/raw/xd-violence/data/swin_rgb/1005-2004/The.Secret.Life.of.Walter.Mitty.2013__#01-17-00_01-19-40_label_A.npy,61,0,
The.Secret.Life.of.Walter.Mitty.2013__#01-20-00_01-22-08_label_A,train,data/raw/xd-violence/data/swin_rgb/1005-2004/The.Secret.Life.of.Walter.Mitty.2013__#01-20-00_01-22-08_label_A.npy,48,0,
The.Secret.Life.of.Walter.Mitty.2013__#01-32-00_01-36-08_label_A,train,data/raw/xd-violence/data/swin_rgb/1005-2004/The.Secret.Life.of.Walter.Mitty.2013__#01-32-00_01-36-08_label_A.npy,94,0,
The.Secret.Life.of.Walter.Mitty.2013__#01-36-20_01-40-08_label_A,train,data/raw/xd-violence/data/swin_rgb/1005-2004/The.Secret.Life.of.Walter.Mitty.2013__#01-36-20_01-40-08_label_A.npy,86,0,
The.Secret.Life.of.Walter.Mitty.2013__#01-41-56_01-44-11_label_A,train,data/raw/xd-violence/data/swin_rgb/1005-2004/The.Secret.Life.of.Walter.Mitty.2013__#01-41-56_01-44-11_label_A.npy,51,0,
The.World.Is.Not.Enough.1999__#00-02-15_00-02-45_label_G-B2-B1,train,data/raw/xd-violence/data/swin_rgb/1005-2004/The.World.Is.Not.Enough.1999__#00-02-15_00-02-45_label_G-B2-B1.npy,12,1,explosion|shooting|fighting
The.World.Is.Not.Enough.1999__#00-04-40_00-06-40_label_A,train,data/raw/xd-violence/data/swin_rgb/1005-2004/The.World.Is.Not.Enough.1999__#00-04-40_00-06-40_label_A.npy,46,0,
The.World.Is.Not.Enough.1999__#00-11-14_00-11-20_label_G-0-0,train,data/raw/xd-violence/data/swin_rgb/1005-2004/The.World.Is.Not.Enough.1999__#00-11-14_00-11-20_label_G-0-0.npy,3,1,explosion
The.World.Is.Not.Enough.1999__#00-17-50_00-19-00_label_A,train,data/raw/xd-violence/data/swin_rgb/1005-2004/The.World.Is.Not.Enough.1999__#00-17-50_00-19-00_label_A.npy,27,0,
The.World.Is.Not.Enough.1999__#00-24-30_00-26-00_label_A,train,data/raw/xd-violence/data/swin_rgb/1005-2004/The.World.Is.Not.Enough.1999__#00-24-30_00-26-00_label_A.npy,34,0,
The.World.Is.Not.Enough.1999__#00-36-10_00-36-27_label_G-0-0,train,data/raw/xd-violence/data/swin_rgb/1005-2004/The.World.Is.Not.Enough.1999__#00-36-10_00-36-27_label_G-0-0.npy,7,1,explosion
The.World.Is.Not.Enough.1999__#00-36-30_00-36-45_label_B2-0-0,train,data/raw/xd-violence/data/swin_rgb/1005-2004/The.World.Is.Not.Enough.1999__#00-36-30_00-36-45_label_B2-0-0.npy,6,1,shooting
The.World.Is.Not.Enough.1999__#00-37-10_00-37-57_label_G-B2-0,train,data/raw/xd-violence/data/swin_rgb/1005-2004/The.World.Is.Not.Enough.1999__#00-37-10_00-37-57_label_G-B2-0.npy,18,1,explosion|shooting
The.World.Is.Not.Enough.1999__#00-39-07_00-39-17_label_G-0-0,train,data/raw/xd-violence/data/swin_rgb/1005-2004/The.World.Is.Not.Enough.1999__#00-39-07_00-39-17_label_G-0-0.npy,4,1,explosion
The.World.Is.Not.Enough.1999__#00-40-40_00-42-43_label_A,train,data/raw/xd-violence/data/swin_rgb/1005-2004/The.World.Is.Not.Enough.1999__#00-40-40_00-42-43_label_A.npy,47,0,
The.World.Is.Not.Enough.1999__#00-56-40_00-56-51_label_G-0-0,train,data/raw/xd-violence/data/swin_rgb/1005-2004/The.World.Is.Not.Enough.1999__#00-56-40_00-56-51_label_G-0-0.npy,5,1,explosion
The.World.Is.Not.Enough.1999__#01-03-31_01-04-14_label_B2-0-0,train,data/raw/xd-violence/data/swin_rgb/1005-2004/The.World.Is.Not.Enough.1999__#01-03-31_01-04-14_label_B2-0-0.npy,17,1,shooting
The.World.Is.Not.Enough.1999__#01-04-52_01-05-12_label_B2-0-0,train,data/raw/xd-violence/data/swin_rgb/1005-2004/The.World.Is.Not.Enough.1999__#01-04-52_01-05-12_label_B2-0-0.npy,8,1,shooting
The.World.Is.Not.Enough.1999__#01-18-30_01-18-45_label_G-0-0,train,data/raw/xd-violence/data/swin_rgb/1005-2004/The.World.Is.Not.Enough.1999__#01-18-30_01-18-45_label_G-0-0.npy,6,1,explosion
The.World.Is.Not.Enough.1999__#01-40-20_01-40-36_label_G-0-0,train,data/raw/xd-violence/data/swin_rgb/1005-2004/The.World.Is.Not.Enough.1999__#01-40-20_01-40-36_label_G-0-0.npy,7,1,explosion
The.World.Is.Not.Enough.1999__#01-46-48_01-47-32_label_B2-0-0,train,data/raw/xd-violence/data/swin_rgb/1005-2004/The.World.Is.Not.Enough.1999__#01-46-48_01-47-32_label_B2-0-0.npy,17,1,shooting
The.World.Is.Not.Enough.1999__#01-48-36_01-48-50_label_B2-0-0,train,data/raw/xd-violence/data/swin_rgb/1005-2004/The.World.Is.Not.Enough.1999__#01-48-36_01-48-50_label_B2-0-0.npy,6,1,shooting
The.World.Is.Not.Enough.1999__#01-53-10_01-53-33_label_B2-B1-0,train,data/raw/xd-violence/data/swin_rgb/1005-2004/The.World.Is.Not.Enough.1999__#01-53-10_01-53-33_label_B2-B1-0.npy,9,1,shooting|fighting
Thelma...Louise.1991__#00-21-25_00-21-50_label_B2-0-0,train,data/raw/xd-violence/data/swin_rgb/1005-2004/Thelma...Louise.1991__#00-21-25_00-21-50_label_B2-0-0.npy,10,1,shooting
Thelma...Louise.1991__#00-22-20_00-23-10_label_A,train,data/raw/xd-violence/data/swin_rgb/1005-2004/Thelma...Louise.1991__#00-22-20_00-23-10_label_A.npy,19,0,
Thelma...Louise.1991__#00-23-40_00-24-40_label_A,train,data/raw/xd-violence/data/swin_rgb/1005-2004/Thelma...Louise.1991__#00-23-40_00-24-40_label_A.npy,23,0,
Thelma...Louise.1991__#01-52-50_01-53-20_label_G-B2-0,train,data/raw/xd-violence/data/swin_rgb/1005-2004/Thelma...Louise.1991__#01-52-50_01-53-20_label_G-B2-0.npy,12,1,explosion|shooting
Thelma...Louise.1991__#01-57-50_01-59-10_label_B6-0-0,train,data/raw/xd-violence/data/swin_rgb/1005-2004/Thelma...Louise.1991__#01-57-50_01-59-10_label_B6-0-0.npy,31,1,car_accident
Thelma...Louise.1991__#01-59-20_02-01-00_label_A,train,data/raw/xd-violence/data/swin_rgb/1005-2004/Thelma...Louise.1991__#01-59-20_02-01-00_label_A.npy,38,0,
Tropa.de.Elite.2.2010__#00-02-10_00-03-45_label_B2-0-0,train,data/raw/xd-violence/data/swin_rgb/1005-2004/Tropa.de.Elite.2.2010__#00-02-10_00-03-45_label_B2-0-0.npy,36,1,shooting
Tropa.de.Elite.2.2010__#00-10-02_00-13-15_label_B4-B2-B1,train,data/raw/xd-violence/data/swin_rgb/1005-2004/Tropa.de.Elite.2.2010__#00-10-02_00-13-15_label_B4-B2-B1.npy,73,1,riot|shooting|fighting
Tropa.de.Elite.2.2010__#00-15-00_00-16-50_label_A,train,data/raw/xd-violence/data/swin_rgb/1005-2004/Tropa.de.Elite.2.2010__#00-15-00_00-16-50_label_A.npy,42,0,
Tropa.de.Elite.2.2010__#00-18-00_00-20-00_label_B4-B2-0,train,data/raw/xd-violence/data/swin_rgb/1005-2004/Tropa.de.Elite.2.2010__#00-18-00_00-20-00_label_B4-B2-0.npy,46,1,riot|shooting
Tropa.de.Elite.2.2010__#00-20-05_00-23-30_label_A,train,data/raw/xd-violence/data/swin_rgb/1005-2004/Tropa.de.Elite.2.2010__#00-20-05_00-23-30_label_A.npy,77,0,
Tropa.de.Elite.2.2010__#00-24-40_00-27-00_label_A,train,data/raw/xd-violence/data/swin_rgb/1005-2004/Tropa.de.Elite.2.2010__#00-24-40_00-27-00_label_A.npy,53,0,
Tropa.de.Elite.2.2010__#00-33-25_00-35-30_label_B1-0-0,train,data/raw/xd-violence/data/swin_rgb/1005-2004/Tropa.de.Elite.2.2010__#00-33-25_00-35-30_label_B1-0-0.npy,47,1,fighting
Tropa.de.Elite.2.2010__#00-35-46_00-36-40_label_A,train,data/raw/xd-violence/data/swin_rgb/1005-2004/Tropa.de.Elite.2.2010__#00-35-46_00-36-40_label_A.npy,21,0,
Tropa.de.Elite.2.2010__#00-38-20_00-39-30_label_B2-0-0,train,data/raw/xd-violence/data/swin_rgb/1005-2004/Tropa.de.Elite.2.2010__#00-38-20_00-39-30_label_B2-0-0.npy,27,1,shooting
Tropa.de.Elite.2.2010__#00-39-50_00-40-31_label_B2-0-0,train,data/raw/xd-violence/data/swin_rgb/1005-2004/Tropa.de.Elite.2.2010__#00-39-50_00-40-31_label_B2-0-0.npy,16,1,shooting
Tropa.de.Elite.2.2010__#00-40-41_00-41-40_label_A,train,data/raw/xd-violence/data/swin_rgb/1005-2004/Tropa.de.Elite.2.2010__#00-40-41_00-41-40_label_A.npy,23,0,
Tropa.de.Elite.2.2010__#00-43-02_00-44-01_label_A,train,data/raw/xd-violence/data/swin_rgb/1005-2004/Tropa.de.Elite.2.2010__#00-43-02_00-44-01_label_A.npy,23,0,
Tropa.de.Elite.2.2010__#00-44-02_00-45-10_label_B1-B2-0,train,data/raw/xd-violence/data/swin_rgb/1005-2004/Tropa.de.Elite.2.2010__#00-44-02_00-45-10_label_B1-B2-0.npy,26,1,fighting|shooting
Tropa.de.Elite.2.2010__#00-45-11_00-46-10_label_A,train,data/raw/xd-violence/data/swin_rgb/1005-2004/Tropa.de.Elite.2.2010__#00-45-11_00-46-10_label_A.npy,23,0,
Tropa.de.Elite.2.2010__#00-46-55_00-48-20_label_A,train,data/raw/xd-violence/data/swin_rgb/1005-2004/Tropa.de.Elite.2.2010__#00-46-55_00-48-20_label_A.npy,32,0,
Tropa.de.Elite.2.2010__#00-49-00_00-50-20_label_A,train,data/raw/xd-violence/data/swin_rgb/1005-2004/Tropa.de.Elite.2.2010__#00-49-00_00-50-20_label_A.npy,31,0,
Tropa.de.Elite.2.2010__#01-01-00_01-02-30_label_A,train,data/raw/xd-violence/data/swin_rgb/1005-2004/Tropa.de.Elite.2.2010__#01-01-00_01-02-30_label_A.npy,34,0,
Tropa.de.Elite.2.2010__#01-07-00_01-10-00_label_B2-B6-0,train,data/raw/xd-violence/data/swin_rgb/1005-2004/Tropa.de.Elite.2.2010__#01-07-00_01-10-00_label_B2-B6-0.npy,68,1,shooting|car_accident
Tropa.de.Elite.2.2010__#01-10-25_01-13-10_label_B2-B5-0,train,data/raw/xd-violence/data/swin_rgb/1005-2004/Tropa.de.Elite.2.2010__#01-10-25_01-13-10_label_B2-B5-0.npy,62,1,shooting|abuse
Tropa.de.Elite.2.2010__#01-13-25_01-14-10_label_B2-0-0,train,data/raw/xd-violence/data/swin_rgb/1005-2004/Tropa.de.Elite.2.2010__#01-13-25_01-14-10_label_B2-0-0.npy,17,1,shooting
Tropa.de.Elite.2.2010__#01-14-45_01-15-40_label_A,train,data/raw/xd-violence/data/swin_rgb/1005-2004/Tropa.de.Elite.2.2010__#01-14-45_01-15-40_label_A.npy,21,0,
Tropa.de.Elite.2.2010__#01-16-00_01-19-30_label_A,train,data/raw/xd-violence/data/swin_rgb/1005-2004/Tropa.de.Elite.2.2010__#01-16-00_01-19-30_label_A.npy,79,0,
Tropa.de.Elite.2.2010__#01-19-31_01-20-58_label_B1-0-0,train,data/raw/xd-violence/data/swin_rgb/1005-2004/Tropa.de.Elite.2.2010__#01-19-31_01-20-58_label_B1-0-0.npy,33,1,fighting
Tropa.de.Elite.2.2010__#01-22-30_01-24-00_label_A,train,data/raw/xd-violence/data/swin_rgb/1005-2004/Tropa.de.Elite.2.2010__#01-22-30_01-24-00_label_A.npy,34,0,
Tropa.de.Elite.2.2010__#01-26-50_01-28-08_label_B5-0-0,train,data/raw/xd-violence/data/swin_rgb/1005-2004/Tropa.de.Elite.2.2010__#01-26-50_01-28-08_label_B5-0-0.npy,30,1,abuse
Tropa.de.Elite.2.2010__#01-29-26_01-30-50_label_A,train,data/raw/xd-violence/data/swin_rgb/1005-2004/Tropa.de.Elite.2.2010__#01-29-26_01-30-50_label_A.npy,32,0,
Tropa.de.Elite.2.2010__#01-35-00_01-36-11_label_B1-0-0,train,data/raw/xd-violence/data/swin_rgb/1005-2004/Tropa.de.Elite.2.2010__#01-35-00_01-36-11_label_B1-0-0.npy,27,1,fighting
Tropa.de.Elite.2.2010__#01-36-12_01-37-40_label_A,train,data/raw/xd-violence/data/swin_rgb/1005-2004/Tropa.de.Elite.2.2010__#01-36-12_01-37-40_label_A.npy,34,0,
Tropa.de.Elite.2.2010__#01-40-30_01-42-00_label_B2-0-0,train,data/raw/xd-violence/data/swin_rgb/1005-2004/Tropa.de.Elite.2.2010__#01-40-30_01-42-00_label_B2-0-0.npy,34,1,shooting
Tropa.de.Elite.2007__#00-12-10_00-13-30_label_A,train,data/raw/xd-violence/data/swin_rgb/1005-2004/Tropa.de.Elite.2007__#00-12-10_00-13-30_label_A.npy,31,0,
Tropa.de.Elite.2007__#00-15-08_00-17-08_label_A,train,data/raw/xd-violence/data/swin_rgb/1005-2004/Tropa.de.Elite.2007__#00-15-08_00-17-08_label_A.npy,46,0,
Tropa.de.Elite.2007__#00-19-31_00-22-31_label_A,train,data/raw/xd-violence/data/swin_rgb/1005-2004/Tropa.de.Elite.2007__#00-19-31_00-22-31_label_A.npy,68,0,
Tropa.de.Elite.2007__#00-28-00_00-28-20_label_B2-0-0,train,data/raw/xd-violence/data/swin_rgb/1005-2004/Tropa.de.Elite.2007__#00-28-00_00-28-20_label_B2-0-0.npy,8,1,shooting
Tropa.de.Elite.2007__#00-30-43_00-34-31_label_A,train,data/raw/xd-violence/data/swin_rgb/1005-2004/Tropa.de.Elite.2007__#00-30-43_00-34-31_label_A.npy,86,0,
Tropa.de.Elite.2007__#00-49-05_00-50-05_label_A,train,data/raw/xd-violence/data/swin_rgb/1005-2004/Tropa.de.Elite.2007__#00-49-05_00-50-05_label_A.npy,23,0,
Tropa.de.Elite.2007__#00-59-16_01-00-55_label_B2-0-0,train,data/raw/xd-violence/data/swin_rgb/1005-2004/Tropa.de.Elite.2007__#00-59-16_01-00-55_label_B2-0-0.npy,38,1,shooting
Tropa.de.Elite.2007__#01-02-00_01-02-50_label_B2-0-0,train,data/raw/xd-violence/data/swin_rgb/1005-2004/Tropa.de.Elite.2007__#01-02-00_01-02-50_label_B2-0-0.npy,19,1,shooting
Tropa.de.Elite.2007__#01-03-35_01-04-05_label_B2-0-0,train,data/raw/xd-violence/data/swin_rgb/1005-2004/Tropa.de.Elite.2007__#01-03-35_01-04-05_label_B2-0-0.npy,12,1,shooting
Tropa.de.Elite.2007__#01-06-30_01-08-50_label_A,train,data/raw/xd-violence/data/swin_rgb/1005-2004/Tropa.de.Elite.2007__#01-06-30_01-08-50_label_A.npy,53,0,
Tropa.de.Elite.2007__#01-34-17_01-34-40_label_B2-0-0,train,data/raw/xd-violence/data/swin_rgb/1005-2004/Tropa.de.Elite.2007__#01-34-17_01-34-40_label_B2-0-0.npy,9,1,shooting
sportsviolence__#1_label_B1-0-0,train,data/raw/xd-violence/data/swin_rgb/1005-2004/sportsviolence__#1_label_B1-0-0.npy,185,1,fighting
v=-8O0_tG44IM__#1_label_B6-0-0,train,data/raw/xd-violence/data/swin_rgb/1005-2004/v=-8O0_tG44IM__#1_label_B6-0-0.npy,287,1,car_accident
v=-8kHD_Ca2cE__#1_label_A,train,data/raw/xd-violence/data/swin_rgb/1005-2004/v=-8kHD_Ca2cE__#1_label_A.npy,29,0,
v=-_6vGj67Iq8__#1_label_G-0-0,train,data/raw/xd-violence/data/swin_rgb/1005-2004/v=-_6vGj67Iq8__#1_label_G-0-0.npy,54,1,explosion
v=00UDa4PVpw0__#1_label_B4-0-0,train,data/raw/xd-violence/data/swin_rgb/1005-2004/v=00UDa4PVpw0__#1_label_B4-0-0.npy,55,1,riot
v=07hFujJo-3g__#1_label_A,train,data/raw/xd-violence/data/swin_rgb/1005-2004/v=07hFujJo-3g__#1_label_A.npy,83,0,
v=0FYoyva-TFs__#1_label_A,train,data/raw/xd-violence/data/swin_rgb/1005-2004/v=0FYoyva-TFs__#1_label_A.npy,170,0,
v=0O3LbHS5Xss__#1_label_A,train,data/raw/xd-violence/data/swin_rgb/1005-2004/v=0O3LbHS5Xss__#1_label_A.npy,113,0,
v=0Ym0O9Phueo__#1_label_B4-0-0,train,data/raw/xd-violence/data/swin_rgb/1005-2004/v=0Ym0O9Phueo__#1_label_B4-0-0.npy,49,1,riot
v=0_qTxNIQy7I__#1_label_A,train,data/raw/xd-violence/data/swin_rgb/1005-2004/v=0_qTxNIQy7I__#1_label_A.npy,67,0,
v=0a8dod67ecs__#1_label_A,train,data/raw/xd-violence/data/swin_rgb/1005-2004/v=0a8dod67ecs__#1_label_A.npy,18,0,
v=0aOC63IZPTs__#00-00-00_00-01-51_label_B6-0-0,train,data/raw/xd-violence/data/swin_rgb/1005-2004/v=0aOC63IZPTs__#00-00-00_00-01-51_label_B6-0-0.npy,42,1,car_accident
v=0aOC63IZPTs__#00-01-52_00-03-10_label_B6-0-0,train,data/raw/xd-violence/data/swin_rgb/1005-2004/v=0aOC63IZPTs__#00-01-52_00-03-10_label_B6-0-0.npy,30,1,car_accident
v=0aOC63IZPTs__#00-04-00_00-05-19_label_B6-0-0,train,data/raw/xd-violence/data/swin_rgb/1005-2004/v=0aOC63IZPTs__#00-04-00_00-05-19_label_B6-0-0.npy,30,1,car_accident
v=0aOC63IZPTs__#00-06-01_00-07-08_label_B6-0-0,train,data/raw/xd-violence/data/swin_rgb/1005-2004/v=0aOC63IZPTs__#00-06-01_00-07-08_label_B6-0-0.npy,26,1,car_accident
v=0aOC63IZPTs__#00-07-40_00-08-48_label_B6-0-0,train,data/raw/xd-violence/data/swin_rgb/1005-2004/v=0aOC63IZPTs__#00-07-40_00-08-48_label_B6-0-0.npy,26,1,car_accident
v=0aOC63IZPTs__#00-10-41_00-12-20_label_B6-0-0,train,data/raw/xd-violence/data/swin_rgb/1005-2004/v=0aOC63IZPTs__#00-10-41_00-12-20_label_B6-0-0.npy,38,1,car_accident
v=0gdy9L5whEs__#1_label_B6-0-0,train,data/raw/xd-violence/data/swin_rgb/1005-2004/v=0gdy9L5whEs__#1_label_B6-0-0.npy,330,1,car_accident
v=0hi_wpaM54s__#1_label_A,train,data/raw/xd-violence/data/swin_rgb/1005-2004/v=0hi_wpaM54s__#1_label_A.npy,65,0,
v=0k7z2syu-4g__#1_label_A,train,data/raw/xd-violence/data/swin_rgb/1005-2004/v=0k7z2syu-4g__#1_label_A.npy,262,0,
v=0lTLBaAtuNM__#00-02-11_00-03-21_label_G-0-0,train,data/raw/xd-violence/data/swin_rgb/1005-2004/v=0lTLBaAtuNM__#00-02-11_00-03-21_label_G-0-0.npy,27,1,explosion
v=0nNh2MZ_5bY__#1_label_A,train,data/raw/xd-violence/data/swin_rgb/1005-2004/v=0nNh2MZ_5bY__#1_label_A.npy,8,0,
v=0qCqt8jLPaE__#1_label_A,train,data/raw/xd-violence/data/swin_rgb/1005-2004/v=0qCqt8jLPaE__#1_label_A.npy,66,0,
v=0qtIjyt-7wg__#00-03-00_00-03-55_label_B6-0-0,train,data/raw/xd-violence/data/swin_rgb/1005-2004/v=0qtIjyt-7wg__#00-03-00_00-03-55_label_B6-0-0.npy,21,1,car_accident
v=0vVOXlgHC1U__#00-00-00_00-06-00_label_A,train,data/raw/xd-violence/data/swin_rgb/1005-2004/v=0vVOXlgHC1U__#00-00-00_00-06-00_label_A.npy,136,0,
v=0vVOXlgHC1U__#00-06-00_00-12-00_label_A,train,data/raw/xd-violence/data/swin_rgb/1005-2004/v=0vVOXlgHC1U__#00-06-00_00-12-00_label_A.npy,136,0,
v=0vVOXlgHC1U__#00-18-00_00-24-00_label_A,train,data/raw/xd-violence/data/swin_rgb/1005-2004/v=0vVOXlgHC1U__#00-18-00_00-24-00_label_A.npy,136,0,
v=0vVOXlgHC1U__#00-24-00_00-30-00_label_A,train,data/raw/xd-violence/data/swin_rgb/1005-2004/v=0vVOXlgHC1U__#00-24-00_00-30-00_label_A.npy,136,0,
v=0vVOXlgHC1U__#00-30-00_00-36-00_label_A,train,data/raw/xd-violence/data/swin_rgb/1005-2004/v=0vVOXlgHC1U__#00-30-00_00-36-00_label_A.npy,136,0,
v=0vVOXlgHC1U__#00-36-00_00-42-00_label_A,train,data/raw/xd-violence/data/swin_rgb/1005-2004/v=0vVOXlgHC1U__#00-36-00_00-42-00_label_A.npy,136,0,
v=0vVOXlgHC1U__#00-42-00_00-48-00_label_A,train,data/raw/xd-violence/data/swin_rgb/1005-2004/v=0vVOXlgHC1U__#00-42-00_00-48-00_label_A.npy,136,0,
v=0vVOXlgHC1U__#00-54-00_01-00-00_label_A,train,data/raw/xd-violence/data/swin_rgb/1005-2004/v=0vVOXlgHC1U__#00-54-00_01-00-00_label_A.npy,136,0,
v=0vVOXlgHC1U__#01-00-00_01-06-00_label_A,train,data/raw/xd-violence/data/swin_rgb/1005-2004/v=0vVOXlgHC1U__#01-00-00_01-06-00_label_A.npy,136,0,
v=0vVOXlgHC1U__#01-06-00_01-12-50_label_A,train,data/raw/xd-violence/data/swin_rgb/1005-2004/v=0vVOXlgHC1U__#01-06-00_01-12-50_label_A.npy,154,0,
v=1-oou66siyU__#1_label_B1-0-0,train,data/raw/xd-violence/data/swin_rgb/1005-2004/v=1-oou66siyU__#1_label_B1-0-0.npy,24,1,fighting
v=1CGPBylxXDQ__#1_label_A,train,data/raw/xd-violence/data/swin_rgb/1005-2004/v=1CGPBylxXDQ__#1_label_A.npy,89,0,
v=1LgHkQL7Jms__#00-00-00_00-01-21_label_B6-0-0,train,data/raw/xd-violence/data/swin_rgb/1005-2004/v=1LgHkQL7Jms__#00-00-00_00-01-21_label_B6-0-0.npy,31,1,car_accident
v=1LgHkQL7Jms__#00-01-24_00-02-51_label_B6-0-0,train,data/raw/xd-violence/data/swin_rgb/1005-2004/v=1LgHkQL7Jms__#00-01-24_00-02-51_label_B6-0-0.npy,33,1,car_accident
v=1LgHkQL7Jms__#00-03-10_00-04-19_label_B6-0-0,train,data/raw/xd-violence/data/swin_rgb/1005-2004/v=1LgHkQL7Jms__#00-03-10_00-04-19_label_B6-0-0.npy,26,1,car_accident
v=1LgHkQL7Jms__#00-04-20_00-05-51_label_B6-0-0,train,data/raw/xd-violence/data/swin_rgb/1005-2004/v=1LgHkQL7Jms__#00-04-20_00-05-51_label_B6-0-0.npy,35,1,car_accident
v=1LgHkQL7Jms__#00-05-52_00-07-11_label_B6-0-0,train,data/raw/xd-violence/data/swin_rgb/1005-2004/v=1LgHkQL7Jms__#00-05-52_00-07-11_label_B6-0-0.npy,30,1,car_accident
v=1TsUkR8nR7I__#1_label_A,train,data/raw/xd-violence/data/swin_rgb/1005-2004/v=1TsUkR8nR7I__#1_label_A.npy,332,0,
v=1Up20_cLdVQ__#1_label_A,train,data/raw/xd-violence/data/swin_rgb/1005-2004/v=1Up20_cLdVQ__#1_label_A.npy,135,0,
v=1YSzFo5_DcU__#1_label_B4-0-0,train,data/raw/xd-violence/data/swin_rgb/1005-2004/v=1YSzFo5_DcU__#1_label_B4-0-0.npy,79,1,riot
v=1Zp0CITmdoY__#1_label_A,train,data/raw/xd-violence/data/swin_rgb/1005-2004/v=1Zp0CITmdoY__#1_label_A.npy,33,0,
v=1bglsyniUE4__#1_label_B4-0-0,train,data/raw/xd-violence/data/swin_rgb/1005-2004/v=1bglsyniUE4__#1_label_B4-0-0.npy,30,1,riot
v=1eyrO-nbaB0__#1_label_B4-0-0,train,data/raw/xd-violence/data/swin_rgb/1005-2004/v=1eyrO-nbaB0__#1_label_B4-0-0.npy,31,1,riot
v=1fsEpf2O3AA__#1_label_G-0-0,train,data/raw/xd-violence/data/swin_rgb/1005-2004/v=1fsEpf2O3AA__#1_label_G-0-0.npy,80,1,explosion
v=1ifHYTW_AU0__#1_label_A,train,data/raw/xd-violence/data/swin_rgb/1005-2004/v=1ifHYTW_AU0__#1_label_A.npy,361,0,
v=1jMf0RGRpnc__#1_label_A,train,data/raw/xd-violence/data/swin_rgb/1005-2004/v=1jMf0RGRpnc__#1_label_A.npy,71,0,
v=1jWM8Ry9kxM__#1_label_B4-0-0,train,data/raw/xd-violence/data/swin_rgb/1005-2004/v=1jWM8Ry9kxM__#1_label_B4-0-0.npy,38,1,riot
v=1uJo9wvzYiw__#1_label_B4-0-0,train,data/raw/xd-violence/data/swin_rgb/1005-2004/v=1uJo9wvzYiw__#1_label_B4-0-0.npy,28,1,riot
v=1wR2LfX-R0Q__#1_label_A,train,data/raw/xd-violence/data/swin_rgb/1005-2004/v=1wR2LfX-R0Q__#1_label_A.npy,60,0,
v=2CZ8fejXB7Y__#1_label_A,train,data/raw/xd-violence/data/swin_rgb/1005-2004/v=2CZ8fejXB7Y__#1_label_A.npy,64,0,
v=2QASTfhFPZs__#1_label_A,train,data/raw/xd-violence/data/swin_rgb/1005-2004/v=2QASTfhFPZs__#1_label_A.npy,40,0,
v=2QeZPWlLufc__#1_label_A,train,data/raw/xd-violence/data/swin_rgb/1005-2004/v=2QeZPWlLufc__#1_label_A.npy,49,0,
v=2REkZG-dhHc__#1_label_A,train,data/raw/xd-violence/data/swin_rgb/1005-2004/v=2REkZG-dhHc__#1_label_A.npy,80,0,
v=2Rr21qkZEDQ__#00-01-00_00-02-45_label_B6-0-0,train,data/raw/xd-violence/data/swin_rgb/1005-2004/v=2Rr21qkZEDQ__#00-01-00_00-02-45_label_B6-0-0.npy,40,1,car_accident
v=2Rr21qkZEDQ__#00-04-10_00-06-09_label_B6-0-0,train,data/raw/xd-violence/data/swin_rgb/1005-2004/v=2Rr21qkZEDQ__#00-04-10_00-06-09_label_B6-0-0.npy,45,1,car_accident
v=2Rr21qkZEDQ__#00-08-00_00-08-45_label_B6-0-0,train,data/raw/xd-violence/data/swin_rgb/1005-2004/v=2Rr21qkZEDQ__#00-08-00_00-08-45_label_B6-0-0.npy,17,1,car_accident
v=2Rr21qkZEDQ__#00-09-00_00-10-09_label_B6-0-0,train,data/raw/xd-violence/data/swin_rgb/1005-2004/v=2Rr21qkZEDQ__#00-09-00_00-10-09_label_B6-0-0.npy,26,1,car_accident
v=2Rr21qkZEDQ__#00-10-20_00-12-45_label_B6-0-0,train,data/raw/xd-violence/data/swin_rgb/1005-2004/v=2Rr21qkZEDQ__#00-10-20_00-12-45_label_B6-0-0.npy,55,1,car_accident
v=2Rr21qkZEDQ__#00-13-00_00-14-09_label_B6-0-0,train,data/raw/xd-violence/data/swin_rgb/1005-2004/v=2Rr21qkZEDQ__#00-13-00_00-14-09_label_B6-0-0.npy,26,1,car_accident
v=2Rr21qkZEDQ__#00-16-10_00-17-51_label_B6-0-0,train,data/raw/xd-violence/data/swin_rgb/1005-2004/v=2Rr21qkZEDQ__#00-16-10_00-17-51_label_B6-0-0.npy,38,1,car_accident
v=2YU-dTvnFJw__#1_label_A,train,data/raw/xd-violence/data/swin_rgb/1005-2004/v=2YU-dTvnFJw__#1_label_A.npy,68,0,
v=2Z-LmV6Zycs__#1_label_B1-0-0,train,data/raw/xd-violence/data/swin_rgb/1005-2004/v=2Z-LmV6Zycs__#1_label_B1-0-0.npy,49,1,fighting
v=2att1HJqH2o__#1_label_B4-0-0,train,data/raw/xd-violence/data/swin_rgb/1005-2004/v=2att1HJqH2o__#1_label_B4-0-0.npy,53,1,riot
v=2eLHANhvuj4__#1_label_B4-0-0,train,data/raw/xd-violence/data/swin_rgb/1005-2004/v=2eLHANhvuj4__#1_label_B4-0-0.npy,88,1,riot
v=2kygEDNk9aA__#1_label_B1-0-0,train,data/raw/xd-violence/data/swin_rgb/1005-2004/v=2kygEDNk9aA__#1_label_B1-0-0.npy,30,1,fighting
v=2l5XPZK-55g__#1_label_A,train,data/raw/xd-violence/data/swin_rgb/1005-2004/v=2l5XPZK-55g__#1_label_A.npy,707,0,
v=2lXh2n0aPyw__#1_label_A,train,data/raw/xd-violence/data/swin_rgb/1005-2004/v=2lXh2n0aPyw__#1_label_A.npy,41,0,
v=2ncA53czMOg__#00-00-00_00-00-58_label_B4-0-0,train,data/raw/xd-violence/data/swin_rgb/1005-2004/v=2ncA53czMOg__#00-00-00_00-00-58_label_B4-0-0.npy,22,1,riot
v=2ncA53czMOg__#00-00-58_00-01-51_label_B4-0-0,train,data/raw/xd-violence/data/swin_rgb/1005-2004/v=2ncA53czMOg__#00-00-58_00-01-51_label_B4-0-0.npy,20,1,riot
v=2ncA53czMOg__#00-01-51_00-02-40_label_B4-0-0,train,data/raw/xd-violence/data/swin_rgb/1005-2004/v=2ncA53czMOg__#00-01-51_00-02-40_label_B4-0-0.npy,19,1,riot
v=2ncA53czMOg__#00-02-40_00-03-55_label_B4-0-0,train,data/raw/xd-violence/data/swin_rgb/1005-2004/v=2ncA53czMOg__#00-02-40_00-03-55_label_B4-0-0.npy,29,1,riot
v=2ncA53czMOg__#00-03-55_00-05-41_label_B4-0-0,train,data/raw/xd-violence/data/swin_rgb/1005-2004/v=2ncA53czMOg__#00-03-55_00-05-41_label_B4-0-0.npy,40,1,riot
v=2oUyemslvxw__#1_label_A,train,data/raw/xd-violence/data/swin_rgb/1005-2004/v=2oUyemslvxw__#1_label_A.npy,233,0,
v=2qiZpndjg6Y__#1_label_G-0-0,train,data/raw/xd-violence/data/swin_rgb/1005-2004/v=2qiZpndjg6Y__#1_label_G-0-0.npy,31,1,explosion
v=2rfyeR-YaJw__#1_label_G-0-0,train,data/raw/xd-violence/data/swin_rgb/1005-2004/v=2rfyeR-YaJw__#1_label_G-0-0.npy,31,1,explosion
v=2xLtOm67sN0__#1_label_A,train,data/raw/xd-violence/data/swin_rgb/1005-2004/v=2xLtOm67sN0__#1_label_A.npy,75,0,
v=3A07-qclqpk__#1_label_A,train,data/raw/xd-violence/data/swin_rgb/1005-2004/v=3A07-qclqpk__#1_label_A.npy,65,0,
v=3DrY28VNPfE__#1_label_B1-0-0,train,data/raw/xd-violence/data/swin_rgb/1005-2004/v=3DrY28VNPfE__#1_label_B1-0-0.npy,21,1,fighting
v=3E5NyhlB70Q__#1_label_A,train,data/raw/xd-violence/data/swin_rgb/1005-2004/v=3E5NyhlB70Q__#1_label_A.npy,75,0,
v=3FXUw98rrUY__#1_label_A,train,data/raw/xd-violence/data/swin_rgb/1005-2004/v=3FXUw98rrUY__#1_label_A.npy,18,0,
v=3I8enjGYp-s__#1_label_A,train,data/raw/xd-violence/data/swin_rgb/1005-2004/v=3I8enjGYp-s__#1_label_A.npy,69,0,
v=3K40LT7Q_7s__#1_label_A,train,data/raw/xd-violence/data/swin_rgb/1005-2004/v=3K40LT7Q_7s__#1_label_A.npy,24,0,
v=3M2NCcSxKLY__#1_label_A,train,data/raw/xd-violence/data/swin_rgb/1005-2004/v=3M2NCcSxKLY__#1_label_A.npy,275,0,
v=3NcXHsSOzTg__#1_label_B4-0-0,train,data/raw/xd-violence/data/swin_rgb/1005-2004/v=3NcXHsSOzTg__#1_label_B4-0-0.npy,51,1,riot
v=3NklthJ7foI__#1_label_B1-0-0,train,data/raw/xd-violence/data/swin_rgb/1005-2004/v=3NklthJ7foI__#1_label_B1-0-0.npy,33,1,fighting
v=3OnSGQzJGOY__#1_label_A,train,data/raw/xd-violence/data/swin_rgb/1005-2004/v=3OnSGQzJGOY__#1_label_A.npy,66,0,
v=3QEKJG5pujA__#1_label_A,train,data/raw/xd-violence/data/swin_rgb/1005-2004/v=3QEKJG5pujA__#1_label_A.npy,35,0,
v=3ReHk7UqqhA__#1_label_A,train,data/raw/xd-violence/data/swin_rgb/1005-2004/v=3ReHk7UqqhA__#1_label_A.npy,61,0,
v=3V6ucfKL6nI__#1_label_A,train,data/raw/xd-violence/data/swin_rgb/1005-2004/v=3V6ucfKL6nI__#1_label_A.npy,218,0,
v=3XyOgx9bCUo__#1_label_A,train,data/raw/xd-violence/data/swin_rgb/1005-2004/v=3XyOgx9bCUo__#1_label_A.npy,67,0,
v=3ZdoX9iYRuM__#1_label_A,train,data/raw/xd-violence/data/swin_rgb/1005-2004/v=3ZdoX9iYRuM__#1_label_A.npy,45,0,
v=3a-sg-FsoGw__#1_label_B4-0-0,train,data/raw/xd-violence/data/swin_rgb/1005-2004/v=3a-sg-FsoGw__#1_label_B4-0-0.npy,14,1,riot
v=3qlylxu7wvc__#1_label_B4-0-0,train,data/raw/xd-violence/data/swin_rgb/1005-2004/v=3qlylxu7wvc__#1_label_B4-0-0.npy,64,1,riot
v=3ve0JjM4NnA__#00-04-43_00-09-03_label_B1-0-0,train,data/raw/xd-violence/data/swin_rgb/1005-2004/v=3ve0JjM4NnA__#00-04-43_00-09-03_label_B1-0-0.npy,98,1,fighting
v=3wCWpu0HJ_4__#1_label_G-0-0,train,data/raw/xd-violence/data/swin_rgb/1005-2004/v=3wCWpu0HJ_4__#1_label_G-0-0.npy,8,1,explosion
v=3wFnffG183M__#1_label_A,train,data/raw/xd-violence/data/swin_rgb/1005-2004/v=3wFnffG183M__#1_label_A.npy,81,0,
v=3yCAZWdqX_Y__#1_label_A,train,data/raw/xd-violence/data/swin_rgb/1005-2004/v=3yCAZWdqX_Y__#1_label_A.npy,36,0,
v=4C5rQu7yvJo__#1_label_B1-0-0,train,data/raw/xd-violence/data/swin_rgb/1005-2004/v=4C5rQu7yvJo__#1_label_B1-0-0.npy,49,1,fighting
v=4FzhVu2PR8Y__#1_label_B1,train,data/raw/xd-violence/data/swin_rgb/1005-2004/v=4FzhVu2PR8Y__#1_label_B1.npy,87,1,fighting
v=4IEPcf9JWFU__#1_label_A,train,data/raw/xd-violence/data/swin_rgb/1005-2004/v=4IEPcf9JWFU__#1_label_A.npy,53,0,
v=4Mtad4D2I6Y__#1_label_A,train,data/raw/xd-violence/data/swin_rgb/1005-2004/v=4Mtad4D2I6Y__#1_label_A.npy,9,0,
v=4VzOUKODdZ4__#1_label_B4-0-0,train,data/raw/xd-violence/data/swin_rgb/1005-2004/v=4VzOUKODdZ4__#1_label_B4-0-0.npy,69,1,riot
v=4Wxn4d0ISV0__#1_label_A,train,data/raw/xd-violence/data/swin_rgb/1005-2004/v=4Wxn4d0ISV0__#1_label_A.npy,68,0,
v=4cw1WZxwJ3w__#1_label_A,train,data/raw/xd-violence/data/swin_rgb/1005-2004/v=4cw1WZxwJ3w__#1_label_A.npy,66,0,
v=4dDQk6dJL3A__#1_label_A,train,data/raw/xd-violence/data/swin_rgb/1005-2004/v=4dDQk6dJL3A__#1_label_A.npy,73,0,
v=4dZv0Ld52QQ__#1_label_B4-0-0,train,data/raw/xd-violence/data/swin_rgb/1005-2004/v=4dZv0Ld52QQ__#1_label_B4-0-0.npy,30,1,riot
v=4ioUvRoMNjo__#1_label_A,train,data/raw/xd-violence/data/swin_rgb/1005-2004/v=4ioUvRoMNjo__#1_label_A.npy,75,0,
v=4sQE6T2O0EQ__#00-02-00_00-02-35_label_B6-0-0,train,data/raw/xd-violence/data/swin_rgb/1005-2004/v=4sQE6T2O0EQ__#00-02-00_00-02-35_label_B6-0-0.npy,14,1,car_accident
v=4sQE6T2O0EQ__#00-05-50_00-07-20_label_B6-0-0,train,data/raw/xd-violence/data/swin_rgb/1005-2004/v=4sQE6T2O0EQ__#00-05-50_00-07-20_label_B6-0-0.npy,34,1,car_accident
v=4sQE6T2O0EQ__#00-09-12_00-10-15_label_B6-0-0,train,data/raw/xd-violence/data/swin_rgb/1005-2004/v=4sQE6T2O0EQ__#00-09-12_00-10-15_label_B6-0-0.npy,24,1,car_accident
v=4sbvmkX9mDY__#1_label_A,train,data/raw/xd-violence/data/swin_rgb/1005-2004/v=4sbvmkX9mDY__#1_label_A.npy,77,0,
v=4scM5pjdavI__#1_label_A,train,data/raw/xd-violence/data/swin_rgb/1005-2004/v=4scM5pjdavI__#1_label_A.npy,60,0,
v=4tQ4ZWTFR6c__#1_label_B4-0-0,train,data/raw/xd-violence/data/swin_rgb/1005-2004/v=4tQ4ZWTFR6c__#1_label_B4-0-0.npy,37,1,riot
v=4uXbF8bt-SQ__#1_label_B4-0-0,train,data/raw/xd-violence/data/swin_rgb/1005-2004/v=4uXbF8bt-SQ__#1_label_B4-0-0.npy,76,1,riot
v=4xBNjEbLekg__#1_label_B4-0-0,train,data/raw/xd-violence/data/swin_rgb/1005-2004/v=4xBNjEbLekg__#1_label_B4-0-0.npy,95,1,riot
v=5BBoVfKOyeM__#00-01-40_00-02-59_label_B6-0-0,train,data/raw/xd-violence/data/swin_rgb/1005-2004/v=5BBoVfKOyeM__#00-01-40_00-02-59_label_B6-0-0.npy,30,1,car_accident
v=5BBoVfKOyeM__#00-03-02_00-03-52_label_B6-0-0,train,data/raw/xd-violence/data/swin_rgb/1005-2004/v=5BBoVfKOyeM__#00-03-02_00-03-52_label_B6-0-0.npy,19,1,car_accident
v=5BEugKgdrxU__#1_label_A,train,data/raw/xd-violence/data/swin_rgb/1005-2004/v=5BEugKgdrxU__#1_label_A.npy,38,0,
v=5Ef6_XODxHg__#1_label_B4-0-0,train,data/raw/xd-violence/data/swin_rgb/1005-2004/v=5Ef6_XODxHg__#1_label_B4-0-0.npy,77,1,riot
v=5OGEr2Q-75M__#1_label_B4-0-0,train,data/raw/xd-violence/data/swin_rgb/1005-2004/v=5OGEr2Q-75M__#1_label_B4-0-0.npy,68,1,riot
v=5Rh7DIBWKBk__#00-00-30_00-01-45_label_B6-0-0,train,data/raw/xd-violence/data/swin_rgb/1005-2004/v=5Rh7DIBWKBk__#00-00-30_00-01-45_label_B6-0-0.npy,29,1,car_accident
v=5Rh7DIBWKBk__#00-02-10_00-03-45_label_B6-0-0,train,data/raw/xd-violence/data/swin_rgb/1005-2004/v=5Rh7DIBWKBk__#00-02-10_00-03-45_label_B6-0-0.npy,36,1,car_accident
v=5Rh7DIBWKBk__#00-04-00_00-05-47_label_B6-0-0,train,data/raw/xd-violence/data/swin_rgb/1005-2004/v=5Rh7DIBWKBk__#00-04-00_00-05-47_label_B6-0-0.npy,41,1,car_accident
v=5Rh7DIBWKBk__#00-07-03_00-07-20_label_B6-0-0,train,data/raw/xd-violence/data/swin_rgb/1005-2004/v=5Rh7DIBWKBk__#00-07-03_00-07-20_label_B6-0-0.npy,7,1,car_accident
v=5Rh7DIBWKBk__#00-07-40_00-09-10_label_B6-0-0,train,data/raw/xd-violence/data/swin_rgb/1005-2004/v=5Rh7DIBWKBk__#00-07-40_00-09-10_label_B6-0-0.npy,34,1,car_accident
v=5Rtsav021Rs__#00-00-00_00-03-00_label_A,train,data/raw/xd-violence/data/swin_rgb/1005-2004/v=5Rtsav021Rs__#00-00-00_00-03-00_label_A.npy,68,0,
v=5Rtsav021Rs__#00-03-00_00-06-00_label_A,train,data/raw/xd-violence/data/swin_rgb/1005-2004/v=5Rtsav021Rs__#00-03-00_00-06-00_label_A.npy,68,0,
v=5Rtsav021Rs__#00-06-00_00-09-00_label_A,train,data/raw/xd-violence/data/swin_rgb/1005-2004/v=5Rtsav021Rs__#00-06-00_00-09-00_label_A.npy,68,0,
v=5Rtsav021Rs__#00-09-00_00-12-30_label_A,train,data/raw/xd-violence/data/swin_rgb/1005-2004/v=5Rtsav021Rs__#00-09-00_00-12-30_label_A.npy,79,0,
v=5TPecJ1aUs8__#1_label_A,train,data/raw/xd-violence/data/swin_rgb/1005-2004/v=5TPecJ1aUs8__#1_label_A.npy,23,0,
v=5Tnl7_8RqlA__#00-01-00_00-02-45_label_B6-0-0,train,data/raw/xd-violence/data/swin_rgb/1005-2004/v=5Tnl7_8RqlA__#00-01-00_00-02-45_label_B6-0-0.npy,40,1,car_accident
v=5Tnl7_8RqlA__#00-03-00_00-04-09_label_B6-0-0,train,data/raw/xd-violence/data/swin_rgb/1005-2004/v=5Tnl7_8RqlA__#00-03-00_00-04-09_label_B6-0-0.npy,26,1,car_accident
v=5Tnl7_8RqlA__#00-04-10_00-06-09_label_B6-0-0,train,data/raw/xd-violence/data/swin_rgb/1005-2004/v=5Tnl7_8RqlA__#00-04-10_00-06-09_label_B6-0-0.npy,45,1,car_accident
v=5Tnl7_8RqlA__#00-06-10_00-07-19_label_B6-0-0,train,data/raw/xd-violence/data/swin_rgb/1005-2004/v=5Tnl7_8RqlA__#00-06-10_00-07-19_label_B6-0-0.npy,26,1,car_accident
v=5Tnl7_8RqlA__#00-07-22_00-08-19_label_B6-0-0,train,data/raw/xd-violence/data/swin_rgb/1005-2004/v=5Tnl7_8RqlA__#00-07-22_00-08-19_label_B6-0-0.npy,22,1,car_accident
v=5Tnl7_8RqlA__#00-08-35_00-10-25_label_B6-0-0,train,data/raw/xd-violence/data/swin_rgb/1005-2004/v=5Tnl7_8RqlA__#00-08-35_00-10-25_label_B6-0-0.npy,42,1,car_accident
v=5Tnl7_8RqlA__#00-13-00_00-14-09_label_B6-0-0,train,data/raw/xd-violence/data/swin_rgb/1005-2004/v=5Tnl7_8RqlA__#00-13-00_00-14-09_label_B6-0-0.npy,26,1,car_accident
v=5Tnl7_8RqlA__#00-14-10_00-16-09_label_B6-0-0,train,data/raw/xd-violence/data/swin_rgb/1005-2004/v=5Tnl7_8RqlA__#00-14-10_00-16-09_label_B6-0-0.npy,45,1,car_accident
v=5Tnl7_8RqlA__#00-16-10_00-17-19_label_B6-0-0,train,data/raw/xd-violence/data/swin_rgb/1005-2004/v=5Tnl7_8RqlA__#00-16-10_00-17-19_label_B6-0-0.npy,26,1,car_accident
v=5Tnl7_8RqlA__#00-17-22_00-18-19_label_B6-0-0,train,data/raw/xd-violence/data/swin_rgb/1005-2004/v=5Tnl7_8RqlA__#00-17-22_00-18-19_label_B6-0-0.npy,22,1,car_accident
v=5W5-zw0wVhE__#1_label_A,train,data/raw/xd-violence/data/swin_rgb/1005-2004/v=5W5-zw0wVhE__#1_label_A.npy,59,0,
v=5XUHlSWG92I__#1_label_A,train,data/raw/xd-violence/data/swin_rgb/1005-2004/v=5XUHlSWG92I__#1_label_A.npy,100,0,
v=5ai3CphP7Mo__#1_label_G-0-0,train,data/raw/xd-violence/data/swin_rgb/1005-2004/v=5ai3CphP7Mo__#1_label_G-0-0.npy,51,1,explosion
v=5dRZK_P5D3c__#1_label_A,train,data/raw/xd-violence/data/swin_rgb/1005-2004/v=5dRZK_P5D3c__#1_label_A.npy,29,0,
v=5eN8R6C7AZg__#1_label_A,train,data/raw/xd-violence/data/swin_rgb/1005-2004/v=5eN8R6C7AZg__#1_label_A.npy,23,0,
v=5fyaGMyzh-4__#1_label_B1-0-0,train,data/raw/xd-violence/data/swin_rgb/1005-2004/v=5fyaGMyzh-4__#1_label_B1-0-0.npy,82,1,fighting
v=5gCHS7CsjsE__#1_label_B4-0-0,train,data/raw/xd-violence/data/swin_rgb/1005-2004/v=5gCHS7CsjsE__#1_label_B4-0-0.npy,1603,1,riot
v=5gOoBB_BxRM__#1_label_B4-0-0,train,data/raw/xd-violence/data/swin_rgb/1005-2004/v=5gOoBB_BxRM__#1_label_B4-0-0.npy,74,1,riot
v=5j1wLNnUFhY__#1_label_A,train,data/raw/xd-violence/data/swin_rgb/1005-2004/v=5j1wLNnUFhY__#1_label_A.npy,112,0,
v=5plpAWiJ9VA__#1_label_B4-0-0,train,data/raw/xd-violence/data/swin_rgb/1005-2004/v=5plpAWiJ9VA__#1_label_B4-0-0.npy,14,1,riot
v=5vF4si3hoRA__#1_label_B4-0-0,train,data/raw/xd-violence/data/swin_rgb/1005-2004/v=5vF4si3hoRA__#1_label_B4-0-0.npy,59,1,riot
v=5wHHm-dCFyo__#1_label_B4-0-0,train,data/raw/xd-violence/data/swin_rgb/1005-2004/v=5wHHm-dCFyo__#1_label_B4-0-0.npy,33,1,riot
v=5yOKW0R7qhg__#1_label_A,train,data/raw/xd-violence/data/swin_rgb/1005-2004/v=5yOKW0R7qhg__#1_label_A.npy,77,0,
v=6AcZvntrYL8__#1_label_A,train,data/raw/xd-violence/data/swin_rgb/1005-2004/v=6AcZvntrYL8__#1_label_A.npy,70,0,
v=6AdDLhPwpp4__#1_label_B4-0-0,train,data/raw/xd-violence/data/swin_rgb/1005-2004/v=6AdDLhPwpp4__#1_label_B4-0-0.npy,25,1,riot
v=6BKWQCVkTKw__#1_label_A,train,data/raw/xd-violence/data/swin_rgb/1005-2004/v=6BKWQCVkTKw__#1_label_A.npy,85,0,
v=6FnL9s4SaAc__#1_label_G-0-0,train,data/raw/xd-violence/data/swin_rgb/1005-2004/v=6FnL9s4SaAc__#1_label_G-0-0.npy,28,1,explosion
v=6IiAgbi5t_Q__#1_label_B1-0-0,train,data/raw/xd-violence/data/swin_rgb/1005-2004/v=6IiAgbi5t_Q__#1_label_B1-0-0.npy,36,1,fighting
v=6Jr-XTGY81E__#1_label_A,train,data/raw/xd-violence/data/swin_rgb/1005-2004/v=6Jr-XTGY81E__#1_label_A.npy,126,0,
v=6QGDA-AS-Ac__#1_label_G-0-0,train,data/raw/xd-violence/data/swin_rgb/1005-2004/v=6QGDA-AS-Ac__#1_label_G-0-0.npy,24,1,explosion
v=6R5hQkU83p4__#1_label_A,train,data/raw/xd-violence/data/swin_rgb/1005-2004/v=6R5hQkU83p4__#1_label_A.npy,66,0,
v=6WkKb8Mu89Q__#00-00-35_00-02-30_label_B6-0-0,train,data/raw/xd-violence/data/swin_rgb/1005-2004/v=6WkKb8Mu89Q__#00-00-35_00-02-30_label_B6-0-0.npy,44,1,car_accident
v=6aQoC1M-jEY__#1_label_B4-0-0,train,data/raw/xd-violence/data/swin_rgb/1005-2004/v=6aQoC1M-jEY__#1_label_B4-0-0.npy,51,1,riot
v=6braXHvzJVc__#1_label_A,train,data/raw/xd-violence/data/swin_rgb/1005-2004/v=6braXHvzJVc__#1_label_A.npy,49,0,
v=6fDDTbiBSZc__#1_label_G-0-0,train,data/raw/xd-violence/data/swin_rgb/1005-2004/v=6fDDTbiBSZc__#1_label_G-0-0.npy,35,1,explosion
v=6iCFrgU0HDA__#00-01-50_00-03-22_label_G-0-0,train,data/raw/xd-violence/data/swin_rgb/1005-2004/v=6iCFrgU0HDA__#00-01-50_00-03-22_label_G-0-0.npy,35,1,explosion
v=6mTIikv5iwU__#1_label_B6-0-0,train,data/raw/xd-violence/data/swin_rgb/1005-2004/v=6mTIikv5iwU__#1_label_B6-0-0.npy,322,1,car_accident
v=6nwNVRG_0Zk__#1_label_A,train,data/raw/xd-violence/data/swin_rgb/1005-2004/v=6nwNVRG_0Zk__#1_label_A.npy,19,0,
v=6pNGAwElTF4__#1_label_A,train,data/raw/xd-violence/data/swin_rgb/1005-2004/v=6pNGAwElTF4__#1_label_A.npy,16,0,
v=6pvpdmz8qmI__#1_label_G-0-0,train,data/raw/xd-violence/data/swin_rgb/1005-2004/v=6pvpdmz8qmI__#1_label_G-0-0.npy,50,1,explosion
v=6s0JhcWxNKU__#1_label_A,train,data/raw/xd-violence/data/swin_rgb/1005-2004/v=6s0JhcWxNKU__#1_label_A.npy,708,0,
v=6vuW7zkarfs__#1_label_A,train,data/raw/xd-violence/data/swin_rgb/1005-2004/v=6vuW7zkarfs__#1_label_A.npy,84,0,
v=6zgfkDulVxk__#1_label_A,train,data/raw/xd-violence/data/swin_rgb/1005-2004/v=6zgfkDulVxk__#1_label_A.npy,19,0,
v=7CkLX_Eho24__#1_label_B1-0-0,train,data/raw/xd-violence/data/swin_rgb/1005-2004/v=7CkLX_Eho24__#1_label_B1-0-0.npy,21,1,fighting
v=7Ckf5ZG2H3k__#1_label_A,train,data/raw/xd-violence/data/swin_rgb/1005-2004/v=7Ckf5ZG2H3k__#1_label_A.npy,69,0,
v=7CrWzCwj_Gw__#1_label_A,train,data/raw/xd-violence/data/swin_rgb/1005-2004/v=7CrWzCwj_Gw__#1_label_A.npy,6,0,
v=7EGsd9BtaoA__#1_label_A,train,data/raw/xd-violence/data/swin_rgb/1005-2004/v=7EGsd9BtaoA__#1_label_A.npy,70,0,
v=7EIlRGuV9VA__#1_label_A,train,data/raw/xd-violence/data/swin_rgb/1005-2004/v=7EIlRGuV9VA__#1_label_A.npy,7,0,
v=7G4IvR1vQ7M__#00-00-00_00-00-45_label_B1-0-0,train,data/raw/xd-violence/data/swin_rgb/1005-2004/v=7G4IvR1vQ7M__#00-00-00_00-00-45_label_B1-0-0.npy,17,1,fighting
v=7JKWRE9yx5M__#1_label_B4-0-0,train,data/raw/xd-violence/data/swin_rgb/1005-2004/v=7JKWRE9yx5M__#1_label_B4-0-0.npy,25,1,riot
v=7JbMKIHOVaY__#1_label_A,train,data/raw/xd-violence/data/swin_rgb/1005-2004/v=7JbMKIHOVaY__#1_label_A.npy,59,0,
v=7JhY_W1CEnQ__#1_label_A,train,data/raw/xd-violence/data/swin_rgb/1005-2004/v=7JhY_W1CEnQ__#1_label_A.npy,64,0,
v=7NuWGTbPcEA__#1_label_A,train,data/raw/xd-violence/data/swin_rgb/1005-2004/v=7NuWGTbPcEA__#1_label_A.npy,41,0,
v=7OM8znTZYkk__#1_label_B4-0-0,train,data/raw/xd-violence/data/swin_rgb/1005-2004/v=7OM8znTZYkk__#1_label_B4-0-0.npy,40,1,riot
v=7PXpgxmogSc__#1_label_B4-0-0,train,data/raw/xd-violence/data/swin_rgb/1005-2004/v=7PXpgxmogSc__#1_label_B4-0-0.npy,31,1,riot
v=7QOdBpDrmKk__#00-00-00_00-00-51_label_B6-0-0,train,data/raw/xd-violence/data/swin_rgb/1005-2004/v=7QOdBpDrmKk__#00-00-00_00-00-51_label_B6-0-0.npy,20,1,car_accident
v=7QOdBpDrmKk__#00-03-00_00-04-09_label_B6-0-0,train,data/raw/xd-violence/data/swin_rgb/1005-2004/v=7QOdBpDrmKk__#00-03-00_00-04-09_label_B6-0-0.npy,26,1,car_accident
v=7QOdBpDrmKk__#00-04-10_00-06-09_label_B6-0-0,train,data/raw/xd-violence/data/swin_rgb/1005-2004/v=7QOdBpDrmKk__#00-04-10_00-06-09_label_B6-0-0.npy,45,1,car_accident
v=7QOdBpDrmKk__#00-06-10_00-07-19_label_B6-0-0,train,data/raw/xd-violence/data/swin_rgb/1005-2004/v=7QOdBpDrmKk__#00-06-10_00-07-19_label_B6-0-0.npy,26,1,car_accident
v=7QOdBpDrmKk__#00-07-22_00-08-19_label_B6-0-0,train,data/raw/xd-violence/data/swin_rgb/1005-2004/v=7QOdBpDrmKk__#00-07-22_00-08-19_label_B6-0-0.npy,22,1,car_accident
v=7QOdBpDrmKk__#00-08-35_00-10-25_label_B6-0-0,train,data/raw/xd-violence/data/swin_rgb/1005-2004/v=7QOdBpDrmKk__#00-08-35_00-10-25_label_B6-0-0.npy,42,1,car_accident
v=7QOdBpDrmKk__#00-11-00_00-12-45_label_B6-0-0,train,data/raw/xd-violence/data/swin_rgb/1005-2004/v=7QOdBpDrmKk__#00-11-00_00-12-45_label_B6-0-0.npy,40,1,car_accident
v=7QOdBpDrmKk__#00-13-00_00-14-09_label_B6-0-0,train,data/raw/xd-violence/data/swin_rgb/1005-2004/v=7QOdBpDrmKk__#00-13-00_00-14-09_label_B6-0-0.npy,26,1,car_accident
v=7QOdBpDrmKk__#00-14-10_00-14-49_label_B6-0-0,train,data/raw/xd-violence/data/swin_rgb/1005-2004/v=7QOdBpDrmKk__#00-14-10_00-14-49_label_B6-0-0.npy,15,1,car_accident
v=7Qw-QPZZrAk__#1_label_G-0-0,train,data/raw/xd-violence/data/swin_rgb/1005-2004/v=7Qw-QPZZrAk__#1_label_G-0-0.npy,11,1,explosion
v=7W1M7Pex4pk__#1_label_A,train,data/raw/xd-violence/data/swin_rgb/1005-2004/v=7W1M7Pex4pk__#1_label_A.npy,254,0,
v=7WO1qIXLan4__#1_label_B1-0-0,train,data/raw/xd-violence/data/swin_rgb/1005-2004/v=7WO1qIXLan4__#1_label_B1-0-0.npy,113,1,fighting
v=7WukOSs0n5c__#1_label_G-0-0,train,data/raw/xd-violence/data/swin_rgb/1005-2004/v=7WukOSs0n5c__#1_label_G-0-0.npy,17,1,explosion
v=7YvFzEgLiMk__#1_label_A,train,data/raw/xd-violence/data/swin_rgb/1005-2004/v=7YvFzEgLiMk__#1_label_A.npy,75,0,
v=7_1PfqGVSg0__#00-00-00_00-03-08_label_B2-G-0,train,data/raw/xd-violence/data/swin_rgb/1005-2004/v=7_1PfqGVSg0__#00-00-00_00-03-08_label_B2-G-0.npy,71,1,shooting|explosion
v=7_9OJnRnZjU__#1_label_B4-0-0,train,data/raw/xd-violence/data/swin_rgb/1005-2004/v=7_9OJnRnZjU__#1_label_B4-0-0.npy,88,1,riot
v=7bTAoATiuuc__#1_label_B4-0-0,train,data/raw/xd-violence/data/swin_rgb/1005-2004/v=7bTAoATiuuc__#1_label_B4-0-0.npy,34,1,riot
v=7elCHOJESNw__#1_label_A,train,data/raw/xd-violence/data/swin_rgb/1005-2004/v=7elCHOJESNw__#1_label_A.npy,42,0,
v=7hVEtcXXipo__#1_label_G-0-0,train,data/raw/xd-violence/data/swin_rgb/1005-2004/v=7hVEtcXXipo__#1_label_G-0-0.npy,32,1,explosion
v=7lqJYZhVzPE__#1_label_A,train,data/raw/xd-violence/data/swin_rgb/1005-2004/v=7lqJYZhVzPE__#1_label_A.npy,70,0,
v=7o0GnFD2yOg__#1_label_A,train,data/raw/xd-violence/data/swin_rgb/1005-2004/v=7o0GnFD2yOg__#1_label_A.npy,29,0,
v=7q46-34clh4__#1_label_B4-0-0,train,data/raw/xd-violence/data/swin_rgb/1005-2004/v=7q46-34clh4__#1_label_B4-0-0.npy,77,1,riot
v=7q4Yj0O9DXo__#1_label_B6-0-0,train,data/raw/xd-violence/data/swin_rgb/1005-2004/v=7q4Yj0O9DXo__#1_label_B6-0-0.npy,108,1,car_accident
v=7qY3sBNMqBQ__#1_label_A,train,data/raw/xd-violence/data/swin_rgb/1005-2004/v=7qY3sBNMqBQ__#1_label_A.npy,953,0,
v=7rDRFFSUrPI__#00-02-32_00-04-36_label_G-0-0,train,data/raw/xd-violence/data/swin_rgb/1005-2004/v=7rDRFFSUrPI__#00-02-32_00-04-36_label_G-0-0.npy,47,1,explosion
v=8DTMW08T3kw__#1_label_A,train,data/raw/xd-violence/data/swin_rgb/1005-2004/v=8DTMW08T3kw__#1_label_A.npy,59,0,
v=8J7jDfSBH0U__#1_label_A,train,data/raw/xd-violence/data/swin_rgb/1005-2004/v=8J7jDfSBH0U__#1_label_A.npy,65,0,
v=8My2FCJXno4__#1_label_A,train,data/raw/xd-violence/data/swin_rgb/1005-2004/v=8My2FCJXno4__#1_label_A.npy,75,0,
v=8OVQrU3C-Zw__#1_label_A,train,data/raw/xd-violence/data/swin_rgb/1005-2004/v=8OVQrU3C-Zw__#1_label_A.npy,25,0,
v=8PB-nyWvdgM__#1_label_B4-0-0,train,data/raw/xd-violence/data/swin_rgb/1005-2004/v=8PB-nyWvdgM__#1_label_B4-0-0.npy,35,1,riot
v=8RRnCEaQrqE__#1_label_A,train,data/raw/xd-violence/data/swin_rgb/1005-2004/v=8RRnCEaQrqE__#1_label_A.npy,86,0,
v=8TDaA_4tR-U__#1_label_B4-0-0,train,data/raw/xd-violence/data/swin_rgb/1005-2004/v=8TDaA_4tR-U__#1_label_B4-0-0.npy,78,1,riot
v=8UzJN4Z-_yQ__#1_label_A,train,data/raw/xd-violence/data/swin_rgb/1005-2004/v=8UzJN4Z-_yQ__#1_label_A.npy,32,0,
v=8VPI7etQP1U__#1_label_A,train,data/raw/xd-violence/data/swin_rgb/1005-2004/v=8VPI7etQP1U__#1_label_A.npy,68,0,
v=8dbxn1vb2k8__#1_label_A,train,data/raw/xd-violence/data/swin_rgb/1005-2004/v=8dbxn1vb2k8__#1_label_A.npy,32,0,
v=8j8dy47BXHk__#1_label_A,train,data/raw/xd-violence/data/swin_rgb/1005-2004/v=8j8dy47BXHk__#1_label_A.npy,74,0,
v=8jHXvaUbzHc__#1_label_A,train,data/raw/xd-violence/data/swin_rgb/1005-2004/v=8jHXvaUbzHc__#1_label_A.npy,76,0,
v=8lr4JyJjsOk__#1_label_A,train,data/raw/xd-violence/data/swin_rgb/1005-2004/v=8lr4JyJjsOk__#1_label_A.npy,95,0,
v=8lvtYiOiCQU__#1_label_B4-0-0,train,data/raw/xd-violence/data/swin_rgb/1005-2004/v=8lvtYiOiCQU__#1_label_B4-0-0.npy,75,1,riot
v=8pkJRBOjgd4__#1_label_A,train,data/raw/xd-violence/data/swin_rgb/1005-2004/v=8pkJRBOjgd4__#1_label_A.npy,66,0,
v=8teJmzR7Z18__#1_label_A,train,data/raw/xd-violence/data/swin_rgb/1005-2004/v=8teJmzR7Z18__#1_label_A.npy,6,0,
v=8trU2j9hUpw__#1_label_A,train,data/raw/xd-violence/data/swin_rgb/1005-2004/v=8trU2j9hUpw__#1_label_A.npy,12,0,
v=9_wk5nlx3pg__#1_label_B4-0-0,train,data/raw/xd-violence/data/swin_rgb/1005-2004/v=9_wk5nlx3pg__#1_label_B4-0-0.npy,50,1,riot
v=9eME1y6V-T4__#00-00-00_00-06-00_label_A,train,data/raw/xd-violence/data/swin_rgb/1005-2004/v=9eME1y6V-T4__#00-00-00_00-06-00_label_A.npy,136,0,
v=9eME1y6V-T4__#00-06-00_00-12-00_label_A,train,data/raw/xd-violence/data/swin_rgb/1005-2004/v=9eME1y6V-T4__#00-06-00_00-12-00_label_A.npy,136,0,
v=9eME1y6V-T4__#00-12-00_00-18-00_label_A,train,data/raw/xd-violence/data/swin_rgb/1005-2004/v=9eME1y6V-T4__#00-12-00_00-18-00_label_A.npy,136,0,
v=9eME1y6V-T4__#00-18-00_00-24-00_label_A,train,data/raw/xd-violence/data/swin_rgb/1005-2004/v=9eME1y6V-T4__#00-18-00_00-24-00_label_A.npy,136,0,
v=9eME1y6V-T4__#00-24-00_00-30-00_label_A,train,data/raw/xd-violence/data/swin_rgb/1005-2004/v=9eME1y6V-T4__#00-24-00_00-30-00_label_A.npy,136,0,
v=9eME1y6V-T4__#00-30-00_00-36-00_label_A,train,data/raw/xd-violence/data/swin_rgb/1005-2004/v=9eME1y6V-T4__#00-30-00_00-36-00_label_A.npy,136,0,
v=9eME1y6V-T4__#00-36-00_00-42-00_label_A,train,data/raw/xd-violence/data/swin_rgb/1005-2004/v=9eME1y6V-T4__#00-36-00_00-42-00_label_A.npy,136,0,
v=9eME1y6V-T4__#00-48-00_00-54-00_label_A,train,data/raw/xd-violence/data/swin_rgb/1005-2004/v=9eME1y6V-T4__#00-48-00_00-54-00_label_A.npy,136,0,
v=9eME1y6V-T4__#00-54-00_01-00-00_label_A,train,data/raw/xd-violence/data/swin_rgb/1005-2004/v=9eME1y6V-T4__#00-54-00_01-00-00_label_A.npy,136,0,
v=9eME1y6V-T4__#01-30-00_01-36-00_label_A,train,data/raw/xd-violence/data/swin_rgb/1005-2004/v=9eME1y6V-T4__#01-30-00_01-36-00_label_A.npy,136,0,
v=9eME1y6V-T4__#01-42-00_01-48-00_label_A,train,data/raw/xd-violence/data/swin_rgb/1005-2004/v=9eME1y6V-T4__#01-42-00_01-48-00_label_A.npy,136,0,
v=9eME1y6V-T4__#01-48-00_01-54-00_label_A,train,data/raw/xd-violence/data/swin_rgb/1005-2004/v=9eME1y6V-T4__#01-48-00_01-54-00_label_A.npy,136,0,
v=9eME1y6V-T4__#01-54-00_02-00-00_label_A,train,data/raw/xd-violence/data/swin_rgb/1005-2004/v=9eME1y6V-T4__#01-54-00_02-00-00_label_A.npy,136,0,
v=9eME1y6V-T4__#02-06-00_02-12-00_label_A,train,data/raw/xd-violence/data/swin_rgb/1005-2004/v=9eME1y6V-T4__#02-06-00_02-12-00_label_A.npy,136,0,
v=9eME1y6V-T4__#02-12-00_02-18-00_label_A,train,data/raw/xd-violence/data/swin_rgb/1005-2004/v=9eME1y6V-T4__#02-12-00_02-18-00_label_A.npy,136,0,
v=9eME1y6V-T4__#02-18-00_02-20-40_label_A,train,data/raw/xd-violence/data/swin_rgb/1005-2004/v=9eME1y6V-T4__#02-18-00_02-20-40_label_A.npy,61,0,
v=_1M_fvRJq18__#1_label_A,train,data/raw/xd-violence/data/swin_rgb/1005-2004/v=_1M_fvRJq18__#1_label_A.npy,72,0,
v=_4iymcn--Cw__#1_label_G-0-0,train,data/raw/xd-violence/data/swin_rgb/1005-2004/v=_4iymcn--Cw__#1_label_G-0-0.npy,12,1,explosion
v=_7WGxbsaeGs__#1_label_A,train,data/raw/xd-violence/data/swin_rgb/1005-2004/v=_7WGxbsaeGs__#1_label_A.npy,48,0,
v=_KuGizBjDXo__#1_label_G-0-0,train,data/raw/xd-violence/data/swin_rgb/1005-2004/v=_KuGizBjDXo__#1_label_G-0-0.npy,50,1,explosion
v=_UFEMMxxxH4__#1_label_A,train,data/raw/xd-violence/data/swin_rgb/1005-2004/v=_UFEMMxxxH4__#1_label_A.npy,37,0,
v=_VGsAbXOxQ8__#1_label_A,train,data/raw/xd-violence/data/swin_rgb/1005-2004/v=_VGsAbXOxQ8__#1_label_A.npy,1351,0,
v=_VaFbCLoh_A__#1_label_G-0-0,train,data/raw/xd-violence/data/swin_rgb/1005-2004/v=_VaFbCLoh_A__#1_label_G-0-0.npy,86,1,explosion
v=_YobflFU_HU__#00-00-00_00-00-51_label_B6-0-0,train,data/raw/xd-violence/data/swin_rgb/1005-2004/v=_YobflFU_HU__#00-00-00_00-00-51_label_B6-0-0.npy,20,1,car_accident
v=_YobflFU_HU__#00-01-00_00-02-45_label_B6-0-0,train,data/raw/xd-violence/data/swin_rgb/1005-2004/v=_YobflFU_HU__#00-01-00_00-02-45_label_B6-0-0.npy,40,1,car_accident
v=_YobflFU_HU__#00-03-00_00-04-09_label_B6-0-0,train,data/raw/xd-violence/data/swin_rgb/1005-2004/v=_YobflFU_HU__#00-03-00_00-04-09_label_B6-0-0.npy,26,1,car_accident
v=_YobflFU_HU__#00-04-10_00-06-09_label_B6-0-0,train,data/raw/xd-violence/data/swin_rgb/1005-2004/v=_YobflFU_HU__#00-04-10_00-06-09_label_B6-0-0.npy,45,1,car_accident
v=_YobflFU_HU__#00-09-00_00-10-49_label_B6-0-0,train,data/raw/xd-violence/data/swin_rgb/1005-2004/v=_YobflFU_HU__#00-09-00_00-10-49_label_B6-0-0.npy,41,1,car_accident
v=_Z_ijjCZnBg__#1_label_B1-0-0,train,data/raw/xd-violence/data/swin_rgb/1005-2004/v=_Z_ijjCZnBg__#1_label_B1-0-0.npy,24,1,fighting
v=_afU5OF2Uzg__#1_label_B4-0-0,train,data/raw/xd-violence/data/swin_rgb/1005-2004/v=_afU5OF2Uzg__#1_label_B4-0-0.npy,24,1,riot
v=_d4P8xdrmvQ__#1_label_A,train,data/raw/xd-violence/data/swin_rgb/1005-2004/v=_d4P8xdrmvQ__#1_label_A.npy,81,0,
v=_f2LLG_CPRQ__#1_label_A,train,data/raw/xd-violence/data/swin_rgb/1005-2004/v=_f2LLG_CPRQ__#1_label_A.npy,273,0,
v=_iS0bZrdgSo__#1_label_A,train,data/raw/xd-violence/data/swin_rgb/1005-2004/v=_iS0bZrdgSo__#1_label_A.npy,53,0,
v=_jCpBH5zehI__#1_label_A,train,data/raw/xd-violence/data/swin_rgb/1005-2004/v=_jCpBH5zehI__#1_label_A.npy,119,0,
